DEPTH = 16384;
WIDTH = 32;
ADDRESS_RADIX = HEX;
DATA_RADIX = HEX;
CONTENT BEGIN
    0000 : B2B2B2B2;
    0001 : B1B2B2B3;
    0002 : B2B2B2B2;
    0003 : B1B2B2B2;
    0004 : B0B0B0B0;
    0005 : B0B0B0B0;
    0006 : B1B0B0B1;
    0007 : B1B1B1B1;
    0008 : B1B1B1B1;
    0009 : B1B1B0B0;
    000A : B1B1B1B1;
    000B : B1B1B1B1;
    000C : B3B3B1B1;
    000D : B2B2B2B2;
    000E : B2B2B2B2;
    000F : B1B1B1B1;
    0010 : B2B2B2B2;
    0011 : B2B2B2B2;
    0012 : B2B2B2B2;
    0013 : B1B2B2B3;
    0014 : B1B1B2B2;
    0015 : B2B2B2B2;
    0016 : B0B0B1B1;
    0017 : B0B0B0B0;
    0018 : B1B0B0B0;
    0019 : B1B1B1B1;
    001A : B0B0B0B0;
    001B : B0B0B0B0;
    001C : B0B0B0B0;
    001D : B0B0B0B0;
    001E : B1B1B1B1;
    001F : B1B0B0B1;
    0020 : B2B2B2B2;
    0021 : B2B1B1B2;
    0022 : B2B2B2B2;
    0023 : B2B2B2B2;
    0024 : B3B2B2B2;
    0025 : B3B3B3B3;
    0026 : B3B3B3B3;
    0027 : B4B4B4B4;
    0028 : B5B5B5B5;
    0029 : B6B5B5B5;
    002A : B5B5B5B5;
    002B : B6B6B6B6;
    002C : B6B6B6B6;
    002D : B7B7B6B6;
    002E : B7B7B7B7;
    002F : B8B7B7B7;
    0030 : B8B8B8B8;
    0031 : B8B8B8B8;
    0032 : B8B8B8B8;
    0033 : B8B8B8B8;
    0034 : B9B9B9B9;
    0035 : B9B9B9B9;
    0036 : BABAB9B9;
    0037 : BBBBBBBB;
    0038 : BBBBBBBB;
    0039 : BCBCBBBB;
    003A : BCBBBBBC;
    003B : BCBCBCBC;
    003C : BCBCBCBC;
    003D : BCBCBCBC;
    003E : BDBDBDBD;
    003F : BDBDBDBD;
    0040 : B2B2B2B2;
    0041 : B2B2B2B2;
    0042 : B2B2B2B2;
    0043 : B1B2B2B2;
    0044 : B1B0B0B1;
    0045 : B0B0B0B0;
    0046 : B0AFAFB0;
    0047 : B1B1B1B1;
    0048 : B1B1B1B1;
    0049 : B1B1B1B1;
    004A : B1B1B1B1;
    004B : B2B2B2B2;
    004C : B1B1B1B1;
    004D : B1B1B1B1;
    004E : B2B2B2B2;
    004F : B2B2B2B2;
    0050 : B3B3B3B3;
    0051 : B3B3B3B3;
    0052 : B3B3B3B3;
    0053 : B2B2B3B3;
    0054 : B1B1B2B2;
    0055 : B2B2B2B2;
    0056 : AFAFB0B1;
    0057 : B0B0B0B0;
    0058 : B1B0B0B0;
    0059 : B1B1B1B1;
    005A : B0B0B0B0;
    005B : B0B0B0B0;
    005C : B0B0B0B0;
    005D : B0B0B0B0;
    005E : B1B1B1B1;
    005F : B1B1B1B1;
    0060 : B2B2B2B2;
    0061 : B2B1B1B2;
    0062 : B2B2B2B2;
    0063 : B3B3B2B2;
    0064 : B3B3B2B2;
    0065 : B3B3B3B3;
    0066 : B3B3B3B3;
    0067 : B4B4B4B4;
    0068 : B5B5B5B5;
    0069 : B6B5B5B5;
    006A : B5B5B5B5;
    006B : B6B6B6B6;
    006C : B6B6B6B6;
    006D : B7B7B6B6;
    006E : B7B7B7B7;
    006F : B8B7B7B7;
    0070 : B8B8B8B8;
    0071 : B8B8B8B8;
    0072 : B8B8B8B8;
    0073 : B8B8B8B8;
    0074 : B9BABAB9;
    0075 : B9B9B9B9;
    0076 : BABABAB9;
    0077 : BBBBBBBB;
    0078 : BBBBBBBB;
    0079 : BCBCBBBB;
    007A : BCBBBBBC;
    007B : BCBCBCBC;
    007C : BCBCBCBC;
    007D : BCBCBCBC;
    007E : BDBDBDBD;
    007F : BDBDBDBD;
    0080 : B2B2B2B2;
    0081 : B2B2B2B2;
    0082 : B2B2B2B2;
    0083 : B1B2B2B2;
    0084 : B1B1B1B1;
    0085 : B0B0B1B1;
    0086 : B0AFAFB0;
    0087 : B1B1B1B1;
    0088 : B2B2B2B2;
    0089 : B2B2B1B1;
    008A : B2B2B2B2;
    008B : B2B2B2B2;
    008C : B1B1B2B3;
    008D : B2B2B2B2;
    008E : B3B3B3B3;
    008F : B3B3B3B3;
    0090 : B4B4B4B4;
    0091 : B4B4B4B4;
    0092 : B4B4B4B4;
    0093 : B4B4B4B4;
    0094 : B2B2B3B3;
    0095 : B2B2B2B2;
    0096 : AFAFB0B1;
    0097 : B0B0B0B0;
    0098 : B1B0B0B0;
    0099 : B1B1B1B1;
    009A : B1B1B1B1;
    009B : B1B1B1B1;
    009C : B0B0B0B0;
    009D : B1B1B1B1;
    009E : B2B2B2B2;
    009F : B1B2B2B1;
    00A0 : B2B2B2B2;
    00A1 : B3B2B2B3;
    00A2 : B2B2B2B2;
    00A3 : B3B3B3B3;
    00A4 : B4B3B2B2;
    00A5 : B3B3B4B4;
    00A6 : B4B4B4B4;
    00A7 : B5B5B5B5;
    00A8 : B5B5B5B5;
    00A9 : B6B5B5B5;
    00AA : B6B6B6B6;
    00AB : B7B7B7B7;
    00AC : B7B7B7B7;
    00AD : B8B8B7B7;
    00AE : B8B8B8B8;
    00AF : B9B7B7B8;
    00B0 : B9B9B9B9;
    00B1 : B9B9B9B9;
    00B2 : B9B9B9B9;
    00B3 : B9B9B9B9;
    00B4 : BABABABA;
    00B5 : BABABABA;
    00B6 : BBBBBABA;
    00B7 : BBBBBBBB;
    00B8 : BCBCBCBC;
    00B9 : BCBBBBBB;
    00BA : BDBCBCBD;
    00BB : BCBCBCBC;
    00BC : BDBDBDBD;
    00BD : BDBDBDBD;
    00BE : BEBEBEBE;
    00BF : BEBEBEBE;
    00C0 : B2B2B2B2;
    00C1 : B3B2B2B1;
    00C2 : B2B2B2B2;
    00C3 : B1B2B2B2;
    00C4 : B2B1B1B2;
    00C5 : B1B1B1B1;
    00C6 : B1B0B0B1;
    00C7 : B1B1B1B1;
    00C8 : B2B2B2B2;
    00C9 : B3B2B2B2;
    00CA : B2B2B2B2;
    00CB : B3B3B3B3;
    00CC : B3B3B3B4;
    00CD : B3B3B3B3;
    00CE : B3B3B3B3;
    00CF : B4B4B4B4;
    00D0 : B4B4B4B4;
    00D1 : B5B5B5B5;
    00D2 : B5B5B4B4;
    00D3 : B4B5B5B5;
    00D4 : B2B2B3B3;
    00D5 : B2B2B2B2;
    00D6 : B0B0B1B2;
    00D7 : B0B0B0B0;
    00D8 : B1B0B0B0;
    00D9 : B1B1B1B1;
    00DA : B1B1B1B1;
    00DB : B1B1B1B1;
    00DC : B0B0B0B0;
    00DD : B2B2B2B2;
    00DE : B2B2B2B2;
    00DF : B2B3B3B2;
    00E0 : B2B2B2B2;
    00E1 : B3B2B2B3;
    00E2 : B2B2B2B2;
    00E3 : B4B4B3B3;
    00E4 : B4B4B3B3;
    00E5 : B4B4B4B4;
    00E6 : B5B5B5B5;
    00E7 : B5B5B5B5;
    00E8 : B5B5B5B5;
    00E9 : B6B5B5B5;
    00EA : B6B6B6B6;
    00EB : B7B7B7B7;
    00EC : B7B7B7B7;
    00ED : B8B8B8B7;
    00EE : B8B8B8B8;
    00EF : B9B8B8B8;
    00F0 : B9B9B9B9;
    00F1 : B9B9B9B9;
    00F2 : BABABABA;
    00F3 : BABABABA;
    00F4 : BABBBBBA;
    00F5 : BABABABA;
    00F6 : BBBBBBBA;
    00F7 : BBBBBBBB;
    00F8 : BCBCBCBC;
    00F9 : BCBBBBBB;
    00FA : BDBCBCBD;
    00FB : BCBCBCBC;
    00FC : BDBDBDBD;
    00FD : BDBDBDBD;
    00FE : BEBEBEBE;
    00FF : BEBEBEBE;
    0100 : B2B2B2B2;
    0101 : B2B2B2B2;
    0102 : B2B2B2B2;
    0103 : B2B2B2B2;
    0104 : B1B1B1B1;
    0105 : B2B2B1B1;
    0106 : B2B1B1B2;
    0107 : B2B2B2B2;
    0108 : B2B2B2B2;
    0109 : B3B2B2B2;
    010A : B4B4B3B3;
    010B : B3B3B3B3;
    010C : B4B4B4B3;
    010D : B4B4B4B4;
    010E : B4B4B4B4;
    010F : B5B5B5B5;
    0110 : B5B5B5B5;
    0111 : B5B5B5B5;
    0112 : B5B5B4B4;
    0113 : B5B5B4B4;
    0114 : B3B3B4B4;
    0115 : B2B2B2B2;
    0116 : B0B0B2B2;
    0117 : B0B0B0B0;
    0118 : B0B0B0B0;
    0119 : B0B0B0B1;
    011A : B1B1B1B1;
    011B : B1B1B1B1;
    011C : B2B2B2B2;
    011D : B1B1B1B1;
    011E : B2B2B2B2;
    011F : B2B3B3B2;
    0120 : B3B3B3B3;
    0121 : B3B2B2B3;
    0122 : B2B3B3B2;
    0123 : B4B4B4B3;
    0124 : B4B4B4B4;
    0125 : B5B5B4B4;
    0126 : B6B6B6B6;
    0127 : B5B5B5B5;
    0128 : B6B6B6B6;
    0129 : B6B6B6B6;
    012A : B7B7B7B7;
    012B : B7B7B7B7;
    012C : B8B8B8B8;
    012D : B8B8B8B8;
    012E : B9B9B8B8;
    012F : B9B9B9B8;
    0130 : BABABABA;
    0131 : BABABABA;
    0132 : BABABABA;
    0133 : BABABABA;
    0134 : BABBBBBA;
    0135 : BBBBBBBB;
    0136 : BBBBBABA;
    0137 : BBBBBBBB;
    0138 : BCBCBCBC;
    0139 : BCBCBCBC;
    013A : BDBDBDBD;
    013B : BDBDBCBC;
    013C : BDBDBDBD;
    013D : BDBDBDBD;
    013E : BEBEBEBD;
    013F : BFBFBFBF;
    0140 : B3B3B3B3;
    0141 : B2B2B2B2;
    0142 : B3B3B3B3;
    0143 : B2B2B2B2;
    0144 : B1B1B1B1;
    0145 : B2B2B1B1;
    0146 : B2B1B1B2;
    0147 : B2B2B2B2;
    0148 : B1B1B1B1;
    0149 : B3B2B2B2;
    014A : B4B4B3B3;
    014B : B4B4B4B4;
    014C : B5B5B4B4;
    014D : B5B5B5B5;
    014E : B4B4B4B4;
    014F : B5B5B5B5;
    0150 : B5B5B5B5;
    0151 : B4B4B4B4;
    0152 : B5B5B4B4;
    0153 : B4B3B4B4;
    0154 : B4B4B4B5;
    0155 : B2B2B2B2;
    0156 : B1B1B2B2;
    0157 : B0B0B0B0;
    0158 : B0B0B0B0;
    0159 : B1B1B0B0;
    015A : B1B1B1B1;
    015B : B0B1B2B2;
    015C : B2B0B0B2;
    015D : B2B2B2B2;
    015E : B2B2B2B2;
    015F : B2B2B2B2;
    0160 : B3B3B3B3;
    0161 : B4B3B3B3;
    0162 : B3B4B4B3;
    0163 : B5B5B4B4;
    0164 : B4B4B4B4;
    0165 : B6B5B5B5;
    0166 : B6B6B6B6;
    0167 : B6B6B6B6;
    0168 : B6B6B6B6;
    0169 : B7B7B7B7;
    016A : B7B7B7B7;
    016B : B8B8B8B8;
    016C : B8B8B8B8;
    016D : B8B8B8B8;
    016E : B9B9B9B8;
    016F : BABAB9B9;
    0170 : BABABABA;
    0171 : BABABABA;
    0172 : BBBBBBBB;
    0173 : BBBBBBBB;
    0174 : BABBBBBA;
    0175 : BBBBBBBB;
    0176 : BCBCBBBB;
    0177 : BCBCBCBC;
    0178 : BDBDBCBC;
    0179 : BDBDBDBD;
    017A : BDBDBDBD;
    017B : BEBDBDBD;
    017C : BEBEBEBE;
    017D : BEBEBEBE;
    017E : BFBFBEBE;
    017F : BFBFBFBF;
    0180 : B3B3B3B3;
    0181 : B2B2B2B2;
    0182 : B1B2B2B1;
    0183 : B2B2B2B2;
    0184 : B1B1B1B1;
    0185 : B2B2B1B1;
    0186 : B2B1B1B2;
    0187 : B2B2B2B2;
    0188 : B1B1B1B1;
    0189 : B3B2B2B2;
    018A : B4B4B3B3;
    018B : B4B4B4B4;
    018C : B5B5B5B4;
    018D : B4B4B4B4;
    018E : B5B5B5B5;
    018F : B5B5B5B5;
    0190 : B6B6B6B6;
    0191 : B4B4B4B4;
    0192 : B5B5B4B4;
    0193 : B4B4B5B5;
    0194 : B3B4B4B4;
    0195 : B2B2B2B2;
    0196 : B2B3B2B3;
    0197 : B1B1B1B1;
    0198 : B1B1B1B1;
    0199 : B2B1B0B1;
    019A : B2B2B2B2;
    019B : B0B1B2B3;
    019C : B1AFAFB1;
    019D : B2B2B2B2;
    019E : B2B2B2B2;
    019F : B2B2B2B2;
    01A0 : B4B4B4B4;
    01A1 : B4B3B3B4;
    01A2 : B3B4B4B3;
    01A3 : B5B5B5B4;
    01A4 : B5B5B5B5;
    01A5 : B6B6B5B5;
    01A6 : B6B6B6B6;
    01A7 : B6B6B6B6;
    01A8 : B7B7B7B7;
    01A9 : B7B7B7B7;
    01AA : B7B7B7B7;
    01AB : B8B8B8B8;
    01AC : B8B8B8B8;
    01AD : B8B8B8B8;
    01AE : BABAB9B9;
    01AF : BABABAB9;
    01B0 : BBBABABB;
    01B1 : BBBBBBBB;
    01B2 : BBBBBBBB;
    01B3 : BBBBBBBB;
    01B4 : BBBCBCBB;
    01B5 : BCBCBCBC;
    01B6 : BCBCBBBB;
    01B7 : BCBCBCBC;
    01B8 : BDBDBDBD;
    01B9 : BDBDBDBD;
    01BA : BEBEBEBE;
    01BB : BEBEBDBD;
    01BC : BEBEBEBE;
    01BD : BEBEBEBE;
    01BE : BFBFBFBE;
    01BF : BFBFBFBF;
    01C0 : B2B2B2B2;
    01C1 : B2B2B2B2;
    01C2 : B2B2B2B2;
    01C3 : B2B2B2B2;
    01C4 : B1B1B1B1;
    01C5 : B2B2B1B1;
    01C6 : B2B1B1B2;
    01C7 : B2B2B2B2;
    01C8 : B3B3B3B3;
    01C9 : B3B2B2B2;
    01CA : B4B3B3B3;
    01CB : B5B5B5B5;
    01CC : B6B5B5B5;
    01CD : B5B5B5B5;
    01CE : B5B5B5B5;
    01CF : B5B5B5B5;
    01D0 : B6B6B6B6;
    01D1 : B5B5B5B5;
    01D2 : B5B5B4B4;
    01D3 : B6B6B5B5;
    01D4 : B4B4B5B5;
    01D5 : B4B4B4B4;
    01D6 : B4B4B3B3;
    01D7 : B3B3B3B3;
    01D8 : B2B2B2B2;
    01D9 : B1B1B1B2;
    01DA : B2B2B2B2;
    01DB : B1B1B1B1;
    01DC : B2B2B2B2;
    01DD : B3B3B3B3;
    01DE : B4B4B4B4;
    01DF : B4B4B4B4;
    01E0 : B4B4B4B4;
    01E1 : B5B4B3B4;
    01E2 : B4B4B4B4;
    01E3 : B6B5B5B5;
    01E4 : B5B5B5B5;
    01E5 : B6B6B6B5;
    01E6 : B6B6B6B6;
    01E7 : B6B6B6B6;
    01E8 : B7B7B7B7;
    01E9 : B8B8B8B8;
    01EA : B7B7B7B7;
    01EB : B8B8B8B8;
    01EC : B8B8B8B8;
    01ED : B8B8B8B8;
    01EE : BABAB9B9;
    01EF : BBBABABA;
    01F0 : BBBBBBBB;
    01F1 : BBBBBBBB;
    01F2 : BBBBBBBB;
    01F3 : BBBBBBBB;
    01F4 : BBBCBCBB;
    01F5 : BCBCBCBC;
    01F6 : BDBCBCBC;
    01F7 : BDBDBDBD;
    01F8 : BEBEBDBD;
    01F9 : BDBDBDBD;
    01FA : BEBEBEBE;
    01FB : BEBEBEBD;
    01FC : BFBFBFBF;
    01FD : BFBEBFBF;
    01FE : C0BFBFBF;
    01FF : C0C0C0C0;
    0200 : B2B2B3B3;
    0201 : B2B2B2B2;
    0202 : B2B2B2B2;
    0203 : B1B2B2B2;
    0204 : B2B2B2B1;
    0205 : B2B2B2B2;
    0206 : B2B1B1B2;
    0207 : B3B3B3B3;
    0208 : B4B4B4B4;
    0209 : B3B3B3B3;
    020A : B4B3B3B3;
    020B : B6B5B5B5;
    020C : B5B5B5B5;
    020D : B6B6B6B5;
    020E : B6B6B6B6;
    020F : B5B5B6B6;
    0210 : B5B5B5B5;
    0211 : B5B5B5B5;
    0212 : B5B5B5B5;
    0213 : B6B6B6B5;
    0214 : B5B5B5B6;
    0215 : B5B5B5B5;
    0216 : B5B5B5B5;
    0217 : B4B4B4B4;
    0218 : B5B5B5B5;
    0219 : B2B2B2B2;
    021A : B2B2B2B2;
    021B : B3B3B3B2;
    021C : B3B3B3B3;
    021D : B4B4B3B3;
    021E : B4B4B4B4;
    021F : B5B5B5B5;
    0220 : B4B4B4B4;
    0221 : B5B5B4B4;
    0222 : B6B5B5B5;
    0223 : B6B6B6B6;
    0224 : B6B6B5B5;
    0225 : B6B7B7B6;
    0226 : B6B6B6B6;
    0227 : B6B6B6B6;
    0228 : B7B7B7B7;
    0229 : B8B8B8B7;
    022A : B8B8B8B8;
    022B : B9B9B9B9;
    022C : B9B9B9B9;
    022D : BABAB9B9;
    022E : BABABABA;
    022F : BABABABA;
    0230 : BBBCBCBB;
    0231 : BBBBBABA;
    0232 : BCBCBCBC;
    0233 : BCBCBCBC;
    0234 : BBBBBBBB;
    0235 : BDBDBDBD;
    0236 : BEBDBDBD;
    0237 : BDBDBDBD;
    0238 : BEBEBEBD;
    0239 : BEBEBEBE;
    023A : BEBEBEBE;
    023B : BEBEBEBE;
    023C : BFBFBFBF;
    023D : C0BFBFBF;
    023E : C0C0C0C0;
    023F : C0C0C0C0;
    0240 : B2B2B3B3;
    0241 : B3B3B3B3;
    0242 : B3B2B2B3;
    0243 : B3B3B3B4;
    0244 : B3B3B2B3;
    0245 : B3B3B3B3;
    0246 : B3B2B2B3;
    0247 : B4B4B4B4;
    0248 : B5B5B5B5;
    0249 : B5B5B5B5;
    024A : B5B5B4B4;
    024B : B6B5B5B5;
    024C : B6B6B6B6;
    024D : B6B6B5B5;
    024E : B6B6B6B6;
    024F : B5B6B6B6;
    0250 : B6B6B6B6;
    0251 : B5B5B5B5;
    0252 : B5B5B5B5;
    0253 : B6B6B6B5;
    0254 : B5B5B5B6;
    0255 : B5B5B5B5;
    0256 : B5B5B5B5;
    0257 : B4B4B4B4;
    0258 : B5B5B5B5;
    0259 : B4B4B4B4;
    025A : B3B3B3B3;
    025B : B4B4B4B4;
    025C : B3B3B3B3;
    025D : B4B4B4B3;
    025E : B4B4B4B4;
    025F : B5B5B5B5;
    0260 : B4B4B4B4;
    0261 : B5B5B5B5;
    0262 : B6B6B5B5;
    0263 : B6B6B6B6;
    0264 : B7B7B6B6;
    0265 : B7B7B7B7;
    0266 : B7B7B7B7;
    0267 : B7B7B7B7;
    0268 : B8B8B8B8;
    0269 : B9B8B8B7;
    026A : B9B9B9B9;
    026B : B9B9B9B9;
    026C : B9B9B9B9;
    026D : BBBABABA;
    026E : BBBBBBBB;
    026F : BABBBBBB;
    0270 : BBBCBCBB;
    0271 : BCBCBBBB;
    0272 : BBBBBBBB;
    0273 : BDBDBDBD;
    0274 : BCBCBCBC;
    0275 : BDBDBDBD;
    0276 : BEBEBEBD;
    0277 : BEBEBEBE;
    0278 : BFBFBEBE;
    0279 : BEBEBEBE;
    027A : BEBEBEBE;
    027B : BEBEBEBE;
    027C : C0C0C0C0;
    027D : C0C0BFBF;
    027E : C0C0C0C0;
    027F : C0C0C0C0;
    0280 : B3B3B4B4;
    0281 : B4B4B4B4;
    0282 : B4B3B3B4;
    0283 : B4B4B4B5;
    0284 : B4B4B3B4;
    0285 : B3B3B3B3;
    0286 : B4B3B3B4;
    0287 : B5B5B5B5;
    0288 : B5B5B5B5;
    0289 : B5B5B5B5;
    028A : B5B5B4B4;
    028B : B6B5B5B5;
    028C : B6B6B6B6;
    028D : B6B6B5B5;
    028E : B6B6B6B6;
    028F : B5B5B6B6;
    0290 : B6B6B6B6;
    0291 : B5B5B5B5;
    0292 : B5B5B5B5;
    0293 : B6B6B6B5;
    0294 : B5B5B5B6;
    0295 : B5B5B5B5;
    0296 : B5B5B5B5;
    0297 : B5B5B5B5;
    0298 : B5B5B5B5;
    0299 : B5B5B5B5;
    029A : B4B4B4B4;
    029B : B3B3B3B3;
    029C : B4B4B4B4;
    029D : B5B5B4B4;
    029E : B5B5B5B5;
    029F : B5B5B5B5;
    02A0 : B5B5B5B5;
    02A1 : B6B6B5B5;
    02A2 : B7B6B6B6;
    02A3 : B7B7B7B7;
    02A4 : B7B7B6B6;
    02A5 : B7B8B8B7;
    02A6 : B7B7B7B7;
    02A7 : B7B7B7B7;
    02A8 : B8B8B8B8;
    02A9 : B9B9B9B8;
    02AA : B9B9B9B9;
    02AB : BABABABA;
    02AC : BABABABA;
    02AD : BBBBBABA;
    02AE : BBBBBBBB;
    02AF : BBBBBBBB;
    02B0 : BBBCBCBB;
    02B1 : BCBCBCBB;
    02B2 : BCBCBCBC;
    02B3 : BDBDBDBD;
    02B4 : BDBDBDBD;
    02B5 : BEBEBEBE;
    02B6 : BFBFBEBE;
    02B7 : BEBEBEBE;
    02B8 : BFBFBFBE;
    02B9 : BFBFBFBF;
    02BA : BFBFBFBF;
    02BB : C0C0C0C0;
    02BC : C0C0C0C0;
    02BD : C1C0C0C0;
    02BE : C0C0C0C0;
    02BF : C1C1C1C1;
    02C0 : B4B5B5B5;
    02C1 : B5B5B5B5;
    02C2 : B5B4B4B5;
    02C3 : B4B3B4B5;
    02C4 : B5B5B5B4;
    02C5 : B4B4B4B4;
    02C6 : B5B4B4B5;
    02C7 : B6B6B6B6;
    02C8 : B5B5B5B5;
    02C9 : B3B3B3B4;
    02CA : B4B4B3B3;
    02CB : B6B5B5B5;
    02CC : B5B5B5B5;
    02CD : B6B6B6B5;
    02CE : B5B5B5B5;
    02CF : B4B4B5B5;
    02D0 : B5B4B4B4;
    02D1 : B5B5B5B5;
    02D2 : B5B5B5B5;
    02D3 : B6B6B6B5;
    02D4 : B5B5B5B6;
    02D5 : B5B5B5B5;
    02D6 : B5B5B5B5;
    02D7 : B5B5B5B5;
    02D8 : B5B5B5B5;
    02D9 : B5B5B5B5;
    02DA : B4B4B5B5;
    02DB : B4B4B4B4;
    02DC : B4B4B4B4;
    02DD : B5B5B4B4;
    02DE : B5B5B5B5;
    02DF : B5B5B5B5;
    02E0 : B5B5B5B5;
    02E1 : B6B6B6B5;
    02E2 : B7B7B6B6;
    02E3 : B7B7B7B7;
    02E4 : B7B7B7B7;
    02E5 : B7B8B8B7;
    02E6 : B8B8B8B8;
    02E7 : B8B8B8B8;
    02E8 : B8B8B8B8;
    02E9 : B9B9B9B8;
    02EA : B9B9B9B9;
    02EB : BABABABA;
    02EC : BABABABA;
    02ED : BBBBBBBA;
    02EE : BBBBBBBB;
    02EF : BBBBBBBB;
    02F0 : BBBCBCBB;
    02F1 : BCBCBCBB;
    02F2 : BDBDBDBD;
    02F3 : BDBDBDBD;
    02F4 : BEBEBEBE;
    02F5 : BEBEBEBE;
    02F6 : BFBFBEBE;
    02F7 : BFBFBFBF;
    02F8 : C0BFBFBF;
    02F9 : BFBFBFBF;
    02FA : BFBFBFBF;
    02FB : C0C0C0C0;
    02FC : C0C0C0C0;
    02FD : C1C1C0C0;
    02FE : C0C0C0C0;
    02FF : C1C1C1C1;
    0300 : B5B5B5B5;
    0301 : B5B5B5B5;
    0302 : B5B5B5B6;
    0303 : B4B4B4B5;
    0304 : B6B6B6B6;
    0305 : B5B5B5B5;
    0306 : B5B5B5B5;
    0307 : B5B5B5B5;
    0308 : B3B4B4B4;
    0309 : B3B3B3B4;
    030A : B4B4B4B4;
    030B : B5B5B5B5;
    030C : B4B4B4B4;
    030D : B5B5B5B5;
    030E : B5B5B5B5;
    030F : B4B4B4B4;
    0310 : B5B4B3B4;
    0311 : B5B5B4B4;
    0312 : B5B5B5B5;
    0313 : B6B6B6B5;
    0314 : B5B5B5B6;
    0315 : B4B4B5B5;
    0316 : B5B5B5B5;
    0317 : B6B6B6B6;
    0318 : B5B6B6B5;
    0319 : B6B6B6B5;
    031A : B6B6B6B6;
    031B : B5B5B5B6;
    031C : B4B4B4B4;
    031D : B5B5B5B5;
    031E : B6B5B5B5;
    031F : B6B5B5B5;
    0320 : B6B6B6B6;
    0321 : B6B6B6B6;
    0322 : B6B6B6B6;
    0323 : B7B7B6B6;
    0324 : B7B7B7B7;
    0325 : B7B7B7B7;
    0326 : B8B8B8B8;
    0327 : B8B8B8B8;
    0328 : B8B8B8B8;
    0329 : B9B9B9B9;
    032A : BABABABA;
    032B : BABABABA;
    032C : BBBBBBBA;
    032D : BBBBBBBB;
    032E : BBBBBBBB;
    032F : BBBBBBBB;
    0330 : BCBCBBBB;
    0331 : BDBCBCBC;
    0332 : BEBEBDBD;
    0333 : BEBEBDBD;
    0334 : BEBEBEBE;
    0335 : BEBEBEBE;
    0336 : BFBFBEBE;
    0337 : BFBFBFBF;
    0338 : C0C0C0BF;
    0339 : C0C0C0C0;
    033A : C0C0C0C0;
    033B : C0C0C0C0;
    033C : C1C1C1C1;
    033D : C0C0C0C0;
    033E : C1C1C1C1;
    033F : C1C1C1C1;
    0340 : B5B5B5B5;
    0341 : B5B5B5B5;
    0342 : B4B5B5B5;
    0343 : B4B4B4B4;
    0344 : B5B5B5B5;
    0345 : B5B5B5B5;
    0346 : B5B5B5B5;
    0347 : B4B4B4B4;
    0348 : B3B4B4B4;
    0349 : B3B3B3B4;
    034A : B4B4B4B4;
    034B : B4B4B4B4;
    034C : B4B4B4B4;
    034D : B3B3B5B5;
    034E : B5B5B5B5;
    034F : B4B4B4B4;
    0350 : B5B4B3B4;
    0351 : B6B5B4B4;
    0352 : B6B6B6B6;
    0353 : B7B7B6B6;
    0354 : B5B6B6B6;
    0355 : B4B4B5B6;
    0356 : B5B5B5B5;
    0357 : B6B6B6B6;
    0358 : B7B7B6B5;
    0359 : B7B7B6B6;
    035A : B8B7B7B7;
    035B : B5B6B6B7;
    035C : B5B5B5B5;
    035D : B6B6B6B6;
    035E : B6B6B5B5;
    035F : B6B5B5B6;
    0360 : B6B6B6B6;
    0361 : B6B6B6B6;
    0362 : B7B7B7B7;
    0363 : B7B7B6B6;
    0364 : B7B8B8B8;
    0365 : B8B7B7B8;
    0366 : B8B8B8B8;
    0367 : B9B9B9B9;
    0368 : B9B9B9B9;
    0369 : B9B9B9B9;
    036A : BABABABA;
    036B : BBBBBBBB;
    036C : BCBCBBBB;
    036D : BCBCBCBC;
    036E : BBBBBBBB;
    036F : BBBBBBBB;
    0370 : BCBCBBBB;
    0371 : BDBDBCBC;
    0372 : BEBEBDBD;
    0373 : BEBDBDBD;
    0374 : BEBEBEBE;
    0375 : BEBEBEBE;
    0376 : C0BFBFBF;
    0377 : C0C0C0C0;
    0378 : C1C1C0C0;
    0379 : C0C0C0C0;
    037A : C0C0C0C0;
    037B : C1C1C1C1;
    037C : C1C1C1C1;
    037D : C1C1C1C1;
    037E : C2C2C1C1;
    037F : C2C2C2C2;
    0380 : B4B4B4B4;
    0381 : B5B5B5B5;
    0382 : B4B4B4B5;
    0383 : B4B4B4B4;
    0384 : B4B4B4B4;
    0385 : B4B4B4B4;
    0386 : B4B4B4B4;
    0387 : B3B3B3B3;
    0388 : B3B4B4B4;
    0389 : B3B3B3B4;
    038A : B3B3B3B3;
    038B : B4B4B4B4;
    038C : B4B4B4B4;
    038D : B3B3B4B4;
    038E : B3B3B3B3;
    038F : B3B4B4B4;
    0390 : B5B4B3B4;
    0391 : B6B6B5B5;
    0392 : B6B6B6B6;
    0393 : B7B7B6B6;
    0394 : B7B7B7B8;
    0395 : B5B5B6B6;
    0396 : B6B6B6B6;
    0397 : B6B6B6B6;
    0398 : B7B7B6B7;
    0399 : B7B7B6B6;
    039A : B8B8B8B7;
    039B : B7B7B7B8;
    039C : B6B6B6B6;
    039D : B6B6B6B6;
    039E : B7B6B6B6;
    039F : B7B6B5B6;
    03A0 : B6B6B6B6;
    03A1 : B7B7B7B7;
    03A2 : B7B7B7B7;
    03A3 : B7B7B8B8;
    03A4 : B8B8B8B8;
    03A5 : B8B8B8B8;
    03A6 : B8B8B8B9;
    03A7 : B9B9B9B9;
    03A8 : B9B9B9B9;
    03A9 : B9B9B9B9;
    03AA : BBBBBBBB;
    03AB : BBBBBBBB;
    03AC : BCBCBCBB;
    03AD : BCBCBCBC;
    03AE : BCBCBCBC;
    03AF : BCBCBCBC;
    03B0 : BDBDBCBC;
    03B1 : BDBDBCBD;
    03B2 : BEBEBDBD;
    03B3 : BEBDBEBD;
    03B4 : BFBFBFBF;
    03B5 : BFBFBFBF;
    03B6 : C0C0BFBF;
    03B7 : C0C0C0C0;
    03B8 : C1C1C1C0;
    03B9 : C1C1C1C1;
    03BA : C1C1C1C1;
    03BB : C1C1C1C1;
    03BC : C1C1C1C1;
    03BD : C1C1C1C1;
    03BE : C2C2C2C2;
    03BF : C2C2C2C2;
    03C0 : B4B4B4B4;
    03C1 : B5B5B5B5;
    03C2 : B3B4B4B4;
    03C3 : B3B3B3B3;
    03C4 : B3B3B3B3;
    03C5 : B4B4B4B4;
    03C6 : B4B4B4B4;
    03C7 : B3B3B3B3;
    03C8 : B3B4B4B4;
    03C9 : B3B3B3B4;
    03CA : B3B3B3B3;
    03CB : B3B3B3B3;
    03CC : B3B3B3B3;
    03CD : B3B3B3B3;
    03CE : B3B3B3B3;
    03CF : B3B3B3B3;
    03D0 : B5B4B3B4;
    03D1 : B6B6B6B5;
    03D2 : B6B6B6B6;
    03D3 : B8B7B7B7;
    03D4 : B7B8B8B8;
    03D5 : B5B6B6B6;
    03D6 : B6B6B6B6;
    03D7 : B6B6B6B6;
    03D8 : B8B7B6B7;
    03D9 : B7B7B7B7;
    03DA : B7B7B8B8;
    03DB : B7B8B8B8;
    03DC : B7B7B7B7;
    03DD : B6B6B6B6;
    03DE : B7B7B6B6;
    03DF : B7B7B6B6;
    03E0 : B6B6B6B6;
    03E1 : B7B7B7B7;
    03E2 : B8B8B8B8;
    03E3 : B7B7B8B8;
    03E4 : B8B8B8B8;
    03E5 : B8B8B8B8;
    03E6 : B9B9B9B9;
    03E7 : BABABABA;
    03E8 : BAB9BABA;
    03E9 : BBBBBBBB;
    03EA : BBBBBBBB;
    03EB : BBBBBBBB;
    03EC : BCBCBCBC;
    03ED : BDBDBDBD;
    03EE : BCBCBCBC;
    03EF : BCBCBCBC;
    03F0 : BDBDBCBC;
    03F1 : BEBEBDBD;
    03F2 : BEBEBDBD;
    03F3 : BFBFBFBE;
    03F4 : BFBFBFBF;
    03F5 : BFBFBFBF;
    03F6 : C0C0C0BF;
    03F7 : C0C0C0C0;
    03F8 : C1C1C1C1;
    03F9 : C1C1C1C1;
    03FA : C1C1C1C1;
    03FB : C2C2C2C2;
    03FC : C1C1C1C1;
    03FD : C2C2C2C2;
    03FE : C3C3C2C2;
    03FF : C2C2C2C2;
    0400 : B4B4B4B4;
    0401 : B4B4B4B4;
    0402 : B3B4B4B4;
    0403 : B3B3B3B3;
    0404 : B3B3B3B3;
    0405 : B4B3B3B3;
    0406 : B4B3B3B3;
    0407 : B4B4B4B4;
    0408 : B4B4B4B4;
    0409 : B3B3B3B3;
    040A : B3B3B3B3;
    040B : B3B3B3B3;
    040C : B3B3B3B3;
    040D : B3B3B3B3;
    040E : B3B3B3B3;
    040F : B4B3B3B3;
    0410 : B5B5B5B5;
    0411 : B6B6B6B5;
    0412 : B7B7B7B7;
    0413 : B8B8B8B7;
    0414 : B8B8B8B8;
    0415 : B7B7B7B7;
    0416 : B6B6B6B6;
    0417 : B7B7B7B7;
    0418 : B7B7B7B7;
    0419 : B7B7B7B7;
    041A : B8B8B8B8;
    041B : B8B8B8B8;
    041C : B8B8B7B7;
    041D : B7B7B7B7;
    041E : B6B6B6B6;
    041F : B7B7B7B7;
    0420 : B8B7B7B7;
    0421 : B8B8B8B8;
    0422 : B8B8B7B7;
    0423 : B8B8B8B8;
    0424 : B9B9B8B8;
    0425 : B9B9B9B9;
    0426 : BABABAB9;
    0427 : BABABABA;
    0428 : BBBABABA;
    0429 : BBBBBBBB;
    042A : BBBBBBBB;
    042B : BCBCBCBC;
    042C : BCBCBCBC;
    042D : BCBDBDBC;
    042E : BCBCBCBC;
    042F : BDBDBDBD;
    0430 : BDBDBCBC;
    0431 : BEBEBEBD;
    0432 : BFBEBEBE;
    0433 : BFBFBEBE;
    0434 : BFBFBFBF;
    0435 : C0C0C0C0;
    0436 : C0C0C0C0;
    0437 : C1C1C1C1;
    0438 : C1C1C1C1;
    0439 : C1C1C1C1;
    043A : C1C1C1C1;
    043B : C2C2C2C2;
    043C : C2C2C2C2;
    043D : C2C2C1C1;
    043E : C3C2C2C2;
    043F : C3C3C3C3;
    0440 : B3B3B4B4;
    0441 : B3B3B3B3;
    0442 : B2B3B3B3;
    0443 : B2B2B2B2;
    0444 : B2B2B2B2;
    0445 : B4B2B2B3;
    0446 : B3B3B3B4;
    0447 : B3B3B3B3;
    0448 : B4B4B4B4;
    0449 : B4B4B4B3;
    044A : B4B4B4B4;
    044B : B4B4B4B4;
    044C : B4B4B4B4;
    044D : B3B3B3B3;
    044E : B3B3B3B3;
    044F : B4B3B3B3;
    0450 : B5B5B5B5;
    0451 : B6B6B6B5;
    0452 : B7B7B7B7;
    0453 : B8B8B8B7;
    0454 : B8B8B8B8;
    0455 : B8B8B8B8;
    0456 : B7B7B7B7;
    0457 : B8B8B8B8;
    0458 : B7B7B7B7;
    0459 : B7B7B7B7;
    045A : B8B8B8B8;
    045B : B8B8B8B8;
    045C : B8B8B7B7;
    045D : B7B7B7B7;
    045E : B7B7B7B7;
    045F : B6B6B6B6;
    0460 : B8B7B7B7;
    0461 : B8B8B8B8;
    0462 : B9B8B8B7;
    0463 : B9B9B9B9;
    0464 : B9B9B8B8;
    0465 : B9B9B9B9;
    0466 : BABABAB9;
    0467 : BBBBBBBB;
    0468 : BBBBBABA;
    0469 : BBBBBBBB;
    046A : BCBCBCBC;
    046B : BDBDBCBC;
    046C : BCBDBDBD;
    046D : BDBEBEBD;
    046E : BDBDBDBD;
    046F : BDBDBDBD;
    0470 : BEBDBDBD;
    0471 : BFBFBEBE;
    0472 : BFBFBFBF;
    0473 : BFBFBEBE;
    0474 : C0C0C0C0;
    0475 : C0C0C0C0;
    0476 : C0C0C0C0;
    0477 : C1C1C1C1;
    0478 : C1C1C1C1;
    0479 : C1C1C1C1;
    047A : C2C2C2C2;
    047B : C2C2C2C2;
    047C : C2C2C2C2;
    047D : C3C2C2C1;
    047E : C3C2C2C3;
    047F : C3C3C3C3;
    0480 : B1B2B2B2;
    0481 : B2B2B2B2;
    0482 : B2B2B3B3;
    0483 : B2B2B2B2;
    0484 : B2B2B2B2;
    0485 : B4B2B2B2;
    0486 : B3B3B3B4;
    0487 : B3B3B3B3;
    0488 : B4B4B4B4;
    0489 : B4B4B4B4;
    048A : B4B4B4B4;
    048B : B4B4B4B4;
    048C : B4B4B4B4;
    048D : B3B3B3B3;
    048E : B3B3B3B3;
    048F : B4B3B3B3;
    0490 : B5B5B5B5;
    0491 : B6B6B6B5;
    0492 : B7B7B7B7;
    0493 : B8B8B8B7;
    0494 : B8B8B8B8;
    0495 : B8B8B8B8;
    0496 : B8B8B8B8;
    0497 : B8B8B8B8;
    0498 : B7B7B7B7;
    0499 : B7B7B7B7;
    049A : B8B8B8B8;
    049B : B7B7B7B7;
    049C : B8B8B8B7;
    049D : B7B7B7B7;
    049E : B7B7B7B7;
    049F : B7B7B7B7;
    04A0 : B8B7B7B7;
    04A1 : B8B8B8B8;
    04A2 : B9B9B9B8;
    04A3 : B9B9B9B9;
    04A4 : BABAB9B9;
    04A5 : BABABABA;
    04A6 : BBBBBBBA;
    04A7 : BBBBBBBB;
    04A8 : BCBBBBBA;
    04A9 : BCBCBCBC;
    04AA : BCBCBCBC;
    04AB : BDBDBDBD;
    04AC : BDBDBDBD;
    04AD : BDBEBEBD;
    04AE : BDBDBDBD;
    04AF : BDBDBDBD;
    04B0 : BFBFBEBE;
    04B1 : BFBFBEBE;
    04B2 : C0C0C0C0;
    04B3 : C0C0BFBF;
    04B4 : C0C0C0C0;
    04B5 : C0C0C0C0;
    04B6 : C1C1C1C1;
    04B7 : C1C1C1C1;
    04B8 : C1C1C1C1;
    04B9 : C1C1C1C1;
    04BA : C2C2C2C2;
    04BB : C3C3C3C3;
    04BC : C3C3C3C3;
    04BD : C3C3C2C2;
    04BE : C3C3C3C3;
    04BF : C3C3C3C3;
    04C0 : B1B1B2B2;
    04C1 : B1B1B1B1;
    04C2 : B1B1B2B2;
    04C3 : B2B2B2B2;
    04C4 : B1B1B1B1;
    04C5 : B3B2B2B2;
    04C6 : B4B3B3B3;
    04C7 : B4B4B4B4;
    04C8 : B4B4B4B4;
    04C9 : B4B4B4B4;
    04CA : B4B4B4B4;
    04CB : B4B4B4B4;
    04CC : B5B5B5B5;
    04CD : B4B4B4B4;
    04CE : B3B3B3B3;
    04CF : B4B3B3B3;
    04D0 : B5B5B5B5;
    04D1 : B6B6B6B5;
    04D2 : B7B7B7B7;
    04D3 : B8B8B8B7;
    04D4 : B8B8B8B8;
    04D5 : B8B8B8B8;
    04D6 : B9B9B9B9;
    04D7 : B8B8B8B8;
    04D8 : B7B7B7B7;
    04D9 : B7B7B7B7;
    04DA : B7B7B7B7;
    04DB : B7B7B7B7;
    04DC : B8B8B8B7;
    04DD : B7B7B7B7;
    04DE : B8B8B8B8;
    04DF : B8B8B8B8;
    04E0 : B8B7B7B7;
    04E1 : B8B8B8B8;
    04E2 : B9B9B9B8;
    04E3 : B9B9B9B9;
    04E4 : BABAB9B9;
    04E5 : BABABABA;
    04E6 : BBBBBBBA;
    04E7 : BBBBBBBB;
    04E8 : BCBCBBBB;
    04E9 : BCBCBCBC;
    04EA : BDBDBDBD;
    04EB : BEBEBDBD;
    04EC : BDBDBDBD;
    04ED : BEBEBEBE;
    04EE : BDBDBDBD;
    04EF : BDBDBDBD;
    04F0 : C0BFBFBF;
    04F1 : C0BFBFBF;
    04F2 : C0C0C0C0;
    04F3 : C0C0C0BF;
    04F4 : C0C0C0C0;
    04F5 : C0C0C0C0;
    04F6 : C1C1C1C1;
    04F7 : C1C1C1C1;
    04F8 : C1C1C1C1;
    04F9 : C1C1C1C1;
    04FA : C2C2C2C2;
    04FB : C3C3C3C3;
    04FC : C3C3C3C3;
    04FD : C3C3C3C2;
    04FE : C4C3C3C4;
    04FF : C3C3C3C3;
    0500 : B1B2B2B1;
    0501 : B1B1B1B1;
    0502 : B1B1B1B1;
    0503 : B1B1B1B1;
    0504 : B2B2B1B1;
    0505 : B3B2B2B2;
    0506 : B4B4B3B3;
    0507 : B4B4B4B4;
    0508 : B5B5B5B5;
    0509 : B4B5B5B4;
    050A : B4B4B4B4;
    050B : B4B4B4B4;
    050C : B5B5B5B5;
    050D : B4B5B5B5;
    050E : B4B4B4B4;
    050F : B4B4B4B4;
    0510 : B5B5B5B5;
    0511 : B6B6B6B5;
    0512 : B6B6B6B6;
    0513 : B7B7B6B6;
    0514 : B9B9B8B8;
    0515 : B9B9B9B8;
    0516 : B9B9B9B9;
    0517 : B8B8B9B9;
    0518 : B8B8B8B8;
    0519 : B7B7B7B7;
    051A : B7B7B7B7;
    051B : B8B8B8B8;
    051C : B8B7B7B8;
    051D : B7B7B7B7;
    051E : B8B8B8B8;
    051F : B8B8B8B8;
    0520 : B8B8B8B8;
    0521 : B9B9B8B8;
    0522 : B9B9B9B8;
    0523 : BABABABA;
    0524 : BABABABA;
    0525 : BABABABA;
    0526 : BBBBBABA;
    0527 : BBBBBBBB;
    0528 : BCBCBCBC;
    0529 : BCBDBDBC;
    052A : BDBDBDBC;
    052B : BDBDBDBD;
    052C : BEBEBEBE;
    052D : BDBEBEBE;
    052E : BDBDBDBD;
    052F : BEBEBEBD;
    0530 : BFBFBFBF;
    0531 : C0C0C0C0;
    0532 : C0C0C0C0;
    0533 : C0C0C0C0;
    0534 : C0C0C0C0;
    0535 : C1C1C1C1;
    0536 : C1C1C1C1;
    0537 : C1C1C1C1;
    0538 : C2C2C2C2;
    0539 : C2C2C2C2;
    053A : C3C3C3C3;
    053B : C3C3C3C3;
    053C : C4C4C4C4;
    053D : C4C4C3C3;
    053E : C4C4C4C4;
    053F : C4C4C4C4;
    0540 : B1B2B2B1;
    0541 : B1B1B1B1;
    0542 : B1B1B1B1;
    0543 : B1B1B1B1;
    0544 : B2B2B2B1;
    0545 : B3B3B2B2;
    0546 : B4B4B4B3;
    0547 : B4B4B4B4;
    0548 : B5B5B5B5;
    0549 : B5B6B6B5;
    054A : B4B4B4B4;
    054B : B4B4B4B4;
    054C : B6B6B6B6;
    054D : B5B6B6B6;
    054E : B4B4B4B4;
    054F : B4B4B4B4;
    0550 : B5B5B5B5;
    0551 : B7B7B6B6;
    0552 : B6B6B6B6;
    0553 : B7B7B6B6;
    0554 : B9B9B8B8;
    0555 : BABAB9B9;
    0556 : B9B9B9B9;
    0557 : B8B9B9B9;
    0558 : B8B8B8B8;
    0559 : B8B8B8B8;
    055A : B7B7B8B8;
    055B : B8B8B8B8;
    055C : B8B7B7B8;
    055D : B8B8B8B8;
    055E : B8B8B8B8;
    055F : B8B8B8B8;
    0560 : B8B8B8B8;
    0561 : B9B9B9B8;
    0562 : BABAB9B9;
    0563 : BABABABA;
    0564 : BBBBBBBB;
    0565 : BBBBBBBB;
    0566 : BBBCBCBC;
    0567 : BCBCBCBC;
    0568 : BDBDBDBD;
    0569 : BDBEBEBD;
    056A : BEBDBDBC;
    056B : BDBDBEBE;
    056C : BEBEBEBE;
    056D : BDBFBFBF;
    056E : BEBEBEBE;
    056F : BFBFBEBE;
    0570 : BFBFBFBF;
    0571 : C0C0C0C0;
    0572 : C0C0C0C0;
    0573 : C0C0C0C0;
    0574 : C1C1C1C1;
    0575 : C2C1C1C1;
    0576 : C2C2C2C2;
    0577 : C2C2C2C2;
    0578 : C2C2C2C2;
    0579 : C3C3C3C3;
    057A : C3C3C3C3;
    057B : C3C3C3C3;
    057C : C4C4C4C4;
    057D : C5C4C4C4;
    057E : C5C5C5C5;
    057F : C5C5C5C5;
    0580 : B1B2B2B1;
    0581 : B1B1B1B1;
    0582 : B1B1B1B1;
    0583 : B2B2B2B2;
    0584 : B3B3B2B2;
    0585 : B4B4B4B4;
    0586 : B5B4B4B4;
    0587 : B5B5B5B5;
    0588 : B6B6B6B6;
    0589 : B5B5B5B5;
    058A : B5B5B5B5;
    058B : B6B6B6B6;
    058C : B6B6B6B6;
    058D : B5B6B6B6;
    058E : B5B5B5B5;
    058F : B5B5B5B5;
    0590 : B5B5B5B5;
    0591 : B7B7B7B6;
    0592 : B7B7B7B7;
    0593 : B8B8B7B7;
    0594 : B9B9B8B8;
    0595 : BABABAB9;
    0596 : BABABABA;
    0597 : B9B9BABA;
    0598 : B8B8B8B8;
    0599 : B9B9B9B9;
    059A : B8B8B8B9;
    059B : B8B8B8B8;
    059C : B8B7B7B8;
    059D : B8B8B8B8;
    059E : B8B8B8B8;
    059F : B8B8B9B9;
    05A0 : B9B9B9B9;
    05A1 : B9BAB9B9;
    05A2 : BABABAB9;
    05A3 : BBBBBBBB;
    05A4 : BBBBBBBB;
    05A5 : BBBBBBBB;
    05A6 : BCBCBABA;
    05A7 : BCBCBCBC;
    05A8 : BDBDBDBD;
    05A9 : BDBEBEBD;
    05AA : BEBEBEBD;
    05AB : BEBEBEBE;
    05AC : BEBEBEBE;
    05AD : BEBFBFBF;
    05AE : BEBEBEBE;
    05AF : BFBFBFBE;
    05B0 : BFBFBFBF;
    05B1 : C1C1C1C1;
    05B2 : C1C1C1C1;
    05B3 : C1C1C1C1;
    05B4 : C1C1C1C1;
    05B5 : C2C1C1C1;
    05B6 : C2C2C2C2;
    05B7 : C2C2C2C2;
    05B8 : C3C3C3C3;
    05B9 : C3C3C3C3;
    05BA : C4C4C4C4;
    05BB : C4C4C4C4;
    05BC : C5C5C5C5;
    05BD : C5C5C4C4;
    05BE : C5C5C5C5;
    05BF : C5C5C5C5;
    05C0 : B1B2B2B1;
    05C1 : B1B1B1B1;
    05C2 : B1B1B1B1;
    05C3 : B2B2B2B2;
    05C4 : B3B3B2B2;
    05C5 : B5B5B5B4;
    05C6 : B5B5B4B4;
    05C7 : B5B5B5B5;
    05C8 : B6B6B6B6;
    05C9 : B6B5B5B6;
    05CA : B5B5B5B5;
    05CB : B7B7B7B7;
    05CC : B6B6B6B6;
    05CD : B4B5B5B5;
    05CE : B5B5B5B5;
    05CF : B5B5B5B5;
    05D0 : B5B5B5B5;
    05D1 : B7B7B7B7;
    05D2 : B7B7B7B7;
    05D3 : B8B8B8B7;
    05D4 : B9B8B8B8;
    05D5 : BBBABABA;
    05D6 : BABABABA;
    05D7 : B9B9BABA;
    05D8 : B8B8B8B8;
    05D9 : B9B9B9B9;
    05DA : B8B8B9B9;
    05DB : B8B8B8B8;
    05DC : B8B7B7B8;
    05DD : B8B8B8B8;
    05DE : B8B8B8B8;
    05DF : B9B9B9B9;
    05E0 : B9B9B9B9;
    05E1 : BABAB9B9;
    05E2 : BBBABABA;
    05E3 : BBBBBBBB;
    05E4 : BBBBBBBB;
    05E5 : BBBBBBBB;
    05E6 : BDBCBCBC;
    05E7 : BDBDBDBD;
    05E8 : BDBDBDBD;
    05E9 : BDBEBEBE;
    05EA : BEBEBEBD;
    05EB : BEBEBEBE;
    05EC : BEBEBEBE;
    05ED : BEBFC0BF;
    05EE : BEBEBEBE;
    05EF : C0BFBFBF;
    05F0 : C0C0C0C0;
    05F1 : C1C1C1C1;
    05F2 : C1C1C1C1;
    05F3 : C1C1C1C1;
    05F4 : C2C2C2C2;
    05F5 : C2C1C1C1;
    05F6 : C2C2C2C2;
    05F7 : C2C2C2C2;
    05F8 : C3C3C3C3;
    05F9 : C4C4C3C3;
    05FA : C4C4C4C4;
    05FB : C4C4C4C4;
    05FC : C5C5C5C5;
    05FD : C5C5C4C4;
    05FE : C5C5C5C5;
    05FF : C5C5C5C5;
    0600 : B1B1B1B1;
    0601 : B1B1B1B1;
    0602 : B2B1B1B1;
    0603 : B2B2B2B2;
    0604 : B4B3B3B3;
    0605 : B5B5B5B5;
    0606 : B6B6B6B5;
    0607 : B6B6B6B6;
    0608 : B6B6B6B6;
    0609 : B6B6B6B6;
    060A : B6B6B6B6;
    060B : B6B6B6B6;
    060C : B6B6B7B7;
    060D : B6B6B6B6;
    060E : B6B6B6B6;
    060F : B5B5B5B5;
    0610 : B6B6B6B6;
    0611 : B7B6B6B7;
    0612 : B7B7B7B7;
    0613 : B8B8B8B8;
    0614 : B9B9B9B8;
    0615 : BABABABA;
    0616 : BABABABB;
    0617 : B8B8B9B9;
    0618 : B8B8B8B8;
    0619 : B8B8B8B8;
    061A : B8B8B8B8;
    061B : B8B8B8B8;
    061C : B8B8B8B8;
    061D : B9B9B9B9;
    061E : B9B9B9B9;
    061F : BABAB9B9;
    0620 : BABABABA;
    0621 : BBBABABA;
    0622 : BBBABABB;
    0623 : BBBBBBBB;
    0624 : BCBCBCBC;
    0625 : BCBCBCBC;
    0626 : BDBDBDBD;
    0627 : BDBDBCBC;
    0628 : BEBEBDBD;
    0629 : BEBEBEBE;
    062A : BEBEBEBE;
    062B : BFBFBFBF;
    062C : BFBFBFBF;
    062D : BFBFBFBF;
    062E : BFBFBFBF;
    062F : C0C0C0BF;
    0630 : C1C1C1C1;
    0631 : C0C0C0C0;
    0632 : C1C1C1C1;
    0633 : C1C1C1C1;
    0634 : C2C2C2C1;
    0635 : C3C3C3C2;
    0636 : C3C3C3C3;
    0637 : C3C3C3C3;
    0638 : C4C4C4C4;
    0639 : C4C4C3C3;
    063A : C4C4C4C4;
    063B : C5C4C4C4;
    063C : C5C5C5C5;
    063D : C5C5C5C5;
    063E : C5C5C5C5;
    063F : C6C6C6C6;
    0640 : B3B1B1B3;
    0641 : B1B1B1B1;
    0642 : B3B3B2B2;
    0643 : B4B3B3B3;
    0644 : B5B4B4B4;
    0645 : B6B6B6B6;
    0646 : B7B7B6B6;
    0647 : B7B7B7B7;
    0648 : B7B7B7B7;
    0649 : B7B7B7B7;
    064A : B7B7B7B7;
    064B : B7B7B7B7;
    064C : B6B7B7B7;
    064D : B7B7B7B7;
    064E : B6B6B6B6;
    064F : B6B6B6B6;
    0650 : B7B7B7B7;
    0651 : B7B6B6B7;
    0652 : B8B8B8B8;
    0653 : B8B8B8B8;
    0654 : BABAB9B9;
    0655 : BABABABA;
    0656 : B9BABABA;
    0657 : B9B9BABA;
    0658 : B8B8B8B8;
    0659 : B8B8B8B8;
    065A : B8B8B8B8;
    065B : B9B9B9B9;
    065C : B9B9B9B9;
    065D : B9B9B9B9;
    065E : BABABABA;
    065F : BABABABA;
    0660 : BABABABA;
    0661 : BBBBBBBA;
    0662 : BCBBBBBB;
    0663 : BCBCBCBC;
    0664 : BDBDBDBD;
    0665 : BDBDBDBD;
    0666 : BCBCBCBC;
    0667 : BDBDBDBC;
    0668 : BEBEBDBD;
    0669 : BEBEBEBE;
    066A : BEBEBEBE;
    066B : BFBFBFBF;
    066C : BFBFBFBF;
    066D : C0C0C0C0;
    066E : C0C0C0C0;
    066F : C0C1C1C0;
    0670 : C1C1C1C1;
    0671 : C1C1C1C1;
    0672 : C1C1C1C1;
    0673 : C2C2C2C2;
    0674 : C3C2C2C1;
    0675 : C3C3C3C2;
    0676 : C3C4C4C3;
    0677 : C3C3C3C3;
    0678 : C4C4C4C4;
    0679 : C5C4C3C3;
    067A : C5C5C5C5;
    067B : C5C5C4C4;
    067C : C5C5C5C5;
    067D : C6C6C6C6;
    067E : C6C6C6C6;
    067F : C7C7C7C7;
    0680 : B4B2B2B4;
    0681 : B3B3B3B3;
    0682 : B4B4B4B4;
    0683 : B5B5B4B4;
    0684 : B6B6B6B5;
    0685 : B7B7B7B7;
    0686 : B8B8B8B7;
    0687 : B7B7B7B7;
    0688 : B8B8B8B8;
    0689 : B8B8B8B8;
    068A : B8B8B8B8;
    068B : B8B8B8B8;
    068C : B8B8B9B9;
    068D : B8B8B8B8;
    068E : B8B8B8B8;
    068F : B7B7B7B7;
    0690 : B7B7B7B7;
    0691 : B8B7B7B8;
    0692 : B8B8B8B8;
    0693 : B9B9B9B9;
    0694 : BABABAB9;
    0695 : BABABABA;
    0696 : B9B9BABA;
    0697 : B9B9BABA;
    0698 : B8B8B8B8;
    0699 : B8B8B8B8;
    069A : B8B8B8B8;
    069B : B9B9B9B9;
    069C : BABABABA;
    069D : BABABABA;
    069E : BBBBBBBB;
    069F : BBBBBABA;
    06A0 : BABBBBBB;
    06A1 : BBBBBBBA;
    06A2 : BCBBBBBC;
    06A3 : BCBCBCBC;
    06A4 : BDBDBDBD;
    06A5 : BDBDBDBD;
    06A6 : BCBCBCBC;
    06A7 : BDBDBDBC;
    06A8 : BEBDBDBD;
    06A9 : BFBFBFBF;
    06AA : BFBFBFBF;
    06AB : C0C0C0C0;
    06AC : C0C0C0C0;
    06AD : C0C0C0C0;
    06AE : C0C0C0C0;
    06AF : C1C1C1C0;
    06B0 : C1C1C1C1;
    06B1 : C1C1C1C1;
    06B2 : C1C1C1C1;
    06B3 : C2C2C2C2;
    06B4 : C3C3C3C2;
    06B5 : C3C3C3C2;
    06B6 : C4C4C4C4;
    06B7 : C4C4C4C4;
    06B8 : C5C5C5C5;
    06B9 : C5C5C4C4;
    06BA : C5C5C5C5;
    06BB : C6C5C5C5;
    06BC : C6C6C6C6;
    06BD : C6C6C6C6;
    06BE : C6C6C6C6;
    06BF : C7C7C7C7;
    06C0 : B4B4B4B4;
    06C1 : B5B5B5B5;
    06C2 : B6B6B5B5;
    06C3 : B6B6B6B6;
    06C4 : B8B8B7B7;
    06C5 : B8B8B8B8;
    06C6 : B9B9B8B8;
    06C7 : B9B9B9B9;
    06C8 : B9B9B9B9;
    06C9 : B9B9B9B9;
    06CA : B9B9B9B9;
    06CB : B9B9B9B9;
    06CC : B8B9B9B9;
    06CD : B9B9B9B9;
    06CE : B8B8B8B8;
    06CF : B8B8B8B8;
    06D0 : B8B8B8B8;
    06D1 : B8B7B7B8;
    06D2 : B8B8B8B8;
    06D3 : B9B9B9B9;
    06D4 : BBBABABA;
    06D5 : BABABABA;
    06D6 : B8B9B9B9;
    06D7 : B8B8B9B9;
    06D8 : B8B8B8B8;
    06D9 : B8B8B8B8;
    06DA : B8B8B8B8;
    06DB : BABAB9B9;
    06DC : BBBBBBBB;
    06DD : BABABABA;
    06DE : BBBBBBBB;
    06DF : BBBBBABA;
    06E0 : BBBBBBBB;
    06E1 : BCBCBBBB;
    06E2 : BDBCBBBC;
    06E3 : BDBDBDBD;
    06E4 : BDBDBDBD;
    06E5 : BDBDBDBD;
    06E6 : BDBDBDBD;
    06E7 : BDBDBCBC;
    06E8 : BEBDBDBD;
    06E9 : BFBFBFBF;
    06EA : BFBFBFBF;
    06EB : C0C0C0C0;
    06EC : C0C0C0C0;
    06ED : C0C0C0C0;
    06EE : C0C0C0C0;
    06EF : C1C1C1C0;
    06F0 : C1C1C1C1;
    06F1 : C2C2C2C2;
    06F2 : C1C1C1C1;
    06F3 : C2C2C2C2;
    06F4 : C3C3C3C2;
    06F5 : C3C3C3C2;
    06F6 : C4C5C5C4;
    06F7 : C4C4C4C4;
    06F8 : C5C5C5C5;
    06F9 : C5C5C4C4;
    06FA : C5C5C5C5;
    06FB : C6C6C5C5;
    06FC : C6C6C6C6;
    06FD : C7C7C7C7;
    06FE : C7C7C7C7;
    06FF : C7C7C7C7;
    0700 : B6B6B5B5;
    0701 : B6B6B6B6;
    0702 : B7B7B6B6;
    0703 : B7B7B7B7;
    0704 : B8B8B8B8;
    0705 : B9B9B9B9;
    0706 : B9B9B9B9;
    0707 : BABABABA;
    0708 : BBBABABB;
    0709 : BABBBBB9;
    070A : BBBABBBC;
    070B : BABABABB;
    070C : BABABABA;
    070D : BABABABA;
    070E : B9B9B9B9;
    070F : B9B9B9B9;
    0710 : BABABABA;
    0711 : B9B8B8B9;
    0712 : BAB9B9BA;
    0713 : B9B9B9BA;
    0714 : BBBBBBBA;
    0715 : B9B9B9B9;
    0716 : B8B8B9B9;
    0717 : B8B8B8B8;
    0718 : B8B9B9B8;
    0719 : B9B8B8B8;
    071A : B9B9B9B9;
    071B : BABAB9B9;
    071C : BBBBBBBA;
    071D : BBBBBABA;
    071E : BBBBBABA;
    071F : BBBBBBBB;
    0720 : BCBCBBBB;
    0721 : BDBDBDBD;
    0722 : BDBDBCBC;
    0723 : BDBDBDBD;
    0724 : BDBDBDBD;
    0725 : BFBFBFBF;
    0726 : BEBEBEBE;
    0727 : BDBDBDBD;
    0728 : BEBEBEBD;
    0729 : C0BFBFBF;
    072A : C0C0C0C0;
    072B : C0C0C0C0;
    072C : C0C0BFBF;
    072D : C0C0C0C0;
    072E : C1C1C1C1;
    072F : C1C1C1C1;
    0730 : C2C1C1C1;
    0731 : C2C2C2C2;
    0732 : C2C2C2C2;
    0733 : C2C2C2C2;
    0734 : C4C4C3C3;
    0735 : C4C4C4C4;
    0736 : C4C4C4C4;
    0737 : C4C4C4C4;
    0738 : C5C5C5C4;
    0739 : C5C5C5C5;
    073A : C6C6C6C6;
    073B : C6C6C6C6;
    073C : C6C6C6C6;
    073D : C7C7C7C7;
    073E : C7C7C7C7;
    073F : C7C7C7C7;
    0740 : B7B7B7B7;
    0741 : B7B7B7B7;
    0742 : B7B7B7B6;
    0743 : B8B8B7B8;
    0744 : B9B9B9B9;
    0745 : BABABABA;
    0746 : BABABABA;
    0747 : BABABABA;
    0748 : BCBBBABA;
    0749 : BCBCBCBB;
    074A : BCBCBCBD;
    074B : BCBBBCBD;
    074C : BBBBBBBB;
    074D : BABABABA;
    074E : B9B9B9B9;
    074F : BABABABA;
    0750 : BBBBBBBB;
    0751 : BABABABA;
    0752 : BABABABA;
    0753 : BABABBBB;
    0754 : BABBBBBA;
    0755 : B9B9B9B9;
    0756 : B8B8B9B9;
    0757 : B9B9B8B8;
    0758 : B9B9B9B9;
    0759 : B9B9B9B8;
    075A : BABABABA;
    075B : BBBAB9B9;
    075C : BCBCBBBB;
    075D : BCBCBBBB;
    075E : BCBCBBBB;
    075F : BCBCBCBC;
    0760 : BCBCBCBB;
    0761 : BDBDBDBD;
    0762 : BEBDBDBD;
    0763 : BEBEBEBE;
    0764 : BEBEBEBE;
    0765 : BFBFBFBF;
    0766 : BEBEBEBE;
    0767 : BEBEBEBE;
    0768 : BFBFBEBE;
    0769 : C0C0C0BF;
    076A : C0C0C0C0;
    076B : C0C0C0C0;
    076C : C1C1C0C0;
    076D : C1C1C1C1;
    076E : C1C1C1C1;
    076F : C1C1C1C1;
    0770 : C2C2C1C1;
    0771 : C3C3C3C3;
    0772 : C3C3C3C3;
    0773 : C4C4C4C4;
    0774 : C5C4C4C4;
    0775 : C5C5C5C5;
    0776 : C5C4C4C5;
    0777 : C5C5C5C5;
    0778 : C6C6C5C5;
    0779 : C6C6C6C6;
    077A : C7C7C7C7;
    077B : C7C7C6C6;
    077C : C7C7C7C7;
    077D : C7C7C7C7;
    077E : C7C7C7C7;
    077F : C7C7C7C7;
    0780 : B9B9B8B8;
    0781 : B8B8B8B8;
    0782 : B9B9B8B7;
    0783 : B9B9B9B9;
    0784 : B9B9B9B9;
    0785 : B9B9B9B9;
    0786 : BBBBBBBB;
    0787 : BCBCBBBA;
    0788 : BABBBBBB;
    0789 : BBBBBBBB;
    078A : BDBEBDBD;
    078B : BCBBBBBD;
    078C : BBBBBBBB;
    078D : BBBBBBBB;
    078E : BBBBBBBB;
    078F : BBBBBBBB;
    0790 : BBBBBBBB;
    0791 : BBBBBBBB;
    0792 : BBBABABB;
    0793 : BBBBBCBC;
    0794 : B9BABBBA;
    0795 : B9B9B9B9;
    0796 : BABAB9B9;
    0797 : B9B9B9B9;
    0798 : BABBBBBA;
    0799 : BBBBBABA;
    079A : BBBBBBBB;
    079B : BBBBBABA;
    079C : BCBCBCBB;
    079D : BCBCBBBB;
    079E : BCBCBBBB;
    079F : BCBCBCBC;
    07A0 : BDBDBCBC;
    07A1 : BEBDBDBE;
    07A2 : BEBEBDBD;
    07A3 : BEBEBEBE;
    07A4 : BEBEBEBE;
    07A5 : BFBFBFBF;
    07A6 : BFBFBFBF;
    07A7 : BEBEBEBE;
    07A8 : BFBFBFBE;
    07A9 : C1C0C0C0;
    07AA : C1C1C1C1;
    07AB : C1C1C1C1;
    07AC : C1C1C0C0;
    07AD : C1C1C1C1;
    07AE : C1C1C1C1;
    07AF : C1C1C1C1;
    07B0 : C2C2C2C2;
    07B1 : C3C3C3C3;
    07B2 : C3C3C3C3;
    07B3 : C4C4C4C4;
    07B4 : C5C5C4C4;
    07B5 : C5C5C5C5;
    07B6 : C5C5C5C5;
    07B7 : C5C5C5C5;
    07B8 : C6C6C5C5;
    07B9 : C6C6C6C6;
    07BA : C7C7C7C7;
    07BB : C7C7C7C7;
    07BC : C7C7C7C7;
    07BD : C7C7C7C8;
    07BE : C8C8C7C7;
    07BF : C8C8C8C8;
    07C0 : BABAB9B9;
    07C1 : BABABABA;
    07C2 : B9B9B9B9;
    07C3 : BABAB9B9;
    07C4 : B9B9B9B9;
    07C5 : BABABABA;
    07C6 : BABABABA;
    07C7 : BDBCBBBA;
    07C8 : BBBDBEBE;
    07C9 : C4C0BDBB;
    07CA : C0C5C9C9;
    07CB : BBBBBBBD;
    07CC : BBBBBBBB;
    07CD : BBBBBBBB;
    07CE : BBBBBBBB;
    07CF : BBBBBBBB;
    07D0 : BBBBBBBB;
    07D1 : BBBBBBBB;
    07D2 : BBBABABB;
    07D3 : BABABABB;
    07D4 : B8B9BABA;
    07D5 : B9B9B9B9;
    07D6 : BABAB9B9;
    07D7 : BABABABA;
    07D8 : BABBBBBA;
    07D9 : BBBBBBBA;
    07DA : BBBBBBBB;
    07DB : BBBBBABA;
    07DC : BDBCBCBC;
    07DD : BDBCBCBC;
    07DE : BDBCBCBC;
    07DF : BDBDBDBD;
    07E0 : BDBDBCBC;
    07E1 : BEBEBEBE;
    07E2 : BEBEBEBD;
    07E3 : BEBEBEBE;
    07E4 : BFBFBFBF;
    07E5 : BFBFBFBF;
    07E6 : BFBFBFBF;
    07E7 : BEBEBEBE;
    07E8 : C0BFBFBF;
    07E9 : C1C1C0C0;
    07EA : C1C1C1C1;
    07EB : C1C1C1C1;
    07EC : C1C1C1C1;
    07ED : C2C2C2C2;
    07EE : C1C1C1C2;
    07EF : C1C1C1C1;
    07F0 : C3C2C2C2;
    07F1 : C4C4C3C3;
    07F2 : C4C4C4C4;
    07F3 : C4C4C4C4;
    07F4 : C5C5C5C4;
    07F5 : C5C5C5C5;
    07F6 : C5C5C5C5;
    07F7 : C5C5C5C5;
    07F8 : C7C6C6C6;
    07F9 : C7C7C7C7;
    07FA : C7C7C7C7;
    07FB : C8C8C7C7;
    07FC : C7C7C7C7;
    07FD : C8C8C8C8;
    07FE : C8C8C8C8;
    07FF : C8C8C8C8;
    0800 : BBBBBBBA;
    0801 : BABABABA;
    0802 : BAB9B9BA;
    0803 : BABABBBB;
    0804 : BABCBCBB;
    0805 : B9BABAB9;
    0806 : BDBBBBBA;
    0807 : C1BEBCBD;
    0808 : C3C3C3C3;
    0809 : D3D1CBC6;
    080A : C2CBD2D3;
    080B : BBBBBBBD;
    080C : BBBBBBBA;
    080D : BBBBBBBB;
    080E : BBBBBBBB;
    080F : BBBBBBBB;
    0810 : BBBBBBBB;
    0811 : BBBBBABA;
    0812 : BBBABABA;
    0813 : BABABABA;
    0814 : BABABABA;
    0815 : BABABABA;
    0816 : BABAB9B9;
    0817 : BABABABA;
    0818 : BABABABA;
    0819 : BBBBBBBB;
    081A : BBBBBBBB;
    081B : BBBBBBBA;
    081C : BDBDBDBC;
    081D : BDBDBDBD;
    081E : BDBCBCBD;
    081F : BDBDBDBD;
    0820 : BEBEBDBD;
    0821 : BEBFBFBE;
    0822 : BEBEBEBD;
    0823 : BFBFBFBF;
    0824 : BFBFBFBF;
    0825 : C0C0C0BF;
    0826 : C0C0C0C0;
    0827 : BFBFBFBF;
    0828 : C1C1C0C0;
    0829 : C1C1C0C0;
    082A : C1C1C1C1;
    082B : C1C1C1C1;
    082C : C2C2C2C2;
    082D : C3C3C2C2;
    082E : C1C2C2C2;
    082F : C2C2C2C1;
    0830 : C4C3C2C2;
    0831 : C4C4C3C3;
    0832 : C4C4C4C4;
    0833 : C5C5C5C5;
    0834 : C5C5C4C4;
    0835 : C5C5C5C5;
    0836 : C5C5C5C5;
    0837 : C7C7C7C7;
    0838 : C7C7C7C7;
    0839 : C7C7C6C6;
    083A : C7C7C7C7;
    083B : C7C7C6C6;
    083C : C8C7C7C8;
    083D : C8C9C9C9;
    083E : C7C8C8C8;
    083F : C8C8C8C9;
    0840 : BBBBBBBA;
    0841 : BBBBBBBB;
    0842 : BABAB9BA;
    0843 : BABABBBB;
    0844 : BDBDBDBB;
    0845 : BCBCBBBB;
    0846 : CAC6C3C0;
    0847 : CECCCACA;
    0848 : CFCFCFCF;
    0849 : D3D4D3D1;
    084A : C4CCD1D2;
    084B : BBBABBBF;
    084C : BBBBBBBB;
    084D : BBBBBBBB;
    084E : BBBBBBBB;
    084F : BBBBBBBB;
    0850 : BBBBBBBB;
    0851 : BBBBBABA;
    0852 : BBBBBABA;
    0853 : BBBBBBBB;
    0854 : BBBBBBBB;
    0855 : BABABABA;
    0856 : BABABABA;
    0857 : BBBBBBBB;
    0858 : BBBBBBBB;
    0859 : BBBBBBBB;
    085A : BCBCBCBC;
    085B : BCBCBBBB;
    085C : BEBDBDBD;
    085D : BDBDBDBD;
    085E : BDBDBDBD;
    085F : BDBDBDBD;
    0860 : BEBEBEBD;
    0861 : BEBFBFBE;
    0862 : BFBFBEBE;
    0863 : BFBFBFBF;
    0864 : C0C0C0C0;
    0865 : C0C1C1BF;
    0866 : C0C0C0C0;
    0867 : C0C0C0C0;
    0868 : C2C2C1C1;
    0869 : C1C1C1C0;
    086A : C2C2C2C2;
    086B : C2C2C2C2;
    086C : C3C3C3C3;
    086D : C3C3C2C2;
    086E : C2C2C2C3;
    086F : C3C2C2C2;
    0870 : C4C4C3C2;
    0871 : C5C4C3C3;
    0872 : C5C5C5C5;
    0873 : C5C5C5C5;
    0874 : C6C6C5C5;
    0875 : C6C6C6C6;
    0876 : C6C6C6C6;
    0877 : C7C7C7C7;
    0878 : C7C7C7C7;
    0879 : C8C7C7C6;
    087A : C8C8C8C8;
    087B : C8C7C7C7;
    087C : C8CAC9C7;
    087D : C8C9C9C8;
    087E : CACACACA;
    087F : C8C8C9C9;
    0880 : BBBBBBBA;
    0881 : BBBBBBBB;
    0882 : BBBCBBBA;
    0883 : BBBBBCBC;
    0884 : C0BFBCBB;
    0885 : C6C5C3C0;
    0886 : CDCBCBC9;
    0887 : CDCDCECE;
    0888 : CACBCDCF;
    0889 : CFCFCDCA;
    088A : CBD0D0CF;
    088B : BBBDC1C6;
    088C : BBBABBBC;
    088D : BBBBBBBB;
    088E : BBBBBBBB;
    088F : BBBBBBBB;
    0890 : BBBBBBBB;
    0891 : BBBBBABA;
    0892 : BCBBBBBA;
    0893 : BBBBBBBB;
    0894 : BBBBBBBB;
    0895 : BABABABA;
    0896 : BCBCBBBB;
    0897 : BBBBBBBB;
    0898 : BCBCBCBC;
    0899 : BCBCBCBC;
    089A : BCBCBCBC;
    089B : BDBDBCBC;
    089C : BEBEBEBD;
    089D : BEBEBEBE;
    089E : BEBDBDBE;
    089F : BDBDBEBE;
    08A0 : BFBFBEBE;
    08A1 : BFBEBEBF;
    08A2 : BFBFBEBE;
    08A3 : BFBFBFBF;
    08A4 : C0C0C0C0;
    08A5 : C0C1C1C1;
    08A6 : C1C1C1C1;
    08A7 : C1C1C1C1;
    08A8 : C1C1C0C0;
    08A9 : C3C3C2C2;
    08AA : C2C2C2C2;
    08AB : C1C1C1C1;
    08AC : C2C2C2C2;
    08AD : C3C3C3C2;
    08AE : C2C2C3C3;
    08AF : C3C3C3C2;
    08B0 : C5C4C3C3;
    08B1 : C5C5C4C4;
    08B2 : C5C5C5C5;
    08B3 : C6C6C6C6;
    08B4 : C6C6C5C5;
    08B5 : C6C6C6C6;
    08B6 : C6C6C6C6;
    08B7 : C7C7C7C7;
    08B8 : C8C8C8C8;
    08B9 : C8C8C7C7;
    08BA : C8C8C8C8;
    08BB : C9C9C8C8;
    08BC : CECCCBCA;
    08BD : D8D7D4D1;
    08BE : CDCFD3D7;
    08BF : CACACBCB;
    08C0 : BBBBBBBA;
    08C1 : BBBBBBBB;
    08C2 : BEBEBDBB;
    08C3 : BEBFC0BF;
    08C4 : CAC7C3C1;
    08C5 : C7CCCECC;
    08C6 : C2C2C4C5;
    08C7 : C7C7C6C5;
    08C8 : C6C6C7C8;
    08C9 : C9CAC8C6;
    08CA : CCCDCBCA;
    08CB : C0C4C8CA;
    08CC : BAB9BABD;
    08CD : BAB9BABA;
    08CE : BBBBBBBB;
    08CF : BBBBBBBB;
    08D0 : BBBBBBBB;
    08D1 : BBBBBABA;
    08D2 : BCBCBBBB;
    08D3 : BBBBBBBB;
    08D4 : BBBBBBBB;
    08D5 : BBBBBBBB;
    08D6 : BDBCBCBC;
    08D7 : BBBBBBBB;
    08D8 : BDBDBDBD;
    08D9 : BCBCBCBC;
    08DA : BDBDBDBD;
    08DB : BEBDBDBD;
    08DC : BEBEBEBD;
    08DD : BEBEBEBE;
    08DE : BEBDBDBE;
    08DF : BEBEBEBE;
    08E0 : BFBFBEBE;
    08E1 : BFBEBEBF;
    08E2 : C0BFBFBF;
    08E3 : C0C0C0C0;
    08E4 : C0C0C0C0;
    08E5 : C0C1C2C1;
    08E6 : C1C1C1C1;
    08E7 : C2C2C2C2;
    08E8 : C2C2C1C1;
    08E9 : C3C3C3C3;
    08EA : C2C2C2C2;
    08EB : C2C2C2C2;
    08EC : C3C3C3C3;
    08ED : C4C4C4C4;
    08EE : C2C3C3C3;
    08EF : C3C3C3C2;
    08F0 : C5C5C4C3;
    08F1 : C5C5C4C4;
    08F2 : C5C5C5C5;
    08F3 : C6C6C6C6;
    08F4 : C7C6C6C6;
    08F5 : C7C7C7C7;
    08F6 : C7C7C7C7;
    08F7 : C7C7C7C7;
    08F8 : C8C8C8C8;
    08F9 : C8C8C8C7;
    08FA : C8C8C8C8;
    08FB : CAC9C9C9;
    08FC : DCDAD8D1;
    08FD : DBDCDDDD;
    08FE : D4D3D5D9;
    08FF : D0D0D0D1;
    0900 : BABBBCBB;
    0901 : B7B8B8BA;
    0902 : BDBAB8B7;
    0903 : C7C5C3BF;
    0904 : CCCFD0CB;
    0905 : C2C3C5C8;
    0906 : C2C2C1C1;
    0907 : C2C3C2C3;
    0908 : C6C5C5C4;
    0909 : C7C8C7C6;
    090A : CBCAC8C7;
    090B : C7C9CACA;
    090C : BABABCC1;
    090D : BBBAB9BA;
    090E : BABBBBBB;
    090F : BCBCBBBA;
    0910 : BCBCBCBB;
    0911 : BCBCBBBB;
    0912 : BCBCBBBC;
    0913 : BCBBBBBA;
    0914 : BCBDBDBC;
    0915 : BCBCBCBC;
    0916 : BDBDBDBC;
    0917 : BDBDBDBD;
    0918 : BDBDBDBD;
    0919 : BDBDBDBD;
    091A : BDBDBDBD;
    091B : BDBDBDBD;
    091C : BEBEBEBE;
    091D : BEBEBEBE;
    091E : BEBEBEBE;
    091F : BFBFBEBE;
    0920 : BFBFBFBF;
    0921 : BFBFBFBF;
    0922 : C0C0C0C0;
    0923 : C1C1C1C1;
    0924 : C0C0C0C0;
    0925 : C0C0C0C0;
    0926 : C2C2C2C1;
    0927 : C2C2C2C2;
    0928 : C3C3C3C3;
    0929 : C3C3C3C3;
    092A : C3C3C3C3;
    092B : C3C3C3C2;
    092C : C4C4C4C4;
    092D : C4C4C4C4;
    092E : C4C4C4C4;
    092F : C3C3C3C3;
    0930 : C5C5C5C5;
    0931 : C5C5C5C5;
    0932 : C5C5C5C5;
    0933 : C6C6C6C6;
    0934 : C7C7C7C7;
    0935 : C7C7C7C7;
    0936 : C7C7C7C7;
    0937 : C8C8C8C7;
    0938 : C9C9C9C9;
    0939 : C9C9C9C8;
    093A : C9C9C9C9;
    093B : D4CDCAC9;
    093C : DBDDDEDC;
    093D : D7D8DADB;
    093E : D5D4D3D4;
    093F : D7D8D8D8;
    0940 : BBBBBCBD;
    0941 : B8B6B6B9;
    0942 : B7B5B5B7;
    0943 : C7C4BFBA;
    0944 : C3C7CBCA;
    0945 : C1BFBFBF;
    0946 : C1C0C0C0;
    0947 : C6C5C4C3;
    0948 : C5C6C7C7;
    0949 : C6C7C6C5;
    094A : CBC9C7C5;
    094B : C8CBCCCC;
    094C : BBBDC1C6;
    094D : BABABABB;
    094E : B7B7B9BA;
    094F : BCBCBBB9;
    0950 : BCBCBCBC;
    0951 : BBBCBCBC;
    0952 : BCBBBBBB;
    0953 : BCBBBBBB;
    0954 : BCBCBCBC;
    0955 : BDBDBDBD;
    0956 : BEBDBDBD;
    0957 : BDBDBDBD;
    0958 : BDBDBDBD;
    0959 : BDBDBDBD;
    095A : BDBDBDBD;
    095B : BDBDBEBE;
    095C : BEBEBEBE;
    095D : BEBEBEBE;
    095E : BEBEBEBE;
    095F : BFBFBFBF;
    0960 : C0C0C0C0;
    0961 : C0C0C0C0;
    0962 : C0C0C0C0;
    0963 : C1C1C1C1;
    0964 : C1C1C1C1;
    0965 : C1C1C1C1;
    0966 : C3C2C2C2;
    0967 : C3C3C3C3;
    0968 : C3C3C3C3;
    0969 : C3C3C3C3;
    096A : C3C3C3C3;
    096B : C4C4C3C3;
    096C : C4C4C4C4;
    096D : C4C4C5C5;
    096E : C5C5C5C5;
    096F : C5C5C5C5;
    0970 : C5C5C5C5;
    0971 : C6C6C6C6;
    0972 : C6C6C6C6;
    0973 : C7C7C7C7;
    0974 : C7C7C7C7;
    0975 : C7C7C7C7;
    0976 : C8C8C8C8;
    0977 : C8C8C8C7;
    0978 : C9C9C9C9;
    0979 : C9C9C9C9;
    097A : CAC9C8C8;
    097B : DAD5CFCA;
    097C : D9DBDCDC;
    097D : D6D6D7D8;
    097E : D6D5D4D5;
    097F : D5D7D8D8;
    0980 : B9B8BABC;
    0981 : BAB8B9BB;
    0982 : B4B7B9BA;
    0983 : BCB9B6B4;
    0984 : B9BABDBE;
    0985 : BBB9B7B6;
    0986 : BFBDBABA;
    0987 : C4C2C1BF;
    0988 : BDBFC2C4;
    0989 : BFC0C0BE;
    098A : C5C3C1BF;
    098B : C8C9C9C8;
    098C : BBBFC4C7;
    098D : B9B9B9BB;
    098E : B4B5B7B9;
    098F : BABABAB8;
    0990 : BBBBBCBC;
    0991 : BBBCBDBD;
    0992 : BBBABABA;
    0993 : BBBBBBBB;
    0994 : BCBBBBBC;
    0995 : BEBEBDBC;
    0996 : BEBEBDBD;
    0997 : BDBDBEBE;
    0998 : BEBEBEBE;
    0999 : BDBDBDBD;
    099A : BEBEBEBE;
    099B : BEBEBEBE;
    099C : BFBFBFBF;
    099D : BFBFBFBF;
    099E : BFBFBFBF;
    099F : BFBFC0BF;
    09A0 : C0C0C0C0;
    09A1 : C0C0C0C0;
    09A2 : C1C1C1C1;
    09A3 : C1C1C1C1;
    09A4 : C1C1C1C1;
    09A5 : C1C1C1C1;
    09A6 : C3C3C3C2;
    09A7 : C3C3C3C3;
    09A8 : C3C3C3C3;
    09A9 : C4C4C4C4;
    09AA : C4C4C4C4;
    09AB : C4C4C3C3;
    09AC : C4C4C5C5;
    09AD : C5C5C5C5;
    09AE : C5C5C5C5;
    09AF : C6C6C6C6;
    09B0 : C6C6C6C6;
    09B1 : C6C6C6C6;
    09B2 : C6C6C6C6;
    09B3 : C7C7C7C7;
    09B4 : C8C8C8C8;
    09B5 : C8C8C8C8;
    09B6 : C8C8C8C8;
    09B7 : C8C8C8C7;
    09B8 : CACACAC9;
    09B9 : C9C9C9CA;
    09BA : CCCAC9C9;
    09BB : DCDAD6CF;
    09BC : D8DADBDC;
    09BD : D6D6D6D7;
    09BE : D5D5D6D6;
    09BF : D3D4D6D6;
    09C0 : AFB1B2B3;
    09C1 : B6B3B3B0;
    09C2 : B8B8B8B7;
    09C3 : B4B3B2B5;
    09C4 : B2B2B4B5;
    09C5 : B3B2B1B1;
    09C6 : B7B5B3B3;
    09C7 : BBBAB9B7;
    09C8 : B6B7BABB;
    09C9 : BABBBBB9;
    09CA : BDBCBAB9;
    09CB : C2C2C1BF;
    09CC : B8BBBFC1;
    09CD : B5B5B7B8;
    09CE : B3B3B3B3;
    09CF : B6B6B6B5;
    09D0 : BDBCBAB8;
    09D1 : B8B9BBBC;
    09D2 : B9B8B8B8;
    09D3 : BBBAB9B9;
    09D4 : BCBABABC;
    09D5 : BDBDBCBB;
    09D6 : BEBEBEBD;
    09D7 : BEBEBEBE;
    09D8 : BEBEBEBE;
    09D9 : BEBEBEBE;
    09DA : BEBEBEBE;
    09DB : BFBFBFBF;
    09DC : BFBFBFBF;
    09DD : BFBFBFBF;
    09DE : BFBFBFBF;
    09DF : C0C0C0BF;
    09E0 : C0C0C0C0;
    09E1 : C0C0C0C0;
    09E2 : C1C1C1C1;
    09E3 : C2C1C1C1;
    09E4 : C2C2C2C2;
    09E5 : C2C2C2C2;
    09E6 : C3C3C3C2;
    09E7 : C3C3C3C3;
    09E8 : C3C3C3C3;
    09E9 : C4C4C4C4;
    09EA : C4C4C4C4;
    09EB : C5C4C4C4;
    09EC : C5C5C5C5;
    09ED : C5C5C5C5;
    09EE : C5C5C5C5;
    09EF : C6C6C6C6;
    09F0 : C6C6C6C6;
    09F1 : C7C7C7C7;
    09F2 : C7C7C7C7;
    09F3 : C7C7C7C7;
    09F4 : C8C8C8C8;
    09F5 : C8C8C8C8;
    09F6 : C8C8C8C9;
    09F7 : C8C8C8C7;
    09F8 : CACACACA;
    09F9 : CACACACA;
    09FA : D1CDCBCC;
    09FB : DDDDDDD9;
    09FC : D7D8DADC;
    09FD : D3D4D6D7;
    09FE : CDD0D3D3;
    09FF : C7C8CACC;
    0A00 : ACADACAB;
    0A01 : ABAAABAC;
    0A02 : B5B3B1AE;
    0A03 : B1B3B5B5;
    0A04 : AFAFB0B0;
    0A05 : AEAFAFAF;
    0A06 : AFAEAEAE;
    0A07 : B9B8B5B2;
    0A08 : B8B8BABA;
    0A09 : B9BAB9B9;
    0A0A : BBBAB8B8;
    0A0B : B9BBBBBB;
    0A0C : B5B6B7B8;
    0A0D : B1B2B4B5;
    0A0E : B1B1B0B0;
    0A0F : AFAFB0B0;
    0A10 : B6B5B2B1;
    0A11 : B5B5B5B5;
    0A12 : B6B6B5B5;
    0A13 : B6B5B5B5;
    0A14 : B8B8B8B7;
    0A15 : BCBABABA;
    0A16 : BEBEBEBD;
    0A17 : BFBFBEBE;
    0A18 : BEBEBEBE;
    0A19 : BFBFBFBF;
    0A1A : BFBFBFBF;
    0A1B : BFBFBFBF;
    0A1C : BFBFBFBF;
    0A1D : BFBFBFBF;
    0A1E : C0C0C0BF;
    0A1F : C0C0C0C0;
    0A20 : C0C0C0C0;
    0A21 : C0C0C0C0;
    0A22 : C1C1C1C1;
    0A23 : C2C2C2C2;
    0A24 : C2C2C1C1;
    0A25 : C2C2C2C2;
    0A26 : C4C3C3C3;
    0A27 : C4C4C4C4;
    0A28 : C4C4C4C4;
    0A29 : C4C4C4C4;
    0A2A : C5C5C5C5;
    0A2B : C5C5C5C5;
    0A2C : C6C6C5C5;
    0A2D : C6C6C6C6;
    0A2E : C7C7C7C7;
    0A2F : C7C7C6C6;
    0A30 : C7C7C7C7;
    0A31 : C7C7C7C7;
    0A32 : C7C7C7C7;
    0A33 : C8C8C8C8;
    0A34 : C8C8C8C8;
    0A35 : C8C8C8C8;
    0A36 : C9C9C9C9;
    0A37 : C9C8C8C8;
    0A38 : CDCAC8C9;
    0A39 : D1D3D2CF;
    0A3A : DCD9D2D1;
    0A3B : DCDDDDDD;
    0A3C : D5D7D9DA;
    0A3D : CED0D3D5;
    0A3E : C7C9CBCD;
    0A3F : BCBCBDC3;
    0A40 : A8A6A6A7;
    0A41 : A6A5A5A7;
    0A42 : AAA9A7A7;
    0A43 : AFAEADAC;
    0A44 : AFAFAFAF;
    0A45 : ADAEAFAE;
    0A46 : AEAFAFAE;
    0A47 : BCBAB5B0;
    0A48 : BEBEBFBE;
    0A49 : BBBABBBE;
    0A4A : BABAB9BA;
    0A4B : BABBBBBA;
    0A4C : B5B6B8B9;
    0A4D : B1B2B3B5;
    0A4E : ADAEAEAF;
    0A4F : AAAAABAB;
    0A50 : ABABABAB;
    0A51 : B1B0ADAC;
    0A52 : AEAFB0B1;
    0A53 : B0B0B0AF;
    0A54 : B6B8B6B3;
    0A55 : BBBAB8B5;
    0A56 : BEBEBEBC;
    0A57 : BFBFBEBE;
    0A58 : BEBEBEBE;
    0A59 : C0C0C0C0;
    0A5A : BFBFBFBF;
    0A5B : C0C0C0C0;
    0A5C : C0C0C0C0;
    0A5D : C0C0C0C0;
    0A5E : C0C0C1C0;
    0A5F : C0C0C0C0;
    0A60 : C1C1C1C1;
    0A61 : C1C1C1C1;
    0A62 : C2C2C2C2;
    0A63 : C2C2C2C2;
    0A64 : C3C2C2C1;
    0A65 : C3C3C3C3;
    0A66 : C4C4C4C3;
    0A67 : C4C4C4C4;
    0A68 : C5C5C5C5;
    0A69 : C5C5C5C5;
    0A6A : C5C5C5C5;
    0A6B : C5C5C5C5;
    0A6C : C6C6C6C5;
    0A6D : C7C7C7C7;
    0A6E : C7C7C7C7;
    0A6F : C8C7C7C7;
    0A70 : C7C7C7C7;
    0A71 : C8C7C7C8;
    0A72 : C8C8C8C8;
    0A73 : C8C8C8C8;
    0A74 : C8C9C9C8;
    0A75 : CAC9C9C9;
    0A76 : C8CACAC9;
    0A77 : D1D1CDC9;
    0A78 : DBD9D2D2;
    0A79 : D7DBDCDB;
    0A7A : DBDBD7D5;
    0A7B : D9D8D8D9;
    0A7C : D4D5D7D8;
    0A7D : C9CCD0D3;
    0A7E : BEC1C5C7;
    0A7F : B8B9B9BA;
    0A80 : A4A2A3A5;
    0A81 : A3A3A3A3;
    0A82 : A3A3A3A3;
    0A83 : A8A6A5A3;
    0A84 : ADADABAA;
    0A85 : AEAFAFAE;
    0A86 : B2B3B2B0;
    0A87 : BCBBB7B3;
    0A88 : BFC0C0BD;
    0A89 : BEC0C0BE;
    0A8A : BEBDBDBD;
    0A8B : BBBCBCBB;
    0A8C : B6B8B9BA;
    0A8D : B1B2B4B5;
    0A8E : ABADAEB0;
    0A8F : A9AAAAAA;
    0A90 : AAAAAAAA;
    0A91 : AEADABAA;
    0A92 : ACADAEAE;
    0A93 : B3B2B0AD;
    0A94 : B7B8B7B4;
    0A95 : B8B8B9B8;
    0A96 : BEBEBDBB;
    0A97 : BFBFBEBE;
    0A98 : BFBFBFBF;
    0A99 : BFBFBFBF;
    0A9A : C0C0C0C0;
    0A9B : C0C0C0C0;
    0A9C : C0C0C0C0;
    0A9D : C0C0C0C0;
    0A9E : C0C0C1C1;
    0A9F : C1C1C1C1;
    0AA0 : C1C1C1C1;
    0AA1 : C1C1C1C1;
    0AA2 : C2C2C2C2;
    0AA3 : C3C3C2C2;
    0AA4 : C3C3C2C2;
    0AA5 : C3C3C3C3;
    0AA6 : C4C4C3C3;
    0AA7 : C5C5C5C5;
    0AA8 : C5C5C5C5;
    0AA9 : C5C5C5C5;
    0AAA : C6C6C6C6;
    0AAB : C6C6C6C6;
    0AAC : C7C7C6C6;
    0AAD : C7C7C7C7;
    0AAE : C7C7C7C7;
    0AAF : C8C8C8C7;
    0AB0 : C8C8C8C8;
    0AB1 : C8C8C8C8;
    0AB2 : C8C8C8C8;
    0AB3 : C9C9C9C9;
    0AB4 : C8C9C9C8;
    0AB5 : CAC9C9C9;
    0AB6 : CFCBC9CB;
    0AB7 : DBDCD9D4;
    0AB8 : DCDDDADB;
    0AB9 : D6D8DADA;
    0ABA : D7D7D7D5;
    0ABB : D6D5D5D7;
    0ABC : C9CDD2D5;
    0ABD : C5C5C7C8;
    0ABE : B9BBBFC1;
    0ABF : B9B9B9B8;
    0AC0 : A3A4A5A5;
    0AC1 : A1A2A2A2;
    0AC2 : A1A1A0A0;
    0AC3 : A2A2A1A1;
    0AC4 : A8A6A4A2;
    0AC5 : B5B2AEAA;
    0AC6 : BBBBB9B6;
    0AC7 : C3C2BFBC;
    0AC8 : C5C7C7C5;
    0AC9 : C3C3C4C5;
    0ACA : BDBEC1C3;
    0ACB : BBBDBEBE;
    0ACC : B8B9B9BA;
    0ACD : B3B4B5B6;
    0ACE : ADAFB0B1;
    0ACF : ABABABAB;
    0AD0 : AAAAABAC;
    0AD1 : AFAEACAB;
    0AD2 : B0B0B0B0;
    0AD3 : B4B2B2B0;
    0AD4 : B8B8B8B7;
    0AD5 : B6B6BABB;
    0AD6 : BEBEBCBA;
    0AD7 : BFBFBEBE;
    0AD8 : BFBFBFBF;
    0AD9 : BFBFBFBF;
    0ADA : C0C0C0C0;
    0ADB : C0C0C0C0;
    0ADC : C0C0C0C0;
    0ADD : C0C0C0C0;
    0ADE : C1C1C1C1;
    0ADF : C1C1C1C1;
    0AE0 : C2C2C2C2;
    0AE1 : C2C2C2C2;
    0AE2 : C2C2C2C2;
    0AE3 : C3C3C3C3;
    0AE4 : C3C3C3C2;
    0AE5 : C4C4C4C3;
    0AE6 : C4C4C4C4;
    0AE7 : C5C5C5C5;
    0AE8 : C5C5C5C5;
    0AE9 : C5C5C5C5;
    0AEA : C6C6C6C6;
    0AEB : C6C6C6C6;
    0AEC : C7C7C7C6;
    0AED : C7C7C7C7;
    0AEE : C7C7C7C7;
    0AEF : C8C8C8C7;
    0AF0 : C8C8C8C8;
    0AF1 : C9C8C8C9;
    0AF2 : C9C9C9C9;
    0AF3 : C9C9C9C9;
    0AF4 : C9CACAC9;
    0AF5 : CBCACACA;
    0AF6 : DAD6D0CD;
    0AF7 : D8DBDCDC;
    0AF8 : D8D9D9D9;
    0AF9 : D2D4D6D8;
    0AFA : D3D0D1D1;
    0AFB : CDD0D2D2;
    0AFC : C0C3C8CB;
    0AFD : BFBFC0BF;
    0AFE : B7B9BBBD;
    0AFF : BBB8B8B7;
    0B00 : A3A4A6A6;
    0B01 : A2A2A3A3;
    0B02 : A0A0A0A0;
    0B03 : A0A0A0A0;
    0B04 : A5A4A1A0;
    0B05 : B7B0AEA8;
    0B06 : BFBBB9BA;
    0B07 : CAC6C2C0;
    0B08 : CBCECDCB;
    0B09 : BDBAC0C7;
    0B0A : BEBEBFC0;
    0B0B : BCBEBEBE;
    0B0C : B8B9BABB;
    0B0D : B3B4B4B7;
    0B0E : ADAFB1B1;
    0B0F : ABABABAB;
    0B10 : AAA9AAAB;
    0B11 : AFAEABAA;
    0B12 : B3B2B1B0;
    0B13 : B6B4B2B2;
    0B14 : B9B9B8B8;
    0B15 : B9B7BBBA;
    0B16 : BFBDBBBA;
    0B17 : BFBFBFBF;
    0B18 : C0C0C0C0;
    0B19 : C0C0BFBF;
    0B1A : C0C0C0C0;
    0B1B : C0C0C0C0;
    0B1C : C1C1C1C1;
    0B1D : C1C1C1C1;
    0B1E : C1C1C1C1;
    0B1F : C2C2C2C1;
    0B20 : C2C2C2C2;
    0B21 : C2C2C2C2;
    0B22 : C3C3C3C3;
    0B23 : C3C3C4C4;
    0B24 : C4C4C3C3;
    0B25 : C5C5C5C4;
    0B26 : C5C5C5C5;
    0B27 : C6C6C6C6;
    0B28 : C6C6C6C6;
    0B29 : C5C5C5C5;
    0B2A : C7C7C7C7;
    0B2B : C7C7C7C7;
    0B2C : C7C7C7C7;
    0B2D : C8C8C7C7;
    0B2E : C8C8C8C8;
    0B2F : C9C9C8C8;
    0B30 : C9C9C9C9;
    0B31 : C9C9C9C9;
    0B32 : C9C9C9C9;
    0B33 : C9C9CACA;
    0B34 : CAC9C9C9;
    0B35 : D0CECDCC;
    0B36 : DBDAD7D3;
    0B37 : DADBDCDC;
    0B38 : D4D4D7D9;
    0B39 : CED0D2D3;
    0B3A : CAC8C9CC;
    0B3B : C3C7CBCC;
    0B3C : BDBDBFC1;
    0B3D : BCBDBEBE;
    0B3E : BAB9BBBD;
    0B3F : BCBBBBBA;
    0B40 : A3A3A4A5;
    0B41 : A4A4A4A4;
    0B42 : A2A2A3A4;
    0B43 : A0A0A0A0;
    0B44 : A4A4A2A1;
    0B45 : B2AFADA7;
    0B46 : BEBBB7B4;
    0B47 : C6C4C4C0;
    0B48 : C7CBCCC9;
    0B49 : B4B2B5BD;
    0B4A : B8B8B7B6;
    0B4B : BEC0C0BD;
    0B4C : B8B9BABC;
    0B4D : B3B4B4B7;
    0B4E : ADAFB0B1;
    0B4F : A8A9A9AA;
    0B50 : A9A9A9AA;
    0B51 : ABAAA9A9;
    0B52 : B0AFADAC;
    0B53 : B5B2B0B0;
    0B54 : BBBAB7B7;
    0B55 : BBB8BBBC;
    0B56 : BEBDBBBB;
    0B57 : BFBFBFBF;
    0B58 : C0C0C0C0;
    0B59 : C0C0BFBF;
    0B5A : C0C0C0C0;
    0B5B : C0C0C0C0;
    0B5C : C1C1C1C1;
    0B5D : C2C1C1C1;
    0B5E : C1C1C2C2;
    0B5F : C3C2C2C2;
    0B60 : C2C2C2C2;
    0B61 : C3C3C3C3;
    0B62 : C3C3C3C3;
    0B63 : C3C4C4C4;
    0B64 : C4C4C4C4;
    0B65 : C6C6C5C5;
    0B66 : C6C6C6C6;
    0B67 : C7C7C7C7;
    0B68 : C7C7C7C7;
    0B69 : C6C6C6C6;
    0B6A : C7C7C7C7;
    0B6B : C7C7C7C7;
    0B6C : C7C7C7C7;
    0B6D : C8C8C8C7;
    0B6E : C8C8C8C8;
    0B6F : C9C9C9C9;
    0B70 : C9C9C9C9;
    0B71 : CACACACA;
    0B72 : CACACACA;
    0B73 : CBCACACA;
    0B74 : CDCACACB;
    0B75 : D7D4D1CE;
    0B76 : DADADAD9;
    0B77 : D8D9D9D9;
    0B78 : D0D2D4D7;
    0B79 : C8C9CBCD;
    0B7A : BFC0C3C7;
    0B7B : BEC0C1C2;
    0B7C : B9B9BABC;
    0B7D : BBBABAB9;
    0B7E : C4BEBCBC;
    0B7F : C0C3C6C7;
    0B80 : A2A2A2A2;
    0B81 : A5A5A4A4;
    0B82 : A4A5A6A6;
    0B83 : A3A3A3A2;
    0B84 : A7A6A5A4;
    0B85 : ADADABA7;
    0B86 : B7B7B2AE;
    0B87 : B9B9B9B7;
    0B88 : C7C9C5BF;
    0B89 : B6B6B9BF;
    0B8A : B4B6B6B6;
    0B8B : BFBFBBB7;
    0B8C : B8B9BCBD;
    0B8D : B2B4B5B8;
    0B8E : ACAEB0B0;
    0B8F : A8A9AAAB;
    0B90 : A8A8A9A9;
    0B91 : A9A8A8A8;
    0B92 : ADADABAA;
    0B93 : B4B1AEAD;
    0B94 : BDBAB7B5;
    0B95 : BDBBBBBD;
    0B96 : BEBEBDBC;
    0B97 : BFBFBFBF;
    0B98 : C0C0C0C0;
    0B99 : C0C0BFBF;
    0B9A : C1C1C1C1;
    0B9B : C0C0C0C0;
    0B9C : C1C1C1C1;
    0B9D : C2C1C1C1;
    0B9E : C2C2C2C2;
    0B9F : C3C3C3C2;
    0BA0 : C2C2C3C3;
    0BA1 : C3C3C3C3;
    0BA2 : C4C4C4C4;
    0BA3 : C5C5C4C4;
    0BA4 : C6C6C5C5;
    0BA5 : C6C6C5C5;
    0BA6 : C6C6C6C6;
    0BA7 : C7C7C7C7;
    0BA8 : C7C7C7C7;
    0BA9 : C6C6C6C6;
    0BAA : C7C7C7C7;
    0BAB : C8C8C8C8;
    0BAC : C8C8C8C8;
    0BAD : C9C9C8C8;
    0BAE : C9C9C9C9;
    0BAF : CACAC9C9;
    0BB0 : CACACACA;
    0BB1 : CACACACA;
    0BB2 : CACACACA;
    0BB3 : CCCBCACA;
    0BB4 : D0CECDCD;
    0BB5 : DAD7D5D3;
    0BB6 : D8D8D8DA;
    0BB7 : D5D7D7D7;
    0BB8 : CCCDD1D4;
    0BB9 : C3C2C5C9;
    0BBA : B8BBBFC2;
    0BBB : B9B8B8B9;
    0BBC : BABAB9B9;
    0BBD : BDBBBABA;
    0BBE : C5C2C1BF;
    0BBF : C4C5C6C7;
    0BC0 : A1A1A1A1;
    0BC1 : A5A4A3A2;
    0BC2 : A7A7A7A7;
    0BC3 : A7A7A7A6;
    0BC4 : ACAAA8A7;
    0BC5 : ADADADAC;
    0BC6 : B3B2B1AF;
    0BC7 : B4B2B2B1;
    0BC8 : C9C0B7B5;
    0BC9 : C0C0C5CB;
    0BCA : BEC0C0BF;
    0BCB : BEBDBCBC;
    0BCC : B8B9BCBD;
    0BCD : B1B3B5B8;
    0BCE : ACADAFB0;
    0BCF : A8A9AAAC;
    0BD0 : A6A7A8A7;
    0BD1 : A8A7A6A6;
    0BD2 : A9A9A9A9;
    0BD3 : ADABAAAA;
    0BD4 : BBB7B2B1;
    0BD5 : BEBEBEBD;
    0BD6 : BFBFBFBF;
    0BD7 : BFBFBFBF;
    0BD8 : C0C0C0C0;
    0BD9 : C0C0BFBF;
    0BDA : C1C1C1C1;
    0BDB : C0C0C0C0;
    0BDC : C1C1C1C1;
    0BDD : C2C1C1C1;
    0BDE : C2C2C2C2;
    0BDF : C3C3C3C2;
    0BE0 : C3C3C3C3;
    0BE1 : C4C4C4C4;
    0BE2 : C4C4C4C4;
    0BE3 : C6C5C5C4;
    0BE4 : C7C6C6C6;
    0BE5 : C7C6C6C6;
    0BE6 : C7C7C7C7;
    0BE7 : C7C7C7C7;
    0BE8 : C7C7C7C7;
    0BE9 : C7C7C7C7;
    0BEA : C7C7C7C7;
    0BEB : C8C8C8C8;
    0BEC : C8C8C8C8;
    0BED : C9C9C8C8;
    0BEE : C9C9C9C9;
    0BEF : CACACAC9;
    0BF0 : CACACACA;
    0BF1 : CACACACA;
    0BF2 : CACACACA;
    0BF3 : CCCBCACA;
    0BF4 : D4D5D3CF;
    0BF5 : D8D7D7D7;
    0BF6 : D6D5D4D6;
    0BF7 : D5D6D6D6;
    0BF8 : C9CACED1;
    0BF9 : C1C1C5C8;
    0BFA : BABCBEC0;
    0BFB : BAB9B8B8;
    0BFC : BEBEBEBC;
    0BFD : BEBDBCBD;
    0BFE : C2C2C2C0;
    0BFF : C6C5C5C3;
    0C00 : 9F9FA09F;
    0C01 : A5A3A19F;
    0C02 : A7A6A5A5;
    0C03 : A9A9A9A9;
    0C04 : ABABAAAA;
    0C05 : ADACACAC;
    0C06 : B4B2B0AE;
    0C07 : B6B5B4B4;
    0C08 : BEB5B5B8;
    0C09 : C5C8CAC9;
    0C0A : C3C6C6C4;
    0C0B : BEBFC0C1;
    0C0C : B9BABABD;
    0C0D : B1B4B6B8;
    0C0E : ACAEB0B0;
    0C0F : A7A9AAAB;
    0C10 : A5A6A7A6;
    0C11 : A5A4A4A4;
    0C12 : A9A8A7A6;
    0C13 : A7A7A8A9;
    0C14 : B0AAA5A5;
    0C15 : BDBBBAB6;
    0C16 : BFC1C0C0;
    0C17 : C0C0C0C0;
    0C18 : C1C0C0C1;
    0C19 : C0C0C0C0;
    0C1A : C1C1C1C1;
    0C1B : C0C0C0C0;
    0C1C : C1C1C0C0;
    0C1D : C2C2C2C1;
    0C1E : C3C3C2C2;
    0C1F : C3C3C3C2;
    0C20 : C4C4C3C3;
    0C21 : C4C4C4C4;
    0C22 : C5C5C5C5;
    0C23 : C6C6C6C6;
    0C24 : C7C7C7C6;
    0C25 : C7C7C7C7;
    0C26 : C7C7C7C7;
    0C27 : C8C8C7C7;
    0C28 : C7C7C7C7;
    0C29 : C8C8C7C7;
    0C2A : C8C8C8C8;
    0C2B : C8C8C8C8;
    0C2C : C9C9C9C9;
    0C2D : CAC9C9C9;
    0C2E : CACACACA;
    0C2F : CACACACA;
    0C30 : CACACACA;
    0C31 : CBCBCACA;
    0C32 : CBCBCBCB;
    0C33 : CECBC9CA;
    0C34 : D5D6D6D3;
    0C35 : D1D2D4D5;
    0C36 : D4D3D1CF;
    0C37 : D1D4D5D7;
    0C38 : C5C7CACE;
    0C39 : C3C2C2C3;
    0C3A : BDBEBFC1;
    0C3B : C1C2BFBB;
    0C3C : C1C2C1BF;
    0C3D : C0C0BFC0;
    0C3E : C1C1C1C0;
    0C3F : C2C1C1C1;
    0C40 : 9F9D9D9D;
    0C41 : A4A2A09F;
    0C42 : A5A3A3A3;
    0C43 : A7A7A7A6;
    0C44 : ABABAAA9;
    0C45 : ABAAAAAA;
    0C46 : B0AEACAA;
    0C47 : B6B5B3B1;
    0C48 : B5B4B7B6;
    0C49 : BBBBBAB8;
    0C4A : C0C0C0BD;
    0C4B : BCBDBEBF;
    0C4C : B4B5B7B9;
    0C4D : B1B3B4B3;
    0C4E : ACAEB0B0;
    0C4F : A7A9AAAB;
    0C50 : A5A6A7A6;
    0C51 : A5A5A5A6;
    0C52 : A6A6A4A4;
    0C53 : A6A5A6A6;
    0C54 : A4A5A6A7;
    0C55 : BAB1ABA8;
    0C56 : BFBFC0BF;
    0C57 : C0C0C0C0;
    0C58 : C1C0C0C1;
    0C59 : C1C1C1C1;
    0C5A : C2C2C2C2;
    0C5B : C1C1C1C1;
    0C5C : C1C1C0C0;
    0C5D : C3C3C2C2;
    0C5E : C3C3C2C2;
    0C5F : C4C4C3C3;
    0C60 : C5C4C4C4;
    0C61 : C5C5C5C5;
    0C62 : C5C5C5C5;
    0C63 : C7C7C7C7;
    0C64 : C8C7C7C7;
    0C65 : C8C8C8C8;
    0C66 : C8C8C8C8;
    0C67 : C8C8C7C7;
    0C68 : C8C8C8C8;
    0C69 : C8C8C7C7;
    0C6A : C8C8C8C8;
    0C6B : C8C8C8C8;
    0C6C : C9C9C9C9;
    0C6D : CACACAC9;
    0C6E : CACACACA;
    0C6F : CACACACA;
    0C70 : CBCBCBCB;
    0C71 : CBCBCACA;
    0C72 : C9CACACB;
    0C73 : D4CEC9C8;
    0C74 : D4D6D7D7;
    0C75 : CBCCCFD3;
    0C76 : D2D2CFCB;
    0C77 : CED2D3D3;
    0C78 : C5C5C7CC;
    0C79 : C4C4C3C4;
    0C7A : C1BEC0C5;
    0C7B : C9CAC8C4;
    0C7C : C3C2C4C6;
    0C7D : C2C3C3C3;
    0C7E : C2C1C1C2;
    0C7F : C2C2C2C2;
    0C80 : 9F9E9D9D;
    0C81 : A09F9E9F;
    0C82 : A19F9F9F;
    0C83 : A5A4A2A2;
    0C84 : A8A7A6A5;
    0C85 : A9A9A8A8;
    0C86 : ACABAAAA;
    0C87 : B3B1AFAD;
    0C88 : B0AFB0B1;
    0C89 : B0B0AFAF;
    0C8A : B6B5B3B2;
    0C8B : B3B3B4B5;
    0C8C : ADAFB1B3;
    0C8D : ADADADAC;
    0C8E : ABADADAD;
    0C8F : A7A9AAAB;
    0C90 : A5A6A7A6;
    0C91 : A5A5A5A6;
    0C92 : A4A4A4A4;
    0C93 : A4A3A2A3;
    0C94 : A3A2A3A4;
    0C95 : AEA7A4A3;
    0C96 : C1BFBEB7;
    0C97 : C1C1C1C1;
    0C98 : C1C1C1C2;
    0C99 : C1C1C1C1;
    0C9A : C2C2C2C2;
    0C9B : C1C1C1C1;
    0C9C : C2C1C1C1;
    0C9D : C2C2C2C2;
    0C9E : C3C4C3C3;
    0C9F : C4C4C3C3;
    0CA0 : C5C5C4C4;
    0CA1 : C5C5C5C5;
    0CA2 : C6C6C6C6;
    0CA3 : C7C7C7C7;
    0CA4 : C8C8C8C7;
    0CA5 : C8C8C8C8;
    0CA6 : C8C8C8C8;
    0CA7 : C9C9C8C8;
    0CA8 : C8C8C8C8;
    0CA9 : C9C8C8C8;
    0CAA : C9C9C9C9;
    0CAB : C9C9C9C9;
    0CAC : CACACACA;
    0CAD : CBCACACA;
    0CAE : CBCBCBCB;
    0CAF : CBCBCBCB;
    0CB0 : CBCBCBCB;
    0CB1 : CBCBCCCC;
    0CB2 : C7C8C9CA;
    0CB3 : D6D2CCC8;
    0CB4 : CDD1D4D7;
    0CB5 : CDCCCDCD;
    0CB6 : CFCDCECC;
    0CB7 : CFD0D0D0;
    0CB8 : C5C6C8CC;
    0CB9 : CACBC8C5;
    0CBA : C5C1C2C6;
    0CBB : C9C9C8C6;
    0CBC : C3C2C4C6;
    0CBD : C4C3C3C3;
    0CBE : C5C3C3C4;
    0CBF : C5C6C6C5;
    0CC0 : A2A2A3A2;
    0CC1 : 9E9EA0A2;
    0CC2 : A09E9E9E;
    0CC3 : A3A2A09F;
    0CC4 : A5A5A4A4;
    0CC5 : A6A6A6A6;
    0CC6 : AAA9A8A7;
    0CC7 : AFAEADAC;
    0CC8 : ABADAEAF;
    0CC9 : ABABABAB;
    0CCA : ADACABAB;
    0CCB : AEAEAEAE;
    0CCC : AAACADAE;
    0CCD : AAAAAAA9;
    0CCE : AAABACAB;
    0CCF : A7A9AAAB;
    0CD0 : A5A6A7A6;
    0CD1 : A4A4A5A6;
    0CD2 : A3A3A3A4;
    0CD3 : A0A0A1A3;
    0CD4 : A2A2A2A1;
    0CD5 : A9A7A4A1;
    0CD6 : BFB4AFAA;
    0CD7 : C1C1C1C1;
    0CD8 : C2C1C1C2;
    0CD9 : C2C2C2C2;
    0CDA : C2C2C2C2;
    0CDB : C2C2C2C2;
    0CDC : C2C2C1C1;
    0CDD : C3C3C3C2;
    0CDE : C4C4C3C3;
    0CDF : C5C4C4C4;
    0CE0 : C5C5C5C4;
    0CE1 : C5C5C5C5;
    0CE2 : C6C6C6C6;
    0CE3 : C7C7C7C7;
    0CE4 : C8C8C8C7;
    0CE5 : C9C9C9C9;
    0CE6 : C9C9C9C9;
    0CE7 : C9C9C8C8;
    0CE8 : C9C9C9C9;
    0CE9 : C9C9C8C8;
    0CEA : C9C9C9C9;
    0CEB : C9C9C9C9;
    0CEC : CACACACA;
    0CED : CBCBCACA;
    0CEE : CBCBCBCB;
    0CEF : CBCBCBCB;
    0CF0 : CCCCCCCC;
    0CF1 : CBCBCCCC;
    0CF2 : CACAC9C9;
    0CF3 : D1D2CECB;
    0CF4 : C9CCCBCE;
    0CF5 : CCCCCAC7;
    0CF6 : CEC9CBCB;
    0CF7 : D0CECBCD;
    0CF8 : C5CACCCE;
    0CF9 : CCCFCAC2;
    0CFA : C3C4C6C9;
    0CFB : C5C5C3C2;
    0CFC : C9C9C8C7;
    0CFD : CCC8C7C9;
    0CFE : CBCAC9CB;
    0CFF : CBCDCDCC;
    0D00 : A2A2A19F;
    0D01 : A2A3A4A4;
    0D02 : A2A09FA1;
    0D03 : A4A2A1A2;
    0D04 : A5A5A4A5;
    0D05 : A6A7A7A4;
    0D06 : A8A6A6A6;
    0D07 : ACABAAA9;
    0D08 : ABACACAC;
    0D09 : A9AAABAB;
    0D0A : A8A8A8A9;
    0D0B : ABABABAB;
    0D0C : ACACABAC;
    0D0D : ABAAAAAB;
    0D0E : ABACACAC;
    0D0F : A9AAAAAA;
    0D10 : A6A6A7A8;
    0D11 : A5A5A6A6;
    0D12 : A5A3A3A5;
    0D13 : 9FA0A2A4;
    0D14 : A1A2A19F;
    0D15 : ACA7A4A2;
    0D16 : BAB4AEB0;
    0D17 : C3C3C0BD;
    0D18 : C3C2C2C3;
    0D19 : C3C2C3C4;
    0D1A : C2C2C2C3;
    0D1B : C2C2C2C2;
    0D1C : C3C3C3C2;
    0D1D : C4C4C4C4;
    0D1E : C5C4C4C4;
    0D1F : C5C5C5C5;
    0D20 : C6C6C5C5;
    0D21 : C6C6C6C6;
    0D22 : C7C7C6C6;
    0D23 : C8C8C8C8;
    0D24 : C7C8C8C8;
    0D25 : C9C9C9C9;
    0D26 : C9C9C9C9;
    0D27 : C9C9C9C9;
    0D28 : C9C9C9C9;
    0D29 : CACACAC9;
    0D2A : CACACACA;
    0D2B : C9C9C9C9;
    0D2C : CACACAC9;
    0D2D : CBCCCBCA;
    0D2E : CCCCCCCC;
    0D2F : CCCCCBCB;
    0D30 : CCCDCDCC;
    0D31 : CBCBCCCC;
    0D32 : CACACACB;
    0D33 : C8C9CACA;
    0D34 : C6C9C6C7;
    0D35 : CAC8C5C3;
    0D36 : CAC9CACB;
    0D37 : C7C6C7CA;
    0D38 : C9D0CFCA;
    0D39 : C6C5C3C2;
    0D3A : C3C4C4C4;
    0D3B : CAC7C5C2;
    0D3C : CFCCCCCD;
    0D3D : D2D3D3D4;
    0D3E : D7D5D0CE;
    0D3F : CCCED2D5;
    0D40 : 9E9C9B9A;
    0D41 : A5A3A1A0;
    0D42 : A6A4A3A3;
    0D43 : A7A7A7A6;
    0D44 : A7A7A7A7;
    0D45 : A8A8A8A6;
    0D46 : A7A6A7A8;
    0D47 : ABAAA9A8;
    0D48 : AAABACAB;
    0D49 : ABABABAC;
    0D4A : AEAEADAD;
    0D4B : ADAEAFAF;
    0D4C : B0AFAEAD;
    0D4D : ACACAEAF;
    0D4E : ABABABAB;
    0D4F : A8A8A9A9;
    0D50 : A6A6A6A7;
    0D51 : A6A5A5A5;
    0D52 : A7A5A5A6;
    0D53 : A1A2A5A7;
    0D54 : A09F9FA0;
    0D55 : ABA6A3A2;
    0D56 : BDBDBCB5;
    0D57 : C3C3C0BE;
    0D58 : C3C2C2C3;
    0D59 : C3C3C3C4;
    0D5A : C4C4C4C4;
    0D5B : C3C3C3C3;
    0D5C : C4C4C3C3;
    0D5D : C4C4C4C4;
    0D5E : C5C5C5C4;
    0D5F : C5C5C5C5;
    0D60 : C6C6C6C5;
    0D61 : C7C7C7C7;
    0D62 : C7C7C7C7;
    0D63 : C8C8C8C8;
    0D64 : C7C8C8C8;
    0D65 : C9C9C9C9;
    0D66 : C8C8C8C8;
    0D67 : CACACACA;
    0D68 : CACACACA;
    0D69 : CACBCBCA;
    0D6A : CACACACA;
    0D6B : CACACACA;
    0D6C : CBCBCACA;
    0D6D : CCCCCCCB;
    0D6E : CCCCCCCC;
    0D6F : CDCCCCCC;
    0D70 : CCCDCDCC;
    0D71 : CBCBCCCC;
    0D72 : C8C8CACB;
    0D73 : C4C5C6C6;
    0D74 : C5C5C4C6;
    0D75 : C9C7C4C3;
    0D76 : CBC9CACA;
    0D77 : C7C3C6CC;
    0D78 : CACCCBC9;
    0D79 : C4C4C3C5;
    0D7A : C5C5C5C5;
    0D7B : CBCAC8C6;
    0D7C : D4CECACB;
    0D7D : CFCFD1D3;
    0D7E : D1D0CDCD;
    0D7F : D0CDCCCE;
    0D80 : 9A989796;
    0D81 : A29F9C9A;
    0D82 : A7A6A4A4;
    0D83 : A7A7A7A7;
    0D84 : A8A8A8A8;
    0D85 : A8A7A7A7;
    0D86 : A9A8A8A9;
    0D87 : AEADABAB;
    0D88 : AEAEADAE;
    0D89 : B2B1B0AF;
    0D8A : B4B3B3B2;
    0D8B : B1B2B3B4;
    0D8C : B1B1B1B1;
    0D8D : AFB0B1B1;
    0D8E : A9A9ABAD;
    0D8F : A6A6A7A8;
    0D90 : A5A4A4A6;
    0D91 : A6A6A5A5;
    0D92 : A7A6A6A6;
    0D93 : A4A5A7A7;
    0D94 : 9E9FA1A4;
    0D95 : A7A3A1A0;
    0D96 : C2C1B9AD;
    0D97 : C2C2C2C2;
    0D98 : C3C2C2C2;
    0D99 : C3C4C4C3;
    0D9A : C5C5C4C3;
    0D9B : C4C4C4C4;
    0D9C : C4C4C3C3;
    0D9D : C4C4C4C4;
    0D9E : C6C5C5C4;
    0D9F : C6C6C6C6;
    0DA0 : C7C7C6C6;
    0DA1 : C7C7C7C7;
    0DA2 : C7C7C8C8;
    0DA3 : C8C8C8C8;
    0DA4 : C7C8C8C8;
    0DA5 : C9C9C9C9;
    0DA6 : C9C9C8C7;
    0DA7 : CACACACA;
    0DA8 : CACACACA;
    0DA9 : CACBCBCA;
    0DAA : CBCBCBCB;
    0DAB : CACACACA;
    0DAC : CBCBCBCA;
    0DAD : CCCDCCCB;
    0DAE : CDCDCDCD;
    0DAF : CDCDCCCC;
    0DB0 : CCCDCDCC;
    0DB1 : CACACBCC;
    0DB2 : C6C7C9CA;
    0DB3 : C6C6C6C6;
    0DB4 : C6C8C9C7;
    0DB5 : C8C7C7C6;
    0DB6 : C9C8C9C9;
    0DB7 : C8C7C6C8;
    0DB8 : C8C8C7C9;
    0DB9 : C7C7C7C8;
    0DBA : C8C8C8C8;
    0DBB : CBCBC9C9;
    0DBC : D2CDC9C9;
    0DBD : D1CFCFD1;
    0DBE : CACDCED0;
    0DBF : CCCCCCCA;
    0DC0 : 97959393;
    0DC1 : 9D9C9998;
    0DC2 : A0A0A0A0;
    0DC3 : A6A3A2A3;
    0DC4 : A8A8A8A8;
    0DC5 : AAA8A8A8;
    0DC6 : ADABA9A9;
    0DC7 : B0AFADAD;
    0DC8 : B1AFAEAF;
    0DC9 : B3B3B3B3;
    0DCA : B0B0B1B1;
    0DCB : B1B0B0B0;
    0DCC : B0B0B0B1;
    0DCD : AFB0B0AF;
    0DCE : ABAAACAE;
    0DCF : A6A7A8A9;
    0DD0 : A4A4A4A5;
    0DD1 : A6A6A5A5;
    0DD2 : A5A6A6A5;
    0DD3 : A7A7A7A6;
    0DD4 : A1A3A5A5;
    0DD5 : A4A1A1A1;
    0DD6 : C2BFB2A8;
    0DD7 : C4C3C2C3;
    0DD8 : C3C2C2C3;
    0DD9 : C0C1C3C3;
    0DDA : C5C5C4C2;
    0DDB : C5C5C5C5;
    0DDC : C5C4C4C4;
    0DDD : C5C5C5C5;
    0DDE : C6C6C5C5;
    0DDF : C6C6C6C6;
    0DE0 : C7C7C7C6;
    0DE1 : C7C7C7C7;
    0DE2 : C7C7C8C9;
    0DE3 : C8C8C8C8;
    0DE4 : C7C8C8C8;
    0DE5 : C9C9C9C9;
    0DE6 : CACAC8C8;
    0DE7 : CACACACA;
    0DE8 : CACACACA;
    0DE9 : CBCCCCCB;
    0DEA : CBCBCBCB;
    0DEB : CACACACA;
    0DEC : CCCBCBCB;
    0DED : CDCDCDCC;
    0DEE : CDCDCDCD;
    0DEF : CDCDCDCC;
    0DF0 : CCCDCDCC;
    0DF1 : C9CACBCB;
    0DF2 : C9C9C9C9;
    0DF3 : C9C9C8C8;
    0DF4 : C8C9CACB;
    0DF5 : CACAC9C9;
    0DF6 : CACACACB;
    0DF7 : CCCBCAC9;
    0DF8 : CACACACC;
    0DF9 : CBCBCBCB;
    0DFA : CBCBCBCB;
    0DFB : CCCDCBCB;
    0DFC : CDCDCCCB;
    0DFD : D4D0CFD0;
    0DFE : CCCFD0D3;
    0DFF : C7C6C6C8;
    0E00 : 94929090;
    0E01 : 99969695;
    0E02 : 9E9C9C9A;
    0E03 : A29F9E9E;
    0E04 : A9A8A7A4;
    0E05 : ADACABAB;
    0E06 : B0AFAEAD;
    0E07 : B0AFAFAF;
    0E08 : AFB0B1B1;
    0E09 : B1B1B0B0;
    0E0A : ABACADAE;
    0E0B : ABABABAB;
    0E0C : ABACACAB;
    0E0D : ABACACAA;
    0E0E : A9A9AAAB;
    0E0F : A5A7A8A9;
    0E10 : A1A2A3A4;
    0E11 : A1A1A1A1;
    0E12 : A3A3A3A1;
    0E13 : A5A4A4A3;
    0E14 : A3A5A5A4;
    0E15 : A5A4A4A4;
    0E16 : C1BFB2A7;
    0E17 : C3C2C2C2;
    0E18 : C1C3C4C3;
    0E19 : C2C1C2C1;
    0E1A : C5C4C4C4;
    0E1B : C6C6C5C5;
    0E1C : C5C5C5C5;
    0E1D : C6C6C6C6;
    0E1E : C7C7C6C6;
    0E1F : C7C7C7C7;
    0E20 : C7C7C7C7;
    0E21 : C7C7C7C7;
    0E22 : C8C8C8C8;
    0E23 : C8C8C8C8;
    0E24 : C8C9C9C9;
    0E25 : C9C9C8C8;
    0E26 : CAC9C9C9;
    0E27 : CACACACA;
    0E28 : CBCBCBCB;
    0E29 : CCCCCCCC;
    0E2A : CBCBCBCC;
    0E2B : CCCCCCCC;
    0E2C : CCCBCBCB;
    0E2D : CDCDCDCC;
    0E2E : CDCDCDCD;
    0E2F : CDCDCDCD;
    0E30 : CCCCCCCC;
    0E31 : CBCBCBCB;
    0E32 : CBCBCBCB;
    0E33 : CDCCCCCC;
    0E34 : CCCCCDCD;
    0E35 : CCCCCCCC;
    0E36 : CDCDCDCD;
    0E37 : CECECECE;
    0E38 : CECECECE;
    0E39 : CECECECE;
    0E3A : CECECECE;
    0E3B : CECECECE;
    0E3C : CFD0CFCF;
    0E3D : D4D3D1D0;
    0E3E : CFD0D1D3;
    0E3F : C9CACDCF;
    0E40 : 91929394;
    0E41 : 95939393;
    0E42 : 9B9A9896;
    0E43 : A09F9D9C;
    0E44 : A9A7A4A1;
    0E45 : AEAEADAC;
    0E46 : AFAEAEAE;
    0E47 : B1B0AFAF;
    0E48 : AEB0B1B2;
    0E49 : ADADACAC;
    0E4A : A9AAABAC;
    0E4B : A7A7A8A8;
    0E4C : A7A8A8A7;
    0E4D : A7A8A8A7;
    0E4E : A5A5A7A7;
    0E4F : A3A4A6A6;
    0E50 : 9E9FA1A2;
    0E51 : 9F9E9E9E;
    0E52 : A0A09F9E;
    0E53 : A0A0A09F;
    0E54 : A7A5A2A1;
    0E55 : A8AAA9A7;
    0E56 : C1BFB1A8;
    0E57 : C2C3C0C1;
    0E58 : C3C3C3C2;
    0E59 : C4C4C3C3;
    0E5A : C5C5C5C4;
    0E5B : C6C6C6C5;
    0E5C : C6C6C6C6;
    0E5D : C7C7C7C7;
    0E5E : C8C8C7C7;
    0E5F : C8C8C8C8;
    0E60 : C8C8C8C8;
    0E61 : C8C8C8C8;
    0E62 : C8C8C8C8;
    0E63 : C8C8C8C8;
    0E64 : C9C9C9C9;
    0E65 : C9C9C8C8;
    0E66 : CAC9C9C9;
    0E67 : CBCBCBCB;
    0E68 : CCCCCCCC;
    0E69 : CCCCCCCC;
    0E6A : CDCDCDCD;
    0E6B : CCCCCCCC;
    0E6C : CDCDCDCC;
    0E6D : CDCDCDCC;
    0E6E : CDCDCDCD;
    0E6F : CDCDCDCD;
    0E70 : CDCDCDCD;
    0E71 : CDCDCDCD;
    0E72 : CECECECE;
    0E73 : CFCFCFCE;
    0E74 : CFCFCFCF;
    0E75 : CECECFCF;
    0E76 : CFCFCFCF;
    0E77 : CFCFCFCF;
    0E78 : D0D1D0CF;
    0E79 : D0D0D0D0;
    0E7A : D0D0D0D0;
    0E7B : D0D0D0D0;
    0E7C : D1D1D0D0;
    0E7D : D2D2D2D1;
    0E7E : D1D1D1D2;
    0E7F : CFD0D1D1;
    0E80 : 999D9E9B;
    0E81 : 999A9A99;
    0E82 : 989A9B9A;
    0E83 : A19F9C9B;
    0E84 : A6A3A2A1;
    0E85 : AAAAA9A8;
    0E86 : ABAAAAAA;
    0E87 : AFAEACAB;
    0E88 : AEB0B0B1;
    0E89 : ABABACAC;
    0E8A : A9A9AAAA;
    0E8B : A6A7A8A9;
    0E8C : A4A5A6A6;
    0E8D : A4A5A5A4;
    0E8E : A2A2A3A4;
    0E8F : 9FA0A2A2;
    0E90 : 9E9E9E9E;
    0E91 : 9D9D9C9C;
    0E92 : 9F9F9E9D;
    0E93 : 9E9F9F9E;
    0E94 : A09E9C9E;
    0E95 : A7A7A5A2;
    0E96 : C2BEB0A7;
    0E97 : BBB9BAC1;
    0E98 : C4C3BDB7;
    0E99 : C4C3C3C3;
    0E9A : C6C5C5C4;
    0E9B : C7C7C6C6;
    0E9C : C6C6C6C6;
    0E9D : C7C7C7C7;
    0E9E : C8C7C7C7;
    0E9F : C8C8C8C8;
    0EA0 : C8C8C8C8;
    0EA1 : C8C8C8C8;
    0EA2 : C9C9C9C9;
    0EA3 : C9C9C9C9;
    0EA4 : C8C8C8C8;
    0EA5 : CACAC9C9;
    0EA6 : CACACAC9;
    0EA7 : CBCBCBCB;
    0EA8 : CCCCCCCC;
    0EA9 : CDCDCDCD;
    0EAA : D0D1D1D0;
    0EAB : CDCFD0D0;
    0EAC : CECECDCC;
    0EAD : CDCDCDCC;
    0EAE : CECECECE;
    0EAF : CECECECE;
    0EB0 : CECECECE;
    0EB1 : CFCFCFCF;
    0EB2 : CECECECE;
    0EB3 : CFCFCFCE;
    0EB4 : D0CFCFCF;
    0EB5 : CFCFD0D0;
    0EB6 : CFCFCFCF;
    0EB7 : D0D0D0D0;
    0EB8 : D1D1D1D0;
    0EB9 : D1D1D1D1;
    0EBA : D1D1D1D1;
    0EBB : D2D2D1D1;
    0EBC : D1D1D0D0;
    0EBD : D2D2D2D2;
    0EBE : D2D1D1D1;
    0EBF : D2D2D2D2;
    0EC0 : A3A29E9D;
    0EC1 : B1AFA7A3;
    0EC2 : A3B4B1AF;
    0EC3 : 9B9A9999;
    0EC4 : A09E9B9B;
    0EC5 : A3A4A3A1;
    0EC6 : A7A7A5A4;
    0EC7 : ABA9A7A6;
    0EC8 : ADACACAC;
    0EC9 : A8A9AAAA;
    0ECA : A7A7A7A7;
    0ECB : A5A6A7A7;
    0ECC : A2A3A5A5;
    0ECD : A1A1A1A1;
    0ECE : 9E9F9FA0;
    0ECF : 9B9C9D9E;
    0ED0 : 9A9A9A9A;
    0ED1 : 9B9A9998;
    0ED2 : 9E9E9D9C;
    0ED3 : A0A1A09E;
    0ED4 : 9B9A9C9E;
    0ED5 : 9E9D9C9B;
    0ED6 : A6A6A5A0;
    0ED7 : ADA7A8A9;
    0ED8 : C4C1B8B0;
    0ED9 : C4C4C3C3;
    0EDA : C6C6C5C5;
    0EDB : C7C7C7C6;
    0EDC : C7C7C7C7;
    0EDD : C7C7C7C7;
    0EDE : C8C8C8C7;
    0EDF : C8C8C8C8;
    0EE0 : C8C8C8C8;
    0EE1 : C8C8C8C8;
    0EE2 : C9C9C9C9;
    0EE3 : C9C9C9C9;
    0EE4 : C9C9C9C9;
    0EE5 : CACACAC9;
    0EE6 : CBCBCACA;
    0EE7 : CCCCCCCC;
    0EE8 : CCCCCCCC;
    0EE9 : CDCDCDCD;
    0EEA : CFD1D1CF;
    0EEB : D4D5D5D2;
    0EEC : CDCECFD0;
    0EED : CDCDCDCC;
    0EEE : CECECECE;
    0EEF : CECECECE;
    0EF0 : CFCFCFCF;
    0EF1 : CFCFCFCF;
    0EF2 : CFCFCFCF;
    0EF3 : CFCFCFCE;
    0EF4 : D0D0CFCF;
    0EF5 : D1D0D0D0;
    0EF6 : D0D0D0D0;
    0EF7 : D1D1D1D1;
    0EF8 : D1D1D1D0;
    0EF9 : D2D2D2D2;
    0EFA : D2D2D2D2;
    0EFB : D2D2D1D1;
    0EFC : D2D2D1D1;
    0EFD : D2D2D2D2;
    0EFE : D2D1D1D2;
    0EFF : D2D2D2D2;
    0F00 : 9D9B9A9B;
    0F01 : ACA6A09F;
    0F02 : B9B4ACAA;
    0F03 : 999B9DA9;
    0F04 : 9D9D9B9A;
    0F05 : A09F9E9D;
    0F06 : A3A4A3A1;
    0F07 : A7A5A3A3;
    0F08 : A8A7A6A6;
    0F09 : A4A4A5A6;
    0F0A : A2A3A3A3;
    0F0B : A1A2A3A3;
    0F0C : A0A1A2A1;
    0F0D : 9F9E9E9E;
    0F0E : 9B9B9C9E;
    0F0F : 96979998;
    0F10 : 94959696;
    0F11 : 97949495;
    0F12 : 9B9A9997;
    0F13 : A2A19E9C;
    0F14 : A1A1A1A2;
    0F15 : 9DA2A4A2;
    0F16 : A7A4A09D;
    0F17 : B2AFACA9;
    0F18 : C4C4C0B9;
    0F19 : C6C6C5C5;
    0F1A : C6C6C6C6;
    0F1B : C7C7C7C7;
    0F1C : C8C8C7C7;
    0F1D : C8C8C8C8;
    0F1E : C9C9C9C9;
    0F1F : C9C9C9C9;
    0F20 : C9C9C9C9;
    0F21 : C9C9C9C9;
    0F22 : CACACACA;
    0F23 : C9C9CACA;
    0F24 : CACACACA;
    0F25 : CBCBCACA;
    0F26 : CCCCCCCC;
    0F27 : CCCCCCCC;
    0F28 : CDCDCDCD;
    0F29 : CDCDCDCD;
    0F2A : D2D0CECD;
    0F2B : D9DBDBD8;
    0F2C : CECFD2D6;
    0F2D : CECECECD;
    0F2E : CECECECE;
    0F2F : CFCFCFCF;
    0F30 : CFCFCFCF;
    0F31 : CFCFCFCF;
    0F32 : D0D0CFCF;
    0F33 : CFCFCFCF;
    0F34 : CFCFCFCF;
    0F35 : D0D0D0D0;
    0F36 : D1D1D1D1;
    0F37 : D1D1D1D1;
    0F38 : D1D1D0D0;
    0F39 : D2D2D2D2;
    0F3A : D2D2D2D2;
    0F3B : D2D2D2D2;
    0F3C : D2D2D2D2;
    0F3D : D3D3D2D2;
    0F3E : D3D2D3D3;
    0F3F : D2D2D2D2;
    0F40 : 96969595;
    0F41 : 9D9B9897;
    0F42 : AAA6A19F;
    0F43 : A8B1B3B2;
    0F44 : A9ADA59F;
    0F45 : 9F9D9BA0;
    0F46 : A0A0A09F;
    0F47 : A2A1A1A1;
    0F48 : A3A3A2A2;
    0F49 : A1A1A3A3;
    0F4A : A0A1A1A1;
    0F4B : 9E9EA0A0;
    0F4C : 9F9F9F9F;
    0F4D : 9E9D9D9E;
    0F4E : 9797999A;
    0F4F : 93949597;
    0F50 : 91929393;
    0F51 : 92919090;
    0F52 : 98969492;
    0F53 : A09F9C99;
    0F54 : AAA8A5A1;
    0F55 : B8BEBAB0;
    0F56 : BFBEBBB9;
    0F57 : C2C0BFBE;
    0F58 : C6C4C5C4;
    0F59 : C6C6C5C5;
    0F5A : C7C7C7C7;
    0F5B : C7C7C7C7;
    0F5C : C8C8C8C7;
    0F5D : C8C8C8C8;
    0F5E : C9C9C9C9;
    0F5F : C9C9C9C9;
    0F60 : C9C9C9C9;
    0F61 : CACACACA;
    0F62 : CACACACA;
    0F63 : CACACBCB;
    0F64 : CACACACA;
    0F65 : CCCBCACA;
    0F66 : CCCCCCCC;
    0F67 : CDCDCDCD;
    0F68 : CDCDCDCD;
    0F69 : CECDCDCE;
    0F6A : D6D7D4D1;
    0F6B : D7D9D9D8;
    0F6C : CBCDD0D5;
    0F6D : CFCECECE;
    0F6E : D0D0CFCE;
    0F6F : CFCFD0CF;
    0F70 : CFCFCFCF;
    0F71 : CFCFCFCF;
    0F72 : D0D0CFCF;
    0F73 : D0D0D0D0;
    0F74 : D0D0D0D0;
    0F75 : D0D0D1D1;
    0F76 : D1D1D1D1;
    0F77 : D1D1D1D1;
    0F78 : D2D1D1D1;
    0F79 : D2D2D2D2;
    0F7A : D2D2D2D2;
    0F7B : D2D2D2D2;
    0F7C : D2D2D2D2;
    0F7D : D3D3D3D3;
    0F7E : D3D3D3D3;
    0F7F : D3D3D3D3;
    0F80 : 92919090;
    0F81 : 94949392;
    0F82 : 9C9B9996;
    0F83 : B9BDB4A4;
    0F84 : BBC0B6B0;
    0F85 : 9D9F9EAA;
    0F86 : 9E9D9C9C;
    0F87 : 9E9F9F9F;
    0F88 : 9F9F9F9E;
    0F89 : A0A0A1A1;
    0F8A : 9F9F9FA0;
    0F8B : 9D9D9F9F;
    0F8C : 9D9C9C9D;
    0F8D : 9A9C9C9C;
    0F8E : 96969799;
    0F8F : 93929394;
    0F90 : 8E8F9090;
    0F91 : 8F8E8D8D;
    0F92 : 94929190;
    0F93 : 9B9B9895;
    0F94 : ACA39F9D;
    0F95 : C7C6C8B9;
    0F96 : C5C5C6C6;
    0F97 : C6C6C6C5;
    0F98 : C7C6C7C7;
    0F99 : C6C6C7C7;
    0F9A : C7C7C7C7;
    0F9B : C8C8C8C8;
    0F9C : C9C9C8C8;
    0F9D : C9C9C9C9;
    0F9E : C9C9C9C9;
    0F9F : C9C9CACA;
    0FA0 : CACACACA;
    0FA1 : CBCBCBCB;
    0FA2 : CCCCCCCC;
    0FA3 : CACACBCB;
    0FA4 : CBCBCBCB;
    0FA5 : CCCCCBCA;
    0FA6 : CDCDCDCD;
    0FA7 : CDCDCDCD;
    0FA8 : CDCDCDCD;
    0FA9 : D3D1CFCD;
    0FAA : D4D7D7D6;
    0FAB : D1D2D2D3;
    0FAC : CACBCDCF;
    0FAD : CBCAC9C9;
    0FAE : CECDCCCC;
    0FAF : CFD0D0CF;
    0FB0 : CFCFCFCF;
    0FB1 : D0D0D0D0;
    0FB2 : D1D1D0D0;
    0FB3 : D0D0D0D0;
    0FB4 : D0D0D0D0;
    0FB5 : D1D1D1D1;
    0FB6 : D1D1D1D1;
    0FB7 : D1D1D1D1;
    0FB8 : D2D2D2D1;
    0FB9 : D2D2D2D2;
    0FBA : D3D3D3D3;
    0FBB : D3D3D3D3;
    0FBC : D3D3D3D3;
    0FBD : D4D4D3D3;
    0FBE : D4D4D4D4;
    0FBF : D4D4D4D4;
    0FC0 : 8E8C8B8C;
    0FC1 : 92919090;
    0FC2 : 98959493;
    0FC3 : B1ACA49C;
    0FC4 : C0BFBCBA;
    0FC5 : A7B0B1BD;
    0FC6 : 9D9C9DA0;
    0FC7 : 9C9D9D9C;
    0FC8 : 9D9C9C9C;
    0FC9 : A0A09F9E;
    0FCA : 9E9F9F9F;
    0FCB : 9D9E9F9F;
    0FCC : 9B9A9B9D;
    0FCD : 989A9A9A;
    0FCE : 95959697;
    0FCF : 8F919292;
    0FD0 : 8B8C8D8E;
    0FD1 : 8D8D8B8A;
    0FD2 : 92918E8C;
    0FD3 : 9A989592;
    0FD4 : A49E9F9E;
    0FD5 : C6C5C2B0;
    0FD6 : C8C7C7C7;
    0FD7 : C7C7C7C6;
    0FD8 : C7C7C9C8;
    0FD9 : C6C6C7C7;
    0FDA : C7C8C8C7;
    0FDB : C8C8C8C9;
    0FDC : C9C9C8C8;
    0FDD : C9C9C9C9;
    0FDE : C9C9C9C9;
    0FDF : CACACACA;
    0FE0 : CBCBCBCB;
    0FE1 : CCCCCCCC;
    0FE2 : CCCCCCCC;
    0FE3 : CBCBCBCC;
    0FE4 : CBCBCBCB;
    0FE5 : CDCCCBCB;
    0FE6 : CDCDCDCD;
    0FE7 : CDCDCDCD;
    0FE8 : CDCDCDCD;
    0FE9 : D4D2D0CE;
    0FEA : D0D0D2D4;
    0FEB : CDCDCECF;
    0FEC : CBCCCDCD;
    0FED : C5C6C7C8;
    0FEE : C6C5C5C4;
    0FEF : CECFCECA;
    0FF0 : CFCFCFCF;
    0FF1 : D0D0D0D0;
    0FF2 : D1D1D0D0;
    0FF3 : D1D1D1D1;
    0FF4 : D1D1D1D1;
    0FF5 : D1D1D1D1;
    0FF6 : D1D1D1D1;
    0FF7 : D1D1D1D1;
    0FF8 : D2D2D2D1;
    0FF9 : D2D2D2D2;
    0FFA : D3D3D3D3;
    0FFB : D3D3D3D3;
    0FFC : D3D3D3D3;
    0FFD : D4D4D4D3;
    0FFE : D4D4D4D4;
    0FFF : D4D4D4D4;
    1000 : 8E8F8E90;
    1001 : 9491908F;
    1002 : 96969898;
    1003 : A2A19D98;
    1004 : B3AFABA9;
    1005 : B3BABDBA;
    1006 : A9AAABAD;
    1007 : 9CA0A1A5;
    1008 : 9D9B9A9C;
    1009 : 9E9F9E9D;
    100A : 9D9E9E9D;
    100B : 9D9E9E9E;
    100C : 999A9C9E;
    100D : 96979898;
    100E : 93939495;
    100F : 8E8F9191;
    1010 : 898A8B8B;
    1011 : 89898988;
    1012 : 8F8D8B8B;
    1013 : 9D999491;
    1014 : B5A7A4A1;
    1015 : C7C3C2BF;
    1016 : C7C7C7C7;
    1017 : C8C8C8C8;
    1018 : C8C3C5C7;
    1019 : C4C7C9C8;
    101A : BEB8B7BD;
    101B : C5C1C0C1;
    101C : C9C9C8C8;
    101D : CACACACA;
    101E : C9C9C9C9;
    101F : CBCACACA;
    1020 : CCCCCCCC;
    1021 : CCCCCCCC;
    1022 : CCCCCCCC;
    1023 : CBCCCCCC;
    1024 : CCCBCBCB;
    1025 : CDCDCCCC;
    1026 : CDCDCDCD;
    1027 : CDCDCDCD;
    1028 : CECECECE;
    1029 : D0D0CFCF;
    102A : CFCFCFCF;
    102B : CECECECE;
    102C : CFCFCFCE;
    102D : CCCECFCF;
    102E : CBCBCBCB;
    102F : CBCBCBCB;
    1030 : CFCFCFCF;
    1031 : D0D0D0D0;
    1032 : D1D0D0D0;
    1033 : D1D1D1D1;
    1034 : D1D1D1D2;
    1035 : D2D2D2D2;
    1036 : D2D2D2D2;
    1037 : D2D2D2D2;
    1038 : D3D3D3D2;
    1039 : D3D3D3D3;
    103A : D4D3D3D3;
    103B : D4D4D4D4;
    103C : D4D4D4D4;
    103D : D4D4D4D4;
    103E : D4D4D4D4;
    103F : D4D4D4D4;
    1040 : A3A7A6A4;
    1041 : 99999B9C;
    1042 : 9A9B9C99;
    1043 : 9C9B9999;
    1044 : ABA49E9D;
    1045 : B7B5B2B1;
    1046 : B3B3B0B1;
    1047 : A7AEAFAE;
    1048 : 9EA1AAAB;
    1049 : A09FA1A2;
    104A : 9F9F9F9F;
    104B : 9D9D9E9F;
    104C : 999B9C9D;
    104D : 93959798;
    104E : 90919292;
    104F : 8D8D8E8F;
    1050 : 898A8B8C;
    1051 : 87878887;
    1052 : 8B8B8888;
    1053 : 9A96908C;
    1054 : AFA6A29E;
    1055 : C8C9C7BB;
    1056 : C8C8C8C8;
    1057 : C8C8C8C8;
    1058 : C2BABEC6;
    1059 : C3C7C7C4;
    105A : B9BBBDBF;
    105B : C5C0BBB8;
    105C : CACAC8C8;
    105D : CACACACA;
    105E : CACACACA;
    105F : CBCACACA;
    1060 : CDCDCDCC;
    1061 : CCCCCCCC;
    1062 : CDCDCDCD;
    1063 : CCCCCCCD;
    1064 : CCCCCBCB;
    1065 : CDCDCDCC;
    1066 : CDCDCDCD;
    1067 : CDCDCDCD;
    1068 : CECECECE;
    1069 : CFCECECE;
    106A : CFCFCFCF;
    106B : CFCFCFCE;
    106C : D0D0CFCF;
    106D : CFCFD0D0;
    106E : CFCFCFCF;
    106F : CECECECE;
    1070 : CFCFCFCF;
    1071 : D1D1D1D1;
    1072 : D1D1D0D0;
    1073 : D1D1D1D1;
    1074 : D2D2D1D1;
    1075 : D2D2D2D2;
    1076 : D2D3D3D2;
    1077 : D2D2D2D2;
    1078 : D3D3D3D3;
    1079 : D3D3D3D3;
    107A : D4D4D4D3;
    107B : D4D4D4D4;
    107C : D4D4D4D4;
    107D : D4D4D4D4;
    107E : D5D5D5D5;
    107F : D5D5D5D5;
    1080 : B6B7B1B4;
    1081 : A2A6AAAD;
    1082 : 999A9DA0;
    1083 : 9A989798;
    1084 : A6A09D9A;
    1085 : B0B1AEAA;
    1086 : A9AAAAAB;
    1087 : ABA9A7A6;
    1088 : ACABAEAD;
    1089 : A5A5A9AE;
    108A : A1A0A0A1;
    108B : 9C9C9EA0;
    108C : 999A9B9B;
    108D : 92939597;
    108E : 8F919291;
    108F : 8C8D8E8E;
    1090 : 89898A8C;
    1091 : 83858588;
    1092 : 89888584;
    1093 : 95918C88;
    1094 : A39F9B98;
    1095 : CAC1B2A9;
    1096 : C9C9C9C9;
    1097 : CACAC9CA;
    1098 : C0C0C3C8;
    1099 : C5C5C1BE;
    109A : C6C6C7C7;
    109B : C8C7C8C8;
    109C : CBCBC9C9;
    109D : CBCBCBCB;
    109E : CACACACA;
    109F : CBCBCACA;
    10A0 : CCCCCCCB;
    10A1 : CCCCCCCC;
    10A2 : CDCDCDCD;
    10A3 : CCCDCDCD;
    10A4 : CCCCCBCB;
    10A5 : CECECDCD;
    10A6 : CECECECE;
    10A7 : CECECECE;
    10A8 : CFCFCFCF;
    10A9 : CFCECECE;
    10AA : CFCFCFCF;
    10AB : CFCFCFCF;
    10AC : D0D0D0CF;
    10AD : D0CFCFD0;
    10AE : D0D0D0D0;
    10AF : CFCFCFCF;
    10B0 : D0D0D0D0;
    10B1 : D1D1D1D1;
    10B2 : D1D1D0D0;
    10B3 : D1D1D1D1;
    10B4 : D2D2D1D0;
    10B5 : D2D2D2D2;
    10B6 : D3D3D3D3;
    10B7 : D3D3D3D3;
    10B8 : D3D3D4D4;
    10B9 : D3D3D3D3;
    10BA : D5D4D4D3;
    10BB : D5D5D5D5;
    10BC : D5D5D5D5;
    10BD : D5D5D5D5;
    10BE : D5D5D5D5;
    10BF : D5D5D5D5;
    10C0 : A6AAB7BD;
    10C1 : 9FA2A4A5;
    10C2 : 9F9B979B;
    10C3 : 9B9C9D9D;
    10C4 : 9E9C9E9B;
    10C5 : A3A4A4A2;
    10C6 : A5A5A4A3;
    10C7 : A6A2A2A4;
    10C8 : A7A6A6A7;
    10C9 : A4A4A6A8;
    10CA : A1A09FA1;
    10CB : 9C9B9EA1;
    10CC : 9A9A9A9B;
    10CD : 9898999A;
    10CE : 93979999;
    10CF : 8D8E8F91;
    10D0 : 8C8C8B8E;
    10D1 : 9397A7A7;
    10D2 : 86858589;
    10D3 : 908C8887;
    10D4 : 9B969391;
    10D5 : C7B2AAA3;
    10D6 : CACACACB;
    10D7 : CBCACBCA;
    10D8 : C9CAC9C8;
    10D9 : CACAC9CA;
    10DA : CBCBCBCA;
    10DB : CBCCCCCB;
    10DC : CCCCCBCA;
    10DD : CBCBCBCB;
    10DE : CACACACA;
    10DF : CBCACACA;
    10E0 : CDCCCCCC;
    10E1 : CCCCCCCC;
    10E2 : CDCDCDCD;
    10E3 : CCCDCDCD;
    10E4 : CDCDCCCC;
    10E5 : CECECDCD;
    10E6 : CECECECE;
    10E7 : CECECECE;
    10E8 : CFCFCFCF;
    10E9 : CFCFCFCF;
    10EA : CFCFCFCF;
    10EB : CFCFCFCF;
    10EC : D0D0D0D0;
    10ED : D1D0D0D0;
    10EE : D0D0D0D0;
    10EF : D0D0D0D0;
    10F0 : D0D0D0D0;
    10F1 : D1D1D1D1;
    10F2 : D2D2D1D1;
    10F3 : D2D1D1D1;
    10F4 : D0D1D1D2;
    10F5 : D2D2D2D2;
    10F6 : D3D4D4D3;
    10F7 : D3D3D3D3;
    10F8 : D4D4D4D4;
    10F9 : D4D4D4D4;
    10FA : D5D5D4D4;
    10FB : D5D5D5D5;
    10FC : D5D5D5D5;
    10FD : D5D5D5D5;
    10FE : D6D6D6D6;
    10FF : D6D6D6D6;
    1100 : 9FAAB2AC;
    1101 : 9D9D9C9D;
    1102 : 9D9C999A;
    1103 : 9A9EA1A0;
    1104 : 9A999A99;
    1105 : 9F9F9D9C;
    1106 : 9F9E9D9D;
    1107 : A09E9D9E;
    1108 : A1A1A1A1;
    1109 : A19FA1A2;
    110A : A2A2A2A2;
    110B : 9C9C9EA1;
    110C : 9F9D9B9B;
    110D : 9D9D9D9E;
    110E : 989A9B9C;
    110F : 91929496;
    1110 : 8A939A92;
    1111 : BDB9BCB2;
    1112 : 8A8884AA;
    1113 : 8F90908D;
    1114 : A09E9A95;
    1115 : C7B8ADA1;
    1116 : CBCBCBCC;
    1117 : CACACACA;
    1118 : CACBCBCB;
    1119 : CCCBCBCA;
    111A : CBCBCBCB;
    111B : CCCCCCCB;
    111C : CCCCCCCC;
    111D : CDCDCCCC;
    111E : CBCACBCC;
    111F : CCCCCBCB;
    1120 : CDCDCDCD;
    1121 : CDCECECD;
    1122 : CECECECE;
    1123 : CDCECECE;
    1124 : CECECDCD;
    1125 : CFCECECE;
    1126 : CECECECE;
    1127 : CFCFCFCE;
    1128 : CFCFCFCF;
    1129 : CFCFCFCF;
    112A : D0D0D0D0;
    112B : AECAD1D2;
    112C : D0D2CFD2;
    112D : D1D1D1D2;
    112E : D1D1D1D1;
    112F : D1D1D0D0;
    1130 : D2D1D2D0;
    1131 : D2D2D2D2;
    1132 : D2D2D2D2;
    1133 : D0D0D3D2;
    1134 : D2D1D3D3;
    1135 : D3D3D3D3;
    1136 : D3D3D2D2;
    1137 : D3D3D3D3;
    1138 : D6D5D4D3;
    1139 : D5D5D5D5;
    113A : D5D5D5D5;
    113B : D5D5D5D5;
    113C : D5D5D6D4;
    113D : D5D5D5D5;
    113E : D6D6D6D6;
    113F : D6D7D6D5;
    1140 : 9A9C9996;
    1141 : 97979798;
    1142 : A4A79B98;
    1143 : 999DA0A1;
    1144 : 95949596;
    1145 : 96969694;
    1146 : 98979696;
    1147 : 9B9A9998;
    1148 : 9B9B9B9B;
    1149 : 9D9C9C9C;
    114A : 9E9E9E9E;
    114B : 9C9C9C9D;
    114C : 9E9D9B9B;
    114D : 98999A9C;
    114E : 96969697;
    114F : 94949697;
    1150 : 9790B597;
    1151 : C0B7BAB4;
    1152 : 967A9CBA;
    1153 : ADAEB1AC;
    1154 : C5C5C4B6;
    1155 : C8A6B7C6;
    1156 : CCCDCCCB;
    1157 : CDCDCACD;
    1158 : CBCBCCCC;
    1159 : CCCCCBCB;
    115A : CCCCCCCC;
    115B : CDCCCCCB;
    115C : CDCDCDCD;
    115D : CCCCCDCD;
    115E : CBCBCCCC;
    115F : CDCCCCCC;
    1160 : CDCDCDCD;
    1161 : CECECECE;
    1162 : CECECECE;
    1163 : CECECECE;
    1164 : CECECECE;
    1165 : CFCFCECE;
    1166 : CFCFCFCF;
    1167 : D0D0D0CF;
    1168 : D0D0D0D0;
    1169 : D0D0D0D0;
    116A : D1D1D0D0;
    116B : 58AFD7D1;
    116C : D1D0D2C9;
    116D : D1D1D1D1;
    116E : D1D1D1D1;
    116F : D2D1D1D0;
    1170 : D2D2CBD0;
    1171 : D2D2D2D3;
    1172 : D2D2D2D2;
    1173 : A4C6D3D2;
    1174 : D4D4D2D5;
    1175 : D3D3D3D3;
    1176 : D4D3D2D2;
    1177 : D4D4D4D4;
    1178 : D5D5D4D3;
    1179 : D5D5D5D5;
    117A : D5D5D5D5;
    117B : D5D5D5D5;
    117C : D5D6D5D6;
    117D : D5D5D5D5;
    117E : D6D6D6D6;
    117F : D6D7D6D6;
    1180 : 9898979A;
    1181 : 9A989997;
    1182 : B0AD9F9D;
    1183 : 979BA4AA;
    1184 : 8F8F9193;
    1185 : 8E8F8F8E;
    1186 : 92919090;
    1187 : 95959493;
    1188 : 95959595;
    1189 : 97969595;
    118A : 98989898;
    118B : 98969697;
    118C : 97989798;
    118D : 92929495;
    118E : 90909192;
    118F : 90919191;
    1190 : 98A1BBA2;
    1191 : BAB7BFB7;
    1192 : 869EAEB6;
    1193 : B4BBCBAB;
    1194 : CAC7C9C3;
    1195 : B6A0A0CA;
    1196 : CCC5C5C3;
    1197 : CECCCECD;
    1198 : CDCCCCCC;
    1199 : CCCCCCCC;
    119A : CCCCCCCC;
    119B : CDCDCDCC;
    119C : CDCDCDCD;
    119D : CDCDCECE;
    119E : CDCCCDCE;
    119F : CDCCCCCC;
    11A0 : CECECECE;
    11A1 : CECFCFCE;
    11A2 : CFCFCFCF;
    11A3 : CFCFCFCF;
    11A4 : CFCFCECE;
    11A5 : CFCFCFCE;
    11A6 : CFCFCFCF;
    11A7 : D0CFCFCF;
    11A8 : D0D0D0D0;
    11A9 : D0D0D0D0;
    11AA : D1D1D1D0;
    11AB : 4CA4D6D2;
    11AC : D1D1D4AA;
    11AD : D1D1D1D2;
    11AE : D1D2D2D1;
    11AF : D5D1D1D1;
    11B0 : D3D984BF;
    11B1 : D3D3D3D2;
    11B2 : D3D3D3D3;
    11B3 : 6CBBD7D2;
    11B4 : D4D2D5DB;
    11B5 : D3D3D3D4;
    11B6 : D4D4D3D3;
    11B7 : D4D4D4D4;
    11B8 : D4D4D4D4;
    11B9 : D5D5D5D5;
    11BA : D5D5D5D5;
    11BB : D5D5D5D5;
    11BC : D5D5DAD4;
    11BD : D5D5D5D5;
    11BE : D6D6D6D6;
    11BF : D7D5D6D7;
    11C0 : B4B5B9BB;
    11C1 : A7A7AEAF;
    11C2 : B8B4B1AB;
    11C3 : 9FA3ADB5;
    11C4 : 949A9C9D;
    11C5 : 90919291;
    11C6 : 91908F8F;
    11C7 : 90919291;
    11C8 : 91919191;
    11C9 : 91929191;
    11CA : 92929292;
    11CB : 90909092;
    11CC : 8E909090;
    11CD : 8D8D8D8E;
    11CE : 8D8D8D8D;
    11CF : 8D8D8D8D;
    11D0 : A1ACB9A9;
    11D1 : C1BABFBF;
    11D2 : B2A5B1BC;
    11D3 : B6A3AB8F;
    11D4 : C7C7C7C0;
    11D5 : BB9D7BB6;
    11D6 : C9B0B8C6;
    11D7 : C7C5C0BE;
    11D8 : CDCECDCA;
    11D9 : CDCDCECD;
    11DA : CBCBCBCC;
    11DB : CDCCCDCC;
    11DC : CDCDCDCD;
    11DD : CECECDCD;
    11DE : CDCDCDCE;
    11DF : CDCDCDCC;
    11E0 : CECECECE;
    11E1 : CFCFCFCF;
    11E2 : CFCFCFCF;
    11E3 : CFCFCFCF;
    11E4 : CFCFCFCE;
    11E5 : D0D0CFCF;
    11E6 : CFCFCFCF;
    11E7 : D1D0D0D0;
    11E8 : D1D1D1D1;
    11E9 : D1D1D1D1;
    11EA : D2D1D1D1;
    11EB : 569BD9D1;
    11EC : D2D3D3B2;
    11ED : D2D3D2D2;
    11EE : D2D2D2D2;
    11EF : D3D2D2D1;
    11F0 : D5CE5691;
    11F1 : D3D3D3D3;
    11F2 : D3D3D3D3;
    11F3 : 51C3D6D4;
    11F4 : D4D3D8A8;
    11F5 : D4D4D4D4;
    11F6 : D4D4D4D3;
    11F7 : D4D4D4D4;
    11F8 : D4D4D5D5;
    11F9 : D5D5D5D5;
    11FA : D7D6D5D5;
    11FB : D6D5D4D5;
    11FC : D6D4BBD6;
    11FD : D5D5D5D5;
    11FE : D6D6D6D6;
    11FF : D385CED7;
    1200 : C6C4C5C6;
    1201 : B4B6C0C3;
    1202 : BEBEBBB8;
    1203 : B7B8BCC0;
    1204 : B8C0C3B9;
    1205 : A3A6AAB2;
    1206 : 95969A9E;
    1207 : 90919292;
    1208 : 8D8D8F90;
    1209 : 8E8E8F8F;
    120A : 8F8E8E8E;
    120B : 8E8F9091;
    120C : 8D8C8C8D;
    120D : 8C8C8B8B;
    120E : 8B8D8D8C;
    120F : 8D8B8A8C;
    1210 : A8B4AEAB;
    1211 : BFB5BABF;
    1212 : B38DA5BB;
    1213 : B2A3A9B4;
    1214 : C1C3C1B8;
    1215 : B77076B5;
    1216 : C8B8B1C0;
    1217 : C1BDB8B8;
    1218 : C9BFBDBF;
    1219 : C3BDB8CC;
    121A : C9C9C9C4;
    121B : CDCCCCC9;
    121C : CECFCECC;
    121D : CECFCFCD;
    121E : CECDCDCE;
    121F : CECECECE;
    1220 : CFCFCFCE;
    1221 : CFCFCFCF;
    1222 : CFCFCFCF;
    1223 : CFCFCFCF;
    1224 : D0D0D0D0;
    1225 : D1D1D0D0;
    1226 : D1D1D1D1;
    1227 : D1D1D1D1;
    1228 : D1D1D1D1;
    1229 : D2D2D2D2;
    122A : D3D2D2D2;
    122B : 3476D9D3;
    122C : D3D2DAB1;
    122D : D2D3D2D2;
    122E : D3D2D2D3;
    122F : D4D4D2D2;
    1230 : AB6D4796;
    1231 : D4D4D5D7;
    1232 : D4D4D4D4;
    1233 : 5DC8D6D3;
    1234 : D6D5D773;
    1235 : D5D5D5D5;
    1236 : D5D5D5D5;
    1237 : D4D5D4D5;
    1238 : D4D3D5D4;
    1239 : D5D5D5D5;
    123A : CAD2D5D5;
    123B : D4D7D5D8;
    123C : D8C786D7;
    123D : D6D6D7D5;
    123E : D6D6D6D6;
    123F : BD6CBFD8;
    1240 : C4C5C6C7;
    1241 : C2C3C5C1;
    1242 : C1C4C3C5;
    1243 : A4AAB8BB;
    1244 : C4C6BEA9;
    1245 : A3A5A5B7;
    1246 : 979A9EA3;
    1247 : 91929496;
    1248 : 8D8D8F90;
    1249 : 8C8C8D8D;
    124A : 8E8D8D8D;
    124B : 8F8F9090;
    124C : 8D8C8C8D;
    124D : 8C8B8B8B;
    124E : 8E8F8F8E;
    124F : 948D8D8C;
    1250 : 99AEA4A7;
    1251 : BFB3BCB8;
    1252 : AB8E91C3;
    1253 : B6A9A7B4;
    1254 : BABAB5B8;
    1255 : A76276A7;
    1256 : C2B7A6B3;
    1257 : BDBDB8BC;
    1258 : B2B4B5BC;
    1259 : AAB3A7C0;
    125A : C5C3C2A5;
    125B : C8CACBC9;
    125C : CACBCACA;
    125D : CFCDCBCC;
    125E : CFCECECF;
    125F : CFCFCFCF;
    1260 : D0D0CFCF;
    1261 : D0D0D0D0;
    1262 : D0D0D0D0;
    1263 : D0D0D0D0;
    1264 : D1D1D1D1;
    1265 : D2D1D1D1;
    1266 : D2D2D2D2;
    1267 : D2D2D2D2;
    1268 : D2D2D2D2;
    1269 : D2D2D2D2;
    126A : D4D3D3D3;
    126B : 4A64B6D4;
    126C : D2D6C468;
    126D : D4D3D4D4;
    126E : D4D3D2D2;
    126F : C4D6D3D4;
    1270 : B7524A74;
    1271 : D4D5D6D7;
    1272 : D5D5D5D5;
    1273 : 4C9FD5D5;
    1274 : D6D6DD82;
    1275 : D6D6D6D5;
    1276 : D6D6D6D6;
    1277 : D3D7D7D6;
    1278 : D6D6D5D6;
    1279 : D6D6D6D6;
    127A : 84C8D8D5;
    127B : D7D6D7D4;
    127C : D9CD6BCC;
    127D : D6D7D9D6;
    127E : D6D7D7D7;
    127F : 9660A5DB;
    1280 : B7BCBBB7;
    1281 : AFB3BCB0;
    1282 : A6ACBBBC;
    1283 : 9CA0A7A1;
    1284 : A7A79F9D;
    1285 : 9E9E9FA3;
    1286 : 98989A9D;
    1287 : 91939597;
    1288 : 8C8C8E8F;
    1289 : 8C8C8D8D;
    128A : 8D8D8D8D;
    128B : 8D8C8D8D;
    128C : 8B8B8B8C;
    128D : 8C8B8B8A;
    128E : 8D8E8D8C;
    128F : 90948D8F;
    1290 : A8ADA5A4;
    1291 : B9B5B7AF;
    1292 : B9C3A6BD;
    1293 : A98A889E;
    1294 : ABB4B0AF;
    1295 : AE667AAC;
    1296 : C4BAACB0;
    1297 : BBB4B4BB;
    1298 : C1B8AEB5;
    1299 : AABDA6B4;
    129A : A4AFBD9D;
    129B : C4BAB8B3;
    129C : C9C7C7C6;
    129D : CDCBC9C8;
    129E : CFCFCFCF;
    129F : CFCFCFCF;
    12A0 : D0D0CFCF;
    12A1 : D0D0D0D0;
    12A2 : D0D0D0D0;
    12A3 : D1D1D1D1;
    12A4 : D1D1D1D1;
    12A5 : D2D2D2D1;
    12A6 : D2D2D2D2;
    12A7 : D2D2D2D2;
    12A8 : D2D2D2D2;
    12A9 : D3D3D3D3;
    12AA : D4D4D4D4;
    12AB : 576182D2;
    12AC : D4D4A272;
    12AD : D3D4D5D4;
    12AE : D3D5D3D3;
    12AF : ACD6D3D3;
    12B0 : C3454D69;
    12B1 : D5D6D5D7;
    12B2 : D5D5D5D5;
    12B3 : 7BD1D6D6;
    12B4 : D5CBCC58;
    12B5 : D6D6D6D6;
    12B6 : D6D6D6D6;
    12B7 : D7BCCFD5;
    12B8 : D5D5D8D3;
    12B9 : D6D6D6D6;
    12BA : 83C7D7D7;
    12BB : D8D5D5DB;
    12BC : DBA159B4;
    12BD : D7D5D8D5;
    12BE : D7D7D7D7;
    12BF : 805A97D9;
    12C0 : A3A6A9AA;
    12C1 : A09D9F9F;
    12C2 : 9AA0ACA9;
    12C3 : 969A9E9E;
    12C4 : 96959495;
    12C5 : 95969998;
    12C6 : 94939495;
    12C7 : 91929393;
    12C8 : 8C8C8D8F;
    12C9 : 8A8B8B8C;
    12CA : 898A8A8A;
    12CB : 8A898989;
    12CC : 89898889;
    12CD : 89898889;
    12CE : 8C8B8B8A;
    12CF : 8792978F;
    12D0 : A1A9A08B;
    12D1 : B4B3B6AF;
    12D2 : A5D9BCB8;
    12D3 : 967B7D8A;
    12D4 : B1B3B0B0;
    12D5 : A9657DA0;
    12D6 : C6B095AB;
    12D7 : C0C1B3BF;
    12D8 : BFB69BB8;
    12D9 : B0B4A9A1;
    12DA : 9BB3C2AF;
    12DB : AAAABAB0;
    12DC : CDBBB3B6;
    12DD : CFCCCCCB;
    12DE : CFD0D0D0;
    12DF : CFCFCFCF;
    12E0 : D0D0D0D0;
    12E1 : D1D1D1D1;
    12E2 : D1D1D1D1;
    12E3 : D2D2D2D2;
    12E4 : D1D1D1D1;
    12E5 : D2D2D2D1;
    12E6 : D2D3D2D3;
    12E7 : D3D2D2D3;
    12E8 : D2D3D3D3;
    12E9 : D5D4D3D4;
    12EA : D4D4D4D4;
    12EB : 3F6ECCD6;
    12EC : D4D4B060;
    12ED : BBCFD6D5;
    12EE : D6D8D6D5;
    12EF : A8D8D4D5;
    12F0 : CC575160;
    12F1 : D6D5D5D8;
    12F2 : D6D6D6D6;
    12F3 : 72CAD6D6;
    12F4 : D181864A;
    12F5 : D6D6D6D7;
    12F6 : D6D5D6D6;
    12F7 : DA73BED7;
    12F8 : D7DAC1CE;
    12F9 : D6D6D6D6;
    12FA : 6BBBDBD7;
    12FB : D6D6D8C4;
    12FC : DF865DA8;
    12FD : D9E1C3A6;
    12FE : D8D8D8D7;
    12FF : 814F92D7;
    1300 : A6B2B9BF;
    1301 : A3A19FA0;
    1302 : 9EA4AAA7;
    1303 : 969D9C9C;
    1304 : 918F9093;
    1305 : 90929392;
    1306 : 8F8E9091;
    1307 : 8E8F8F8E;
    1308 : 8C8D8E8F;
    1309 : 8A8A8B8B;
    130A : 88898889;
    130B : 88888888;
    130C : 87888888;
    130D : 8A888988;
    130E : 938C8B8A;
    130F : 8485949C;
    1310 : 9FA19585;
    1311 : AAB1B0A3;
    1312 : 7FC1C4B3;
    1313 : 85877B7D;
    1314 : B6A2A4A2;
    1315 : A7869990;
    1316 : BEA5ADA2;
    1317 : C0B6A9BE;
    1318 : BFB398BF;
    1319 : B2ABACB3;
    131A : A5B2C1AB;
    131B : B5AFC3BB;
    131C : AE6E9BA9;
    131D : C0B6C5CC;
    131E : D2D3D2CD;
    131F : D1CFCFCF;
    1320 : D2D1D2D0;
    1321 : D1D2D1D1;
    1322 : D1D1D1D1;
    1323 : D2D2D2D1;
    1324 : D2D2D2D2;
    1325 : D3D3D2D2;
    1326 : D4D2D3D4;
    1327 : D5D5D3D3;
    1328 : D4D4D4D3;
    1329 : C6D1D4D4;
    132A : D5D4D3D5;
    132B : 46749ED5;
    132C : D7BC7560;
    132D : 86C6D6D6;
    132E : DAA4C6DB;
    132F : ADDBD8D5;
    1330 : BF6F5581;
    1331 : D6D7D6CF;
    1332 : D7D5D5D5;
    1333 : 70BED9D7;
    1334 : C5647653;
    1335 : D6D7D6D5;
    1336 : D5D9D8D6;
    1337 : C55DAFDB;
    1338 : D7DEA0CA;
    1339 : D7D7D6D9;
    133A : 578FCFD8;
    133B : D0D7DAAC;
    133C : E5B75D8F;
    133D : D1935C88;
    133E : DCD8D8DA;
    133F : 7A4581CC;
    1340 : C3C9C7C8;
    1341 : C2BEB8BD;
    1342 : AEB6BDC0;
    1343 : ADACACAB;
    1344 : 979BA0A8;
    1345 : 908F9296;
    1346 : 8D8D8E8F;
    1347 : 8C8E8E8D;
    1348 : 8C8C8C8B;
    1349 : 8A8A8B8C;
    134A : 8889898A;
    134B : 88888787;
    134C : 88878787;
    134D : 8D8C8A8B;
    134E : A098928F;
    134F : 8180899C;
    1350 : 959A9787;
    1351 : AEB0A9A1;
    1352 : 7F8BBEAF;
    1353 : 867B767B;
    1354 : A2988A8B;
    1355 : B19FA58E;
    1356 : BEB3A085;
    1357 : BAB9AEC1;
    1358 : B3B198B6;
    1359 : B5B2B7BB;
    135A : A5B0C2AD;
    135B : B9B0B8B8;
    135C : A178A6C2;
    135D : ACB0BCC9;
    135E : CBC7C1AE;
    135F : D3D4D5D1;
    1360 : D2D1D2D2;
    1361 : D2D2D1D1;
    1362 : D2D2D2D2;
    1363 : D3D3D2D2;
    1364 : D2D2D2D2;
    1365 : D4D3D3D3;
    1366 : D4D3D4D3;
    1367 : D4C4D5D5;
    1368 : D3D5D5D4;
    1369 : 9FD3D4D5;
    136A : D8D4D4D5;
    136B : 4B6C6DA4;
    136C : D3DBCE75;
    136D : 5DA3DCD5;
    136E : C88DC4CC;
    136F : C3C4D5D6;
    1370 : 724E695E;
    1371 : D7D7DD9C;
    1372 : BAD8D7D6;
    1373 : 7ED2D7CB;
    1374 : B8608853;
    1375 : D8D5D6D8;
    1376 : D9C2CFD6;
    1377 : 9F5696DB;
    1378 : DBC26AD0;
    1379 : D6D8DAD6;
    137A : 5588CCD9;
    137B : DDDADCA4;
    137C : C38078C0;
    137D : 845A568E;
    137E : D2D0D3DA;
    137F : 5D4D5CB2;
    1380 : CBCACACB;
    1381 : C7C9CBCA;
    1382 : BABEC3C6;
    1383 : A3A0A8B3;
    1384 : A7A8AFAB;
    1385 : 939599A3;
    1386 : 90909091;
    1387 : 8A8D9090;
    1388 : 8A898888;
    1389 : 8889898A;
    138A : 87878888;
    138B : 8A8A8888;
    138C : 8A8A8A8A;
    138D : 928F8D8C;
    138E : A6B0A69D;
    138F : 86828E9C;
    1390 : 9E9C9994;
    1391 : A4AE9FC6;
    1392 : 7D8E899D;
    1393 : 767C766D;
    1394 : A1987B7E;
    1395 : A7839D98;
    1396 : B4AAA7A9;
    1397 : ADAFA9B1;
    1398 : B4A79AB4;
    1399 : B4AEAEA6;
    139A : A3ABBAAE;
    139B : A6A0B4B5;
    139C : B088A7BB;
    139D : A5ACABC8;
    139E : AEB6B9A9;
    139F : CCC0AFA7;
    13A0 : D3D6D3CF;
    13A1 : D1D1D2D3;
    13A2 : D2D2D2D2;
    13A3 : D3D3D3D2;
    13A4 : D3D3D3D3;
    13A5 : D4D4D3D3;
    13A6 : CCD4D5D3;
    13A7 : CC88D9D2;
    13A8 : D4D5D5D5;
    13A9 : 99CFD5D4;
    13AA : DAD4D5CF;
    13AB : 4C6F6FA2;
    13AC : DBA06F48;
    13AD : 5766C0D9;
    13AE : 867AC0CA;
    13AF : E188A3C4;
    13B0 : 59565096;
    13B1 : D6D7DAC2;
    13B2 : 84DBD8D7;
    13B3 : 94DBDCB4;
    13B4 : D16B7159;
    13B5 : D6D9D6DC;
    13B6 : D9A4C5DA;
    13B7 : C65691E1;
    13B8 : BF8C57B1;
    13B9 : D7DBAAA1;
    13BA : 5174D7D6;
    13BB : CFD1B180;
    13BC : 9D8A68AF;
    13BD : 6F716C73;
    13BE : BBC2C2CB;
    13BF : 63597886;
    13C0 : BCBAC3C4;
    13C1 : B7BDBFBF;
    13C2 : B5B3B7B7;
    13C3 : 9E9FA2AD;
    13C4 : A49FA09D;
    13C5 : 94989CA4;
    13C6 : 90909192;
    13C7 : 8C8E8F8F;
    13C8 : 8B8B8B8A;
    13C9 : 888A8A8A;
    13CA : 8F8B8A86;
    13CB : 8F909394;
    13CC : 9392908F;
    13CD : B09F9593;
    13CE : BFD5ADA1;
    13CF : C1C4C2B0;
    13D0 : 9BC5BEA8;
    13D1 : 78B4B6BB;
    13D2 : 869D8B6D;
    13D3 : 78777A99;
    13D4 : 908A6F7F;
    13D5 : A29B918C;
    13D6 : 989BA3A8;
    13D7 : 9A978A8F;
    13D8 : BD9F8EB4;
    13D9 : 9BA3A6A7;
    13DA : 94969B97;
    13DB : 97A5A09F;
    13DC : AB8597A3;
    13DD : 9F968FB0;
    13DE : A7AEB0A9;
    13DF : 90928D98;
    13E0 : D2AC938D;
    13E1 : D7D9D7D6;
    13E2 : D3D4D6D7;
    13E3 : D4D3D3D3;
    13E4 : D3D3D3D3;
    13E5 : D5D4D4D3;
    13E6 : 9CDAD3D5;
    13E7 : CE8EBE83;
    13E8 : D5D6D5D6;
    13E9 : 77CCD6D5;
    13EA : D9D5DBAF;
    13EB : 4E5C78C3;
    13EC : DAAD7E5A;
    13ED : 5F63BDD9;
    13EE : 766789B1;
    13EF : AE6B87BB;
    13F0 : 8852454B;
    13F1 : D8D6DCB0;
    13F2 : 77D1D8D6;
    13F3 : 6CC4DFAE;
    13F4 : 89555D64;
    13F5 : D6D9DAC9;
    13F6 : DD93BADA;
    13F7 : 8B5088C2;
    13F8 : B5804C59;
    13F9 : D9D0777D;
    13FA : 4F599FCA;
    13FB : BDBB8D55;
    13FC : AE7760A3;
    13FD : 574B5C63;
    13FE : A5BABE9D;
    13FF : 6761789C;
    1400 : A7AEC2C3;
    1401 : 9D9CA1A9;
    1402 : A6A29F9E;
    1403 : 9D9EA2A7;
    1404 : 9B9B9B9B;
    1405 : 96989A9C;
    1406 : 98979696;
    1407 : 97969797;
    1408 : 97989998;
    1409 : 999FA197;
    140A : 9696A4A2;
    140B : 8F949B98;
    140C : 95939090;
    140D : 969D9B94;
    140E : 908F958E;
    140F : D7DCD3A5;
    1410 : 9DD7E2DC;
    1411 : 756A9F9C;
    1412 : 83847475;
    1413 : 869389A4;
    1414 : 81847486;
    1415 : 8E818798;
    1416 : 8283868C;
    1417 : 8F857C7B;
    1418 : A49B8EA5;
    1419 : 898F9295;
    141A : 81848789;
    141B : 81847A87;
    141C : 9E878489;
    141D : 88857F96;
    141E : 9392908E;
    141F : 8E8D8B8C;
    1420 : 7F748D89;
    1421 : B2A99091;
    1422 : D4CBC0B7;
    1423 : D2D6D7D8;
    1424 : D2D4D3D3;
    1425 : D4D4D4D3;
    1426 : 9FDAD3D5;
    1427 : AB75A462;
    1428 : D5D5D6D9;
    1429 : 5798D5D7;
    142A : D6D6DEA9;
    142B : 5175A2DA;
    142C : D9C6A358;
    142D : 5987CED8;
    142E : 66685F85;
    142F : A0586B82;
    1430 : 66574E5F;
    1431 : D6D8DBC1;
    1432 : 70CBDAD8;
    1433 : AB8BD399;
    1434 : 8F775561;
    1435 : D7D8DD9D;
    1436 : DD9AB8DA;
    1437 : 5B4C6195;
    1438 : A45D516B;
    1439 : E0AC5165;
    143A : 5B5B7FCB;
    143B : CBB58455;
    143C : 73755E8A;
    143D : 4C604E6E;
    143E : B7B4BC86;
    143F : 66637AB3;
    1440 : AEB5B4AF;
    1441 : A9A7AAAC;
    1442 : A3A6ACAE;
    1443 : 9D9FA1A1;
    1444 : 999A9B9B;
    1445 : 9B9A9999;
    1446 : 9F9D9C9B;
    1447 : A3A1A1A0;
    1448 : 9D9B9DA2;
    1449 : A2A4A9A2;
    144A : A7ACB4B1;
    144B : 93979AA1;
    144C : 95919191;
    144D : 888A9E96;
    144E : 8097978F;
    144F : D8BF9584;
    1450 : 9ED6D9DA;
    1451 : 82846F71;
    1452 : 7965647A;
    1453 : 7E7D736F;
    1454 : 705D6B77;
    1455 : 717A7276;
    1456 : 7A786D6F;
    1457 : 86837B7B;
    1458 : 8582828E;
    1459 : 7C858481;
    145A : 7F828686;
    145B : 827C7C89;
    145C : 86787D91;
    145D : 7D746F7C;
    145E : 8282817D;
    145F : 918B807C;
    1460 : 7482938C;
    1461 : 817C737D;
    1462 : 97898584;
    1463 : D9D4B8A4;
    1464 : D5D2D4D5;
    1465 : D4D4D4D4;
    1466 : 77D5D5D5;
    1467 : 9E6E8D4E;
    1468 : D2D4D5DA;
    1469 : 67A1D9A3;
    146A : D9D6C3A1;
    146B : 624C86CA;
    146C : DF9E6C60;
    146D : 50889DCF;
    146E : 52608E92;
    146F : 8A525C6B;
    1470 : 6B4B658D;
    1471 : D9D9DCAB;
    1472 : 67B5DCD7;
    1473 : 98D7D093;
    1474 : A05C614D;
    1475 : D8D8D7DE;
    1476 : CD80B0DC;
    1477 : 634A70B3;
    1478 : 7F774262;
    1479 : B2855E63;
    147A : 515B99D3;
    147B : DCA3A482;
    147C : 606F6281;
    147D : 51594E5C;
    147E : A8B7C6BD;
    147F : 5E694981;
    1480 : 9B999A97;
    1481 : A2A09F9E;
    1482 : A3A7ABA7;
    1483 : 989A9D9F;
    1484 : 97979899;
    1485 : 97979696;
    1486 : 99989898;
    1487 : 9E9C9C9B;
    1488 : 9F9F9F9F;
    1489 : A6A5A7A5;
    148A : BEBBB1A9;
    148B : 98A0B2BE;
    148C : 90959696;
    148D : 8189908C;
    148E : 7B858189;
    148F : 8771737D;
    1490 : B5CDC2A7;
    1491 : B2A3A099;
    1492 : C2AFBBBD;
    1493 : 9389BFB9;
    1494 : B0916A75;
    1495 : 667F6E78;
    1496 : 6A685F64;
    1497 : 8070796A;
    1498 : 7A807781;
    1499 : 71757371;
    149A : 8686827B;
    149B : 82828189;
    149C : 897D6F6A;
    149D : 7560657D;
    149E : 807C7A7A;
    149F : 8880767B;
    14A0 : 7C7F8A87;
    14A1 : 8B8C7B7F;
    14A2 : 90949391;
    14A3 : AF89778A;
    14A4 : D3D6D9CE;
    14A5 : D5D5D5D5;
    14A6 : 69CDD7D5;
    14A7 : 7C678158;
    14A8 : C6D8D7D3;
    14A9 : 78B7D368;
    14AA : DAC46D71;
    14AB : 4F69B8D7;
    14AC : DB9C5B5A;
    14AD : 6977A7DA;
    14AE : 5075B073;
    14AF : 8B495856;
    14B0 : 54457370;
    14B1 : D9D5D0AB;
    14B2 : 7FCCD8DA;
    14B3 : 9FD1D195;
    14B4 : 584C4C4F;
    14B5 : D8D7DBB8;
    14B6 : BE65AFDB;
    14B7 : 524C6BB5;
    14B8 : 596C4157;
    14B9 : 846C7B56;
    14BA : 6C8ED9B8;
    14BB : E2B79F79;
    14BC : 5B6D63C3;
    14BD : 58405168;
    14BE : BDC4CE74;
    14BF : 4B674E7B;
    14C0 : 93909191;
    14C1 : 9FA9ABA3;
    14C2 : 979BA09A;
    14C3 : 90919397;
    14C4 : 90909090;
    14C5 : 8E8E8E8F;
    14C6 : 91908E8E;
    14C7 : 95939392;
    14C8 : 9C9A9897;
    14C9 : A7A6A19F;
    14CA : B9B3ADA8;
    14CB : B3B7BCBD;
    14CC : 898EA9B2;
    14CD : 787C848B;
    14CE : 6B6B6F8B;
    14CF : 54616671;
    14D0 : 87B09461;
    14D1 : C7B79488;
    14D2 : C7CCCAC9;
    14D3 : 9797B5CE;
    14D4 : C8C76E66;
    14D5 : 86B7B8C4;
    14D6 : 5F687E6B;
    14D7 : 76746E6A;
    14D8 : 73787073;
    14D9 : 676C6E6C;
    14DA : 846C726F;
    14DB : 77848987;
    14DC : 867E696E;
    14DD : 766E6E78;
    14DE : 7C7A7A76;
    14DF : 86827577;
    14E0 : 7D828687;
    14E1 : 8880727B;
    14E2 : 8C8C8E8D;
    14E3 : 7D7F8592;
    14E4 : D8D29A88;
    14E5 : D6D5D5D4;
    14E6 : 7CD5D7D5;
    14E7 : BD548B4D;
    14E8 : C2D7D4DB;
    14E9 : 59B1A65E;
    14EA : CFAC6778;
    14EB : 6A4F91BE;
    14EC : C0755A65;
    14ED : 635E99DF;
    14EE : 4C637963;
    14EF : 614A4947;
    14F0 : 664A585D;
    14F1 : D7D998A3;
    14F2 : 6DA9C1DB;
    14F3 : 9195C683;
    14F4 : 5A524F49;
    14F5 : D9DADDCD;
    14F6 : 845DACD8;
    14F7 : 3F49648F;
    14F8 : 5C473D3F;
    14F9 : AE747C4A;
    14FA : 5562A1D7;
    14FB : CEB38E8B;
    14FC : 604E607A;
    14FD : 8073508A;
    14FE : DEB87275;
    14FF : 629763B9;
    1500 : 92919192;
    1501 : 9BA7B6A9;
    1502 : 92969796;
    1503 : 8B8D9090;
    1504 : 898B8A8A;
    1505 : 86878787;
    1506 : 89888785;
    1507 : 8E8C8A89;
    1508 : 94949390;
    1509 : 9B9B9A98;
    150A : A29F9C9C;
    150B : AAA8A5A4;
    150C : 8C879DA6;
    150D : 8483728C;
    150E : 6B69798C;
    150F : 52686B68;
    1510 : 896D6D63;
    1511 : 7160687F;
    1512 : ABA89A80;
    1513 : 6D62839A;
    1514 : BC9E716D;
    1515 : C6C4C4C6;
    1516 : 9977B0BF;
    1517 : 75706A88;
    1518 : 66686E6A;
    1519 : 63686B66;
    151A : 776B7066;
    151B : 72807C7A;
    151C : 8785736D;
    151D : 776B6976;
    151E : 7B7B7E76;
    151F : 8376666E;
    1520 : 7A89737D;
    1521 : 8078747C;
    1522 : 85838083;
    1523 : 7A7D8589;
    1524 : CA8B7D86;
    1525 : D0D6D5DB;
    1526 : 8BDBD6D0;
    1527 : 955B6D5C;
    1528 : C198D8B9;
    1529 : 6C8F6B58;
    152A : AF80665D;
    152B : 4C7163C3;
    152C : 7D4D5156;
    152D : 5F5874BB;
    152E : 43558575;
    152F : 69454643;
    1530 : 4C594D7F;
    1531 : DAD79F5B;
    1532 : 6D92DBD9;
    1533 : AAE6C970;
    1534 : 50413E4E;
    1535 : DBD8CDB8;
    1536 : 715A63CB;
    1537 : 574B5585;
    1538 : 7E503646;
    1539 : AE6F9165;
    153A : 636381C1;
    153B : D5896587;
    153C : 4C5677A8;
    153D : 5F644C72;
    153E : D5DDB760;
    153F : 5F71557A;
    1540 : 93949392;
    1541 : 90929394;
    1542 : 8C8E8F8F;
    1543 : 87888A8B;
    1544 : 84868686;
    1545 : 84848585;
    1546 : 86868585;
    1547 : 8D8A8887;
    1548 : 9593918F;
    1549 : 96959596;
    154A : 98989696;
    154B : 99A19C99;
    154C : 7A8A9194;
    154D : 60696C75;
    154E : 625C5F66;
    154F : 615C6562;
    1550 : 6C71726B;
    1551 : 6B66686D;
    1552 : 6A5D7B6F;
    1553 : 60696A67;
    1554 : 6A576264;
    1555 : C5C4B589;
    1556 : C5959ACB;
    1557 : 807998AC;
    1558 : 625E657C;
    1559 : 6D6E5F5F;
    155A : 7A7D7673;
    155B : 6E767872;
    155C : 807A6E6B;
    155D : 79706669;
    155E : 827E787C;
    155F : 786F6775;
    1560 : 73815365;
    1561 : 7E74727A;
    1562 : 85855D7A;
    1563 : 647B8685;
    1564 : 7A7D7F86;
    1565 : B0DED7A8;
    1566 : 72D4DBB7;
    1567 : 8054764E;
    1568 : 9264CCBD;
    1569 : 6A7D5661;
    156A : 84665859;
    156B : 847572DF;
    156C : AC51425C;
    156D : 727A72CC;
    156E : 445B5550;
    156F : 703D4643;
    1570 : 42586BA3;
    1571 : DE946C6D;
    1572 : 6895CCDA;
    1573 : 8BD6CE7C;
    1574 : 4C41424F;
    1575 : E2C36571;
    1576 : 66505BAC;
    1577 : 4F4C608C;
    1578 : 704B4045;
    1579 : 899B5C5A;
    157A : 89986E9C;
    157B : DAA27D79;
    157C : 455585BE;
    157D : 575B675A;
    157E : CEDCD777;
    157F : 6B745991;
    1580 : 92919190;
    1581 : 8C8C9092;
    1582 : 8C8C8C8C;
    1583 : 88898B8B;
    1584 : 86868687;
    1585 : 86868686;
    1586 : 87878787;
    1587 : 8E8C8B8A;
    1588 : 9693918F;
    1589 : 95959596;
    158A : A29A9795;
    158B : 8C8FA1A5;
    158C : 77848A8E;
    158D : 6C727177;
    158E : 62676C6B;
    158F : 6B64595C;
    1590 : 69696D6E;
    1591 : 72687466;
    1592 : 6A6E786D;
    1593 : 67656C6B;
    1594 : 56545B5F;
    1595 : 94715E5E;
    1596 : 8A6F679F;
    1597 : 8F9BC5AF;
    1598 : 648D7A74;
    1599 : 595E8295;
    159A : 7A6F6F63;
    159B : 69777B78;
    159C : 76756963;
    159D : 6E696368;
    159E : 807E7D7A;
    159F : 79685E7A;
    15A0 : 6B724D64;
    15A1 : 76717173;
    15A2 : 807B5178;
    15A3 : 567B8682;
    15A4 : 7D868677;
    15A5 : 96BB8A75;
    15A6 : 62BDDEAD;
    15A7 : 58588C48;
    15A8 : 8D518163;
    15A9 : 7A6E4A5E;
    15AA : 85605053;
    15AB : 5E5160BF;
    15AC : B7675051;
    15AD : 6F6696D1;
    15AE : 47506960;
    15AF : 614A4A47;
    15B0 : 3B354D95;
    15B1 : D47B834F;
    15B2 : 6C89B1E1;
    15B3 : 7CBDB674;
    15B4 : 4C534355;
    15B5 : D9DFB762;
    15B6 : 68465384;
    15B7 : 474A4A64;
    15B8 : 5B433F3F;
    15B9 : 747F5063;
    15BA : 676283B2;
    15BB : CE8C6D5E;
    15BC : 3F4A709C;
    15BD : 594B7070;
    15BE : CDD7706D;
    15BF : 5E4E5173;
    15C0 : 9997979A;
    15C1 : 9598999A;
    15C2 : 93939494;
    15C3 : 91939393;
    15C4 : 8D8E8E90;
    15C5 : 90908E8D;
    15C6 : 90909090;
    15C7 : 8E8E8D8E;
    15C8 : 93919090;
    15C9 : 97989895;
    15CA : 81999D9A;
    15CB : 68677278;
    15CC : 65656366;
    15CD : 5D5B6666;
    15CE : 655C5B56;
    15CF : 686E6D64;
    15D0 : 7168696E;
    15D1 : 8B7B7D62;
    15D2 : 666E916F;
    15D3 : 6B646666;
    15D4 : 526D6163;
    15D5 : 5A535551;
    15D6 : 7E786363;
    15D7 : 918FADB0;
    15D8 : 6488985D;
    15D9 : 7B93C18D;
    15DA : 605D6772;
    15DB : 6F716C69;
    15DC : 6B7B656A;
    15DD : 756E6964;
    15DE : 7C767877;
    15DF : 626D667D;
    15E0 : 73795B66;
    15E1 : 7772767A;
    15E2 : 7B724B74;
    15E3 : 3D6B7A7A;
    15E4 : 65777A63;
    15E5 : 6C797F85;
    15E6 : 5DBCE196;
    15E7 : 72496645;
    15E8 : 90688D51;
    15E9 : 9D6C496D;
    15EA : 7B535653;
    15EB : 684252A1;
    15EC : 77444050;
    15ED : 5C4974A3;
    15EE : 534C4B62;
    15EF : 4D404547;
    15F0 : 3A4E6658;
    15F1 : DD996B49;
    15F2 : 6873BCE0;
    15F3 : 8FD09560;
    15F4 : 4F433C54;
    15F5 : B5E2995A;
    15F6 : 6C4C535C;
    15F7 : 454E497E;
    15F8 : 43393854;
    15F9 : 7E704756;
    15FA : 6979938D;
    15FB : A67D556E;
    15FC : 42416388;
    15FD : 50525F60;
    15FE : 97BBA475;
    15FF : 564D4E6F;
    1600 : ABADACB1;
    1601 : A9A2A0A3;
    1602 : 9CA0AAB2;
    1603 : ABAFA19C;
    1604 : 969A9EA4;
    1605 : 96949697;
    1606 : B2A79B97;
    1607 : 97999AA6;
    1608 : 9AA39E97;
    1609 : A6A49C98;
    160A : 6A7C7A8E;
    160B : 5D616563;
    160C : 5962615E;
    160D : 4C4E625C;
    160E : 65554F4B;
    160F : 6769756A;
    1610 : 5F636466;
    1611 : 67696459;
    1612 : 5D65766F;
    1613 : 63646561;
    1614 : 5A675A5C;
    1615 : 56505355;
    1616 : 73706361;
    1617 : 6B927877;
    1618 : 64778F5C;
    1619 : B1736B62;
    161A : 666471B5;
    161B : 6D6A6967;
    161C : 676D6D6F;
    161D : 70697264;
    161E : 71717772;
    161F : 52696974;
    1620 : 70635263;
    1621 : 7D6F6F7C;
    1622 : 7962436F;
    1623 : 41667371;
    1624 : 57747A60;
    1625 : 5778826E;
    1626 : 53ADC35F;
    1627 : 517C7042;
    1628 : 7B4F794E;
    1629 : 6E6C4E62;
    162A : 4E5A4D56;
    162B : 7B4A5B71;
    162C : 50343F7D;
    162D : 65516A81;
    162E : 54565E5B;
    162F : 413A4245;
    1630 : 3951533C;
    1631 : E38E5D41;
    1632 : 756D92DE;
    1633 : 6FB47F64;
    1634 : 3E394556;
    1635 : CAE0763E;
    1636 : 87564C6A;
    1637 : 4B435180;
    1638 : 3E373F48;
    1639 : 7387503E;
    163A : 5C788777;
    163B : 897C7476;
    163C : 413D5B9F;
    163D : 4C594E4C;
    163E : 94878766;
    163F : 5D4E6A94;
    1640 : B7B7B4B6;
    1641 : B3B1B3B4;
    1642 : A7ABB4B8;
    1643 : C7B9A7A7;
    1644 : B7BCBBBF;
    1645 : A0A0A9B4;
    1646 : B7A8A19E;
    1647 : AAADB1B7;
    1648 : BBBCAFAA;
    1649 : 668CACBA;
    164A : 645E5858;
    164B : 6B685E61;
    164C : 70645F5E;
    164D : 6E66625B;
    164E : 616A797A;
    164F : 67646C69;
    1650 : 67616165;
    1651 : 5F5F635A;
    1652 : 62696B67;
    1653 : 6062645D;
    1654 : 61625E62;
    1655 : 5F59615F;
    1656 : 5F636666;
    1657 : 5E5D656B;
    1658 : 68666761;
    1659 : 635F6161;
    165A : 7168656A;
    165B : 70676A94;
    165C : 64646682;
    165D : 68676563;
    165E : 6C69716A;
    165F : 48596C74;
    1660 : 7A664C4D;
    1661 : 717C757F;
    1662 : 6E594464;
    1663 : 435C746E;
    1664 : 616D7A53;
    1665 : 4C76806F;
    1666 : 567B8457;
    1667 : 3C6F6F3E;
    1668 : 9965854C;
    1669 : 504F4E76;
    166A : 48605141;
    166B : 664D539D;
    166C : 7A45406A;
    166D : 73545684;
    166E : 464F4F52;
    166F : 4D3C4741;
    1670 : 3A434952;
    1671 : C075473A;
    1672 : 637078C4;
    1673 : 62957761;
    1674 : 32415870;
    1675 : D2B26149;
    1676 : 814B4E6F;
    1677 : 3F3D4981;
    1678 : 43374640;
    1679 : 73745D3A;
    167A : 71906F78;
    167B : B7606F5F;
    167C : 32335199;
    167D : 48565A3F;
    167E : 9C787359;
    167F : 4F4F78B2;
    1680 : B7B7B6B6;
    1681 : B8B9B9B8;
    1682 : BCBBBBB8;
    1683 : BCB7BCBF;
    1684 : B1B1B4BD;
    1685 : B0B3B8B9;
    1686 : B7AEAFAF;
    1687 : C3B6B2B7;
    1688 : D1D3CCC6;
    1689 : 6B5165A6;
    168A : A3978E7A;
    168B : B9B3ADAC;
    168C : A4AFB1B1;
    168D : B3BDB49E;
    168E : 6762668E;
    168F : 62656469;
    1690 : 5D59585E;
    1691 : 6460625A;
    1692 : 67666565;
    1693 : 575B6160;
    1694 : 59636668;
    1695 : 6657605B;
    1696 : 64666A69;
    1697 : 5E5D6568;
    1698 : 645E6261;
    1699 : 62626168;
    169A : 66676665;
    169B : B4AD6764;
    169C : 5D5D6080;
    169D : 64636561;
    169E : 6A6B6A68;
    169F : 455F6C70;
    16A0 : 7B6F4246;
    16A1 : 5D75777D;
    16A2 : 60574B5F;
    16A3 : 37547173;
    16A4 : 64707148;
    16A5 : 53737D68;
    16A6 : 49608752;
    16A7 : 3A39634F;
    16A8 : 825C643F;
    16A9 : 504E518D;
    16AA : 3A2C4A49;
    16AB : 53475CA2;
    16AC : 725F596E;
    16AD : 54585D98;
    16AE : 4748545F;
    16AF : 4843484C;
    16B0 : 3A424B49;
    16B1 : A968463D;
    16B2 : 5B679DC0;
    16B3 : 6E735655;
    16B4 : 33354A60;
    16B5 : A2934938;
    16B6 : 75424855;
    16B7 : 44444271;
    16B8 : 37324349;
    16B9 : 8181553F;
    16BA : 6980BA88;
    16BB : A55F635C;
    16BC : 3A3C4595;
    16BD : 554C423B;
    16BE : 81726658;
    16BF : 474A566C;
    16C0 : B9B9B9B8;
    16C1 : BBBAB8B9;
    16C2 : BCBABBBB;
    16C3 : BEC4C2BE;
    16C4 : ACA8B4BF;
    16C5 : C8C7C2B8;
    16C6 : C0C0C3C6;
    16C7 : C4BDBCC1;
    16C8 : 71AACAC6;
    16C9 : 5C575857;
    16CA : C1BFBA97;
    16CB : C4C2C3C5;
    16CC : 76B1C1C5;
    16CD : 667E9292;
    16CE : 7D5F5E5B;
    16CF : 5F606069;
    16D0 : 70737464;
    16D1 : 6786767B;
    16D2 : 60616663;
    16D3 : 5A575C5D;
    16D4 : 605E5761;
    16D5 : 66566058;
    16D6 : 6E6C6966;
    16D7 : 5A585B6B;
    16D8 : 5D6F715F;
    16D9 : 645B5C67;
    16DA : 656D706D;
    16DB : 89A97563;
    16DC : 6A5B5A64;
    16DD : 5F5D5D6D;
    16DE : 64686562;
    16DF : 42556665;
    16E0 : 7B62404A;
    16E1 : 696E7074;
    16E2 : 5F495559;
    16E3 : 354E746C;
    16E4 : 5A7C814E;
    16E5 : 53778B7D;
    16E6 : 4B63804D;
    16E7 : 3840514E;
    16E8 : 81536039;
    16E9 : 404C4C99;
    16EA : 37364347;
    16EB : 524F5555;
    16EC : 5745435F;
    16ED : 4D4A5069;
    16EE : 4B48504B;
    16EF : 41454541;
    16F0 : 3D3A443A;
    16F1 : AC564236;
    16F2 : 4E5883A9;
    16F3 : 60525344;
    16F4 : 3B37464B;
    16F5 : 6E74433B;
    16F6 : 5E4A4358;
    16F7 : 4F454966;
    16F8 : 3A3B3842;
    16F9 : 84883835;
    16FA : 6269A063;
    16FB : 7F648355;
    16FC : 3A3F4571;
    16FD : 56463C3A;
    16FE : 8E647D59;
    16FF : 444271A6;
    1700 : B7B5B4B5;
    1701 : BAB9B9B9;
    1702 : B6B0B9BD;
    1703 : C0C2BAB9;
    1704 : B4B6C0BF;
    1705 : BDB9BAB4;
    1706 : C3C3BFBF;
    1707 : B8C3C4C4;
    1708 : 5A5C79A0;
    1709 : 815A5859;
    170A : B0B2A699;
    170B : 9FA09FA9;
    170C : 5B646F85;
    170D : 615E5A5E;
    170E : 6260595C;
    170F : 5C625D5D;
    1710 : AD81B872;
    1711 : 6473907A;
    1712 : 5C616667;
    1713 : 545B5658;
    1714 : 6051535D;
    1715 : 69606055;
    1716 : 63686868;
    1717 : 58555659;
    1718 : 6965655D;
    1719 : 5D5D5B62;
    171A : 64706D69;
    171B : 55718763;
    171C : 655A5A5A;
    171D : 5F575F67;
    171E : 59586063;
    171F : 3E505F61;
    1720 : 76593843;
    1721 : 6B747377;
    1722 : 6A534453;
    1723 : 3854735A;
    1724 : 5F848755;
    1725 : 54657E6B;
    1726 : 42546550;
    1727 : 2F383C3D;
    1728 : 784C4B39;
    1729 : 3D4A5657;
    172A : 2C394B4B;
    172B : 4E554B3F;
    172C : 43432F39;
    172D : 56494A39;
    172E : 4849524B;
    172F : 3B404343;
    1730 : 36363D3D;
    1731 : A34C3636;
    1732 : 4C566D80;
    1733 : 5255464E;
    1734 : 423E3E45;
    1735 : 57573334;
    1736 : 57413E60;
    1737 : 37413C4B;
    1738 : 313A3F42;
    1739 : 5D4A3334;
    173A : 495A6B5C;
    173B : 57556252;
    173C : 3637465C;
    173D : 53493130;
    173E : 666D7B58;
    173F : 444A6473;
    1740 : ABA8A7A9;
    1741 : B9B6B6AE;
    1742 : AEAAB4B9;
    1743 : B6BBBAB9;
    1744 : B7B6B2B3;
    1745 : BBBDB8B8;
    1746 : 9C9EBEC1;
    1747 : 6D77889C;
    1748 : 5D636161;
    1749 : 99765759;
    174A : 7E75787C;
    174B : 62646A85;
    174C : 5D5D625C;
    174D : 60696463;
    174E : 696E6169;
    174F : 595B5859;
    1750 : 6D798567;
    1751 : 67625A51;
    1752 : 5B606366;
    1753 : 58725557;
    1754 : 5750555B;
    1755 : 69645B4C;
    1756 : 6E616669;
    1757 : 5654555B;
    1758 : 64615E5D;
    1759 : 5F5F5B60;
    175A : 676B6269;
    175B : 4D657060;
    175C : 695A5C50;
    175D : 564D5B64;
    175E : 4E505764;
    175F : 3C50575D;
    1760 : 5859403C;
    1761 : 706D6E69;
    1762 : 5D464463;
    1763 : 3A51635C;
    1764 : 568C8D56;
    1765 : 455B8953;
    1766 : 45474C51;
    1767 : 3B2A3D47;
    1768 : 5E424345;
    1769 : 3F47798D;
    176A : 323F4846;
    176B : 583F4F3C;
    176C : 2F3E433F;
    176D : 4248433A;
    176E : 45505745;
    176F : 30404A4E;
    1770 : 372B3A36;
    1771 : 6D3D323C;
    1772 : 516A7C71;
    1773 : 50484A54;
    1774 : 3D3D3E49;
    1775 : 664D3F35;
    1776 : 38404842;
    1777 : 403B3A49;
    1778 : 2C373F43;
    1779 : 515D4127;
    177A : 4F494C52;
    177B : 444B5C54;
    177C : 31323342;
    177D : 4B444434;
    177E : 5A3B5341;
    177F : 516D4D51;
    1780 : BABCBCBB;
    1781 : B5B7B8B9;
    1782 : BAB6B6B3;
    1783 : B8BABBBD;
    1784 : C4C1C0B8;
    1785 : C6C0C3C2;
    1786 : 767788B3;
    1787 : 63666169;
    1788 : 5C5D6664;
    1789 : 705C5B5A;
    178A : 8BB0A388;
    178B : 6D717478;
    178C : 5D636C70;
    178D : 61726A63;
    178E : 70726F6F;
    178F : 5D65676A;
    1790 : 6D696561;
    1791 : 5C625860;
    1792 : 5E5F6266;
    1793 : 63665659;
    1794 : 53595659;
    1795 : 6E63584B;
    1796 : 68556469;
    1797 : 5654595D;
    1798 : 62625F5C;
    1799 : 4E545A5D;
    179A : 65656467;
    179B : 44585B5B;
    179C : 5F606754;
    179D : 4B595E5D;
    179E : 4E545A5F;
    179F : 414B6162;
    17A0 : 405A3E44;
    17A1 : 6C666655;
    17A2 : 53384855;
    17A3 : 49575C54;
    17A4 : 566F6C5B;
    17A5 : 4755784E;
    17A6 : 475F5B4F;
    17A7 : 3B383D42;
    17A8 : 6D433A33;
    17A9 : 4044556B;
    17AA : 403E3939;
    17AB : 4B33314C;
    17AC : 3533404C;
    17AD : 4B45372E;
    17AE : 44544F44;
    17AF : 31424447;
    17B0 : 3A2A4E36;
    17B1 : 6733272F;
    17B2 : 544F6359;
    17B3 : 4945494B;
    17B4 : 49454542;
    17B5 : 49312C43;
    17B6 : 3A384449;
    17B7 : 4A41414E;
    17B8 : 2D373442;
    17B9 : 50403431;
    17BA : 3F6A4748;
    17BB : 3E395151;
    17BC : 2C30273C;
    17BD : 3E283644;
    17BE : 5F576F3B;
    17BF : 58604B5C;
    17C0 : BDBFC1C2;
    17C1 : B6BABDBB;
    17C2 : CBC4BEBA;
    17C3 : C8CBC7C7;
    17C4 : D6D2D1CC;
    17C5 : C3CDCDD1;
    17C6 : 7C7A717C;
    17C7 : 646C6D73;
    17C8 : 585C615F;
    17C9 : 635E5E5A;
    17CA : 646D685F;
    17CB : 65707A7E;
    17CC : 59697371;
    17CD : 6B707060;
    17CE : 6F727566;
    17CF : 57666B70;
    17D0 : 7878766F;
    17D1 : 525E5E66;
    17D2 : 5E6D6A6C;
    17D3 : 665F555A;
    17D4 : 4F5D5856;
    17D5 : 6C574D49;
    17D6 : 614C5B67;
    17D7 : 57595C60;
    17D8 : 6461605B;
    17D9 : 454A5961;
    17DA : 64655F5E;
    17DB : 41486065;
    17DC : 5951544F;
    17DD : 4A636563;
    17DE : 4E525C58;
    17DF : 414C5A63;
    17E0 : 3C533C38;
    17E1 : 505F625B;
    17E2 : 633C4553;
    17E3 : 41545B52;
    17E4 : 57595D4D;
    17E5 : 3A5E6947;
    17E6 : 4C55583D;
    17E7 : 352F364A;
    17E8 : 3C302E30;
    17E9 : 3D4F4647;
    17EA : 3736343E;
    17EB : 3B4C4940;
    17EC : 342C3848;
    17ED : 4E42443D;
    17EE : 41545452;
    17EF : 37353B3F;
    17F0 : 332D2F3B;
    17F1 : 4C342E2C;
    17F2 : 4D4E6169;
    17F3 : 494A3C4A;
    17F4 : 494A4746;
    17F5 : 513F2A3C;
    17F6 : 3331323E;
    17F7 : 4A343F44;
    17F8 : 29322B32;
    17F9 : 59422927;
    17FA : 4E434A51;
    17FB : 45555B4C;
    17FC : 34373342;
    17FD : 41343737;
    17FE : 3C455939;
    17FF : 42395766;
    1800 : C1C2C4C6;
    1801 : C6C7C1C0;
    1802 : C3C6BEBC;
    1803 : C0C4CBC4;
    1804 : C6C3C2C4;
    1805 : A2CDC7CA;
    1806 : 7A7C7577;
    1807 : 70726F78;
    1808 : 515A6362;
    1809 : 4E545551;
    180A : 63575051;
    180B : 676F737B;
    180C : 5B637575;
    180D : 6E6E6B5C;
    180E : 716F746C;
    180F : 6A656C77;
    1810 : 717D7A74;
    1811 : 5C565261;
    1812 : 6B737269;
    1813 : 56555F62;
    1814 : 62715F57;
    1815 : 605D4E5C;
    1816 : 53524B53;
    1817 : 55595A56;
    1818 : 605E615B;
    1819 : 36475C5F;
    181A : 68676559;
    181B : 43455C69;
    181C : 58565748;
    181D : 4E4E5B60;
    181E : 48535D53;
    181F : 3F4E6561;
    1820 : 39423836;
    1821 : 4967675B;
    1822 : 493B4148;
    1823 : 495F5254;
    1824 : 516D6553;
    1825 : 354B7445;
    1826 : 46454D46;
    1827 : 2E2E4156;
    1828 : 39283633;
    1829 : 36465351;
    182A : 2F2F323B;
    182B : 41344849;
    182C : 333A374A;
    182D : 49364437;
    182E : 3D4B584C;
    182F : 3E3B3B48;
    1830 : 2E27282C;
    1831 : 2934332D;
    1832 : 4C3A3E38;
    1833 : 4A463D4D;
    1834 : 434E434D;
    1835 : 3E3D2F33;
    1836 : 3D423B38;
    1837 : 48474341;
    1838 : 2E36353D;
    1839 : 37542A29;
    183A : 3A3B343C;
    183B : 4C75924D;
    183C : 3A304146;
    183D : 36363233;
    183E : 36324439;
    183F : 414E424B;
    1840 : BFC1C2C1;
    1841 : CAC1BDBE;
    1842 : BFC3C8CC;
    1843 : BCBEC0BF;
    1844 : B9B8B9BB;
    1845 : 7EBEC5BD;
    1846 : 77777178;
    1847 : 777B7271;
    1848 : 4E555E73;
    1849 : 474C484E;
    184A : 6E554844;
    184B : 656C6F77;
    184C : 5D5C757E;
    184D : 6E6B605E;
    184E : 736C6D68;
    184F : 746E6074;
    1850 : 63767A76;
    1851 : 634A4857;
    1852 : 686E6F6C;
    1853 : 55516165;
    1854 : 656B7270;
    1855 : 68757475;
    1856 : 4449546B;
    1857 : 58504A48;
    1858 : 605E625C;
    1859 : 35465854;
    185A : 6964675C;
    185B : 474A5764;
    185C : 54584C4A;
    185D : 474B5E51;
    185E : 484D5B5A;
    185F : 415A665C;
    1860 : 32412F38;
    1861 : 52716548;
    1862 : 432D3946;
    1863 : 524B4847;
    1864 : 4B38564E;
    1865 : 4C61643C;
    1866 : 4D2B3748;
    1867 : 3430415A;
    1868 : 3527322F;
    1869 : 343B435A;
    186A : 342B383A;
    186B : 32263B53;
    186C : 32363748;
    186D : 35324335;
    186E : 494D523E;
    186F : 36494F52;
    1870 : 28222620;
    1871 : 1D2A2A2A;
    1872 : 474D2F26;
    1873 : 382D434E;
    1874 : 364A3D47;
    1875 : 37273833;
    1876 : 3C444139;
    1877 : 45514241;
    1878 : 272E3034;
    1879 : 48443025;
    187A : 3836373D;
    187B : 52665849;
    187C : 373E4845;
    187D : 3A322635;
    187E : 38393D41;
    187F : 3C414A40;
    1880 : B9BCBDBD;
    1881 : BAB7B9B8;
    1882 : BABDC0C0;
    1883 : B6B7B7B9;
    1884 : B4B4B5B7;
    1885 : 7793B6B5;
    1886 : 74736D71;
    1887 : 77757370;
    1888 : 4D535E76;
    1889 : 4545474E;
    188A : 755B4A45;
    188B : 63676D75;
    188C : 585C6E76;
    188D : 6C6D5F55;
    188E : 6D6B655C;
    188F : 756C4F64;
    1890 : 5B687676;
    1891 : 63494651;
    1892 : 646D6E6B;
    1893 : 5C465461;
    1894 : 63687377;
    1895 : 727F8870;
    1896 : 4A436176;
    1897 : 49494B59;
    1898 : 585E5E56;
    1899 : 3B3A5750;
    189A : 6C636655;
    189B : 47394461;
    189C : 55554B43;
    189D : 56405660;
    189E : 44535257;
    189F : 3E557451;
    18A0 : 3E333233;
    18A1 : 527E663B;
    18A2 : 3B2F2E43;
    18A3 : 42526F4C;
    18A4 : 443C4F62;
    18A5 : 404A5C38;
    18A6 : 4C3B3C3F;
    18A7 : 40303A4B;
    18A8 : 37262E35;
    18A9 : 3D3E3D49;
    18AA : 4D494141;
    18AB : 22334B42;
    18AC : 22303C30;
    18AD : 292D2E28;
    18AE : 4D49583C;
    18AF : 263D4C49;
    18B0 : 332E2C26;
    18B1 : 2327262C;
    18B2 : 403C3C30;
    18B3 : 43324354;
    18B4 : 3546414B;
    18B5 : 34324938;
    18B6 : 3C3C3732;
    18B7 : 3E483B3E;
    18B8 : 2F343032;
    18B9 : 4040322E;
    18BA : 38383D41;
    18BB : 4B584F45;
    18BC : 2D424444;
    18BD : 4339292C;
    18BE : 3C343D3C;
    18BF : 31283F48;
    18C0 : C2C4C5C7;
    18C1 : C0C3C5C4;
    18C2 : B5B8BBBF;
    18C3 : B1B0B1B3;
    18C4 : B6B3B2B2;
    18C5 : 777399B1;
    18C6 : 6F716E70;
    18C7 : 72727071;
    18C8 : 4E4C5E6C;
    18C9 : 4144484D;
    18CA : 76674C45;
    18CB : 63636569;
    18CC : 52536A6C;
    18CD : 6A6A6350;
    18CE : 7066655A;
    18CF : 71654358;
    18D0 : 5A646E74;
    18D1 : 624D434F;
    18D2 : 636D6D6B;
    18D3 : 5E48515D;
    18D4 : 68696E75;
    18D5 : 7283966E;
    18D6 : 4B425987;
    18D7 : 5C645260;
    18D8 : 5459574D;
    18D9 : 3B3A5951;
    18DA : 6B65614D;
    18DB : 483D3F68;
    18DC : 4E584E3A;
    18DD : 454A6360;
    18DE : 415B5A5E;
    18DF : 3A4F674D;
    18E0 : 38443A3E;
    18E1 : 4A71723C;
    18E2 : 3339383C;
    18E3 : 475F5A40;
    18E4 : 37686764;
    18E5 : 3F4A3E38;
    18E6 : 47584D41;
    18E7 : 3B404046;
    18E8 : 382C2A29;
    18E9 : 40464145;
    18EA : 4050463F;
    18EB : 292B3829;
    18EC : 3F473B36;
    18ED : 3A272835;
    18EE : 4743524F;
    18EF : 33414542;
    18F0 : 2B2E2828;
    18F1 : 3C2D292C;
    18F2 : 44333D3D;
    18F3 : 5341384D;
    18F4 : 41414743;
    18F5 : 303A4046;
    18F6 : 2E353B31;
    18F7 : 3D48322B;
    18F8 : 2F353947;
    18F9 : 222F2B2F;
    18FA : 4246372D;
    18FB : 4C4F4E41;
    18FC : 24262A35;
    18FD : 3E331E1F;
    18FE : 36333A34;
    18FF : 332F393A;
    1900 : CBCED1D2;
    1901 : C8C8C9C9;
    1902 : B9BBBEC5;
    1903 : B7B7B8B8;
    1904 : B6BDBAB7;
    1905 : 7578767C;
    1906 : 6D717172;
    1907 : 6C6C6C6F;
    1908 : 504F626A;
    1909 : 4A4A4A4E;
    190A : 6B6B564C;
    190B : 68636262;
    190C : 533F5D71;
    190D : 606C675B;
    190E : 6D665C4D;
    190F : 6D68475A;
    1910 : 58646972;
    1911 : 594C444C;
    1912 : 62686767;
    1913 : 5F4B5159;
    1914 : 706A6A6F;
    1915 : 76828E6A;
    1916 : 454A4179;
    1917 : 6B565658;
    1918 : 54595967;
    1919 : 443F4E50;
    191A : 5A6B5B4D;
    191B : 4B473F62;
    191C : 4E5E4D35;
    191D : 49515C5A;
    191E : 4E555256;
    191F : 373B6757;
    1920 : 2C353238;
    1921 : 435A633C;
    1922 : 2F343A35;
    1923 : 41544A3A;
    1924 : 3859494B;
    1925 : 45423F32;
    1926 : 44464043;
    1927 : 303F4B53;
    1928 : 4425232A;
    1929 : 3E3F434D;
    192A : 2533453D;
    192B : 4D312C2F;
    192C : 4A554342;
    192D : 3A252A4A;
    192E : 4E4B4A4F;
    192F : 2F3D4044;
    1930 : 24202023;
    1931 : 2E27272C;
    1932 : 403D3C2E;
    1933 : 3A434349;
    1934 : 403C5245;
    1935 : 2E394648;
    1936 : 3A403031;
    1937 : 46413437;
    1938 : 2E343D41;
    1939 : 23283130;
    193A : 3D3D392F;
    193B : 51533A37;
    193C : 262F3037;
    193D : 37262929;
    193E : 32433D38;
    193F : 41444543;
    1940 : C1C3C6C8;
    1941 : C1C1C0C0;
    1942 : C6C7C9C6;
    1943 : C4C5C5C6;
    1944 : AFCEC4C5;
    1945 : 7577777C;
    1946 : 71727170;
    1947 : 6F686A6B;
    1948 : 53586564;
    1949 : 52504F53;
    194A : 666B5E5B;
    194B : 6B666463;
    194C : 5F3B4D70;
    194D : 646B6160;
    194E : 636C6256;
    194F : 6B554048;
    1950 : 5960626B;
    1951 : 504B464C;
    1952 : 60616567;
    1953 : 5C464A5A;
    1954 : 77656565;
    1955 : 75859073;
    1956 : 3B465657;
    1957 : 5F535641;
    1958 : 56666262;
    1959 : 44494349;
    195A : 55675245;
    195B : 4D50434F;
    195C : 43474134;
    195D : 53546556;
    195E : 564E555A;
    195F : 3A41605D;
    1960 : 2D2B3035;
    1961 : 3D614D34;
    1962 : 35353C35;
    1963 : 41493D3E;
    1964 : 2E3A4D57;
    1965 : 444A3D2A;
    1966 : 4A3F4840;
    1967 : 2F405447;
    1968 : 3C27322E;
    1969 : 3432414A;
    196A : 151B3A3F;
    196B : 58472D22;
    196C : 2D3A4948;
    196D : 2F253135;
    196E : 4349524B;
    196F : 26293B3D;
    1970 : 29221C1F;
    1971 : 2E291E31;
    1972 : 45473939;
    1973 : 2D2B394A;
    1974 : 40474131;
    1975 : 2F30333A;
    1976 : 4942353D;
    1977 : 4953453D;
    1978 : 3B3F3D44;
    1979 : 2F2B2832;
    197A : 3B303935;
    197B : 5154493D;
    197C : 2B2E3547;
    197D : 3A243528;
    197E : 3F2F2E38;
    197F : 423D4247;
    1980 : B8BDC2C3;
    1981 : B3B5B5B6;
    1982 : D2D1CCBB;
    1983 : CECFD1D2;
    1984 : 9AC6C7CA;
    1985 : 7273727C;
    1986 : 6C717470;
    1987 : 696A6665;
    1988 : 55586061;
    1989 : 544D5455;
    198A : 646F5B5E;
    198B : 6D696765;
    198C : 6E445172;
    198D : 5F5F5D69;
    198E : 566C6A5C;
    198F : 5E573746;
    1990 : 5C606069;
    1991 : 52504A4F;
    1992 : 5D5E635B;
    1993 : 654A4858;
    1994 : 625E5F63;
    1995 : 8576805E;
    1996 : 31374B5B;
    1997 : 564D4336;
    1998 : 51635852;
    1999 : 43473D3F;
    199A : 48564D4A;
    199B : 4A4C4646;
    199C : 3A3D3D3C;
    199D : 5B5F604E;
    199E : 585D594F;
    199F : 3E455756;
    19A0 : 2B2A333E;
    19A1 : 34725130;
    19A2 : 37383734;
    19A3 : 42413F3A;
    19A4 : 343C3F3B;
    19A5 : 3A373632;
    19A6 : 38404747;
    19A7 : 2D324644;
    19A8 : 472F2928;
    19A9 : 413E2E3A;
    19AA : 21303C3C;
    19AB : 44514523;
    19AC : 233F3543;
    19AD : 3526231B;
    19AE : 4A4F4D48;
    19AF : 243D3F41;
    19B0 : 2F27241A;
    19B1 : 29272434;
    19B2 : 4A302C32;
    19B3 : 23303944;
    19B4 : 44463E2D;
    19B5 : 2A24273B;
    19B6 : 38362D3A;
    19B7 : 39403237;
    19B8 : 3C3A382F;
    19B9 : 30362734;
    19BA : 3C302A2C;
    19BB : 494B4E3D;
    19BC : 342D3039;
    19BD : 38363B36;
    19BE : 34232D30;
    19BF : 412A2D37;
    19C0 : C7CACDCE;
    19C1 : BFC2C1C4;
    19C2 : CECCC9C0;
    19C3 : D0CFCECF;
    19C4 : 82B9CACC;
    19C5 : 6C6E6D7A;
    19C6 : 63686E6D;
    19C7 : 62696765;
    19C8 : 53545659;
    19C9 : 4F4A5457;
    19CA : 646E6352;
    19CB : 706B6C6B;
    19CC : 71464065;
    19CD : 645E596C;
    19CE : 51595565;
    19CF : 514D3A3B;
    19D0 : 5C5F555E;
    19D1 : 515A5055;
    19D2 : 535A675A;
    19D3 : 604E4354;
    19D4 : 60605F5E;
    19D5 : 616A774E;
    19D6 : 373A424D;
    19D7 : 5250433E;
    19D8 : 4E4F5753;
    19D9 : 41494640;
    19DA : 494E454C;
    19DB : 44424C3D;
    19DC : 453E3B3F;
    19DD : 4A5C574C;
    19DE : 645D5C4D;
    19DF : 3A425C52;
    19E0 : 32333137;
    19E1 : 2B575638;
    19E2 : 3F3C382F;
    19E3 : 48474B43;
    19E4 : 38373435;
    19E5 : 403A3130;
    19E6 : 4F3B2F39;
    19E7 : 31424F4E;
    19E8 : 403A1E21;
    19E9 : 4E433122;
    19EA : 3744483A;
    19EB : 49436144;
    19EC : 1D383648;
    19ED : 4B3B2621;
    19EE : 4C533E47;
    19EF : 3B3F313C;
    19F0 : 30473131;
    19F1 : 211F2132;
    19F2 : 492F2A27;
    19F3 : 23314240;
    19F4 : 4D404541;
    19F5 : 352C3841;
    19F6 : 39352734;
    19F7 : 44413333;
    19F8 : 3131423D;
    19F9 : 2A30303D;
    19FA : 3F432F23;
    19FB : 544A4F41;
    19FC : 38383F4D;
    19FD : 342A2D3C;
    19FE : 2C272930;
    19FF : 472D2D2A;
    1A00 : CDCDCDCD;
    1A01 : CCCDCCCC;
    1A02 : C4CDCCCC;
    1A03 : CCCECEB7;
    1A04 : 74A8C8CB;
    1A05 : 6D6D6C73;
    1A06 : 65666B6C;
    1A07 : 5C616661;
    1A08 : 59565153;
    1A09 : 4A485057;
    1A0A : 70666A57;
    1A0B : 82816264;
    1A0C : 6A464C68;
    1A0D : 65646467;
    1A0E : 4B504E69;
    1A0F : 5A36303B;
    1A10 : 57594B4D;
    1A11 : 4B545559;
    1A12 : 59586550;
    1A13 : 5849465A;
    1A14 : 54615F58;
    1A15 : 63696A4E;
    1A16 : 3A3E3E55;
    1A17 : 5650393E;
    1A18 : 445C754D;
    1A19 : 34403B32;
    1A1A : 4B4A3444;
    1A1B : 4C434C40;
    1A1C : 4341374E;
    1A1D : 4456554D;
    1A1E : 675C503E;
    1A1F : 3B405B5B;
    1A20 : 3229343E;
    1A21 : 2A3F4539;
    1A22 : 413C362B;
    1A23 : 3E434845;
    1A24 : 2F3D343D;
    1A25 : 383C322A;
    1A26 : 3B463830;
    1A27 : 3929454A;
    1A28 : 3B32251E;
    1A29 : 4C452B37;
    1A2A : 2F3D3C36;
    1A2B : 4845564B;
    1A2C : 202E4653;
    1A2D : 45493921;
    1A2E : 45574233;
    1A2F : 48354040;
    1A30 : 345D3130;
    1A31 : 29241F39;
    1A32 : 3F20262F;
    1A33 : 39324B4B;
    1A34 : 50544D4C;
    1A35 : 29324650;
    1A36 : 39423F39;
    1A37 : 564D3B34;
    1A38 : 30363B54;
    1A39 : 30342F30;
    1A3A : 39314031;
    1A3B : 574E4F48;
    1A3C : 3033443C;
    1A3D : 331F302C;
    1A3E : 39393B2E;
    1A3F : 414B432A;
    1A40 : CDCCCCCB;
    1A41 : D0CFCECD;
    1A42 : B1D4D0CF;
    1A43 : D1D3D98C;
    1A44 : 6894D6D3;
    1A45 : 69696568;
    1A46 : 65676A67;
    1A47 : 525C6662;
    1A48 : 605D534F;
    1A49 : 4B484E48;
    1A4A : 68625E60;
    1A4B : 647D545A;
    1A4C : 5A3C3851;
    1A4D : 5A6B6769;
    1A4E : 52564960;
    1A4F : 583B2B37;
    1A50 : 5C564746;
    1A51 : 3D525254;
    1A52 : 585D553A;
    1A53 : 4B3C4054;
    1A54 : 58626850;
    1A55 : 6467644F;
    1A56 : 40393466;
    1A57 : 454D363C;
    1A58 : 3D576540;
    1A59 : 3136322E;
    1A5A : 46433138;
    1A5B : 4F3D4141;
    1A5C : 42444651;
    1A5D : 425A4A3D;
    1A5E : 655B4D39;
    1A5F : 3E374150;
    1A60 : 2F2B2B3B;
    1A61 : 253C3734;
    1A62 : 3E3A362A;
    1A63 : 4344453D;
    1A64 : 31372F35;
    1A65 : 3F3C2E33;
    1A66 : 3839473E;
    1A67 : 382A4C51;
    1A68 : 36231D1E;
    1A69 : 42483030;
    1A6A : 2744462E;
    1A6B : 3A473234;
    1A6C : 33372130;
    1A6D : 443F2A2B;
    1A6E : 554C5041;
    1A6F : 483D4B51;
    1A70 : 546C513B;
    1A71 : 272E2C3C;
    1A72 : 4A2D2423;
    1A73 : 422E3F49;
    1A74 : 3F50524B;
    1A75 : 222B3035;
    1A76 : 2D333731;
    1A77 : 49493B29;
    1A78 : 2F232D35;
    1A79 : 2C312730;
    1A7A : 2D252B38;
    1A7B : 4C47493A;
    1A7C : 2D2B4544;
    1A7D : 33201B15;
    1A7E : 34374B3E;
    1A7F : 2D3E543E;
    1A80 : C9C7C8C9;
    1A81 : D1CECBCA;
    1A82 : 91D9D5D3;
    1A83 : DACEA859;
    1A84 : 6A6D9AD1;
    1A85 : 67656065;
    1A86 : 64655766;
    1A87 : 525D6262;
    1A88 : 5F565051;
    1A89 : 58474F41;
    1A8A : 545B5165;
    1A8B : 55514C4E;
    1A8C : 4C333552;
    1A8D : 515D575F;
    1A8E : 44454651;
    1A8F : 3A322F36;
    1A90 : 4D523F43;
    1A91 : 34424745;
    1A92 : 58574B31;
    1A93 : 4C413E4D;
    1A94 : 5C566A4D;
    1A95 : 606A574E;
    1A96 : 3E363E4E;
    1A97 : 4144403D;
    1A98 : 40494D47;
    1A99 : 34363126;
    1A9A : 37333530;
    1A9B : 4F3D3F3D;
    1A9C : 523E4351;
    1A9D : 3C55404A;
    1A9E : 5E5E5A36;
    1A9F : 3D3E4142;
    1AA0 : 2D303135;
    1AA1 : 28393438;
    1AA2 : 3E3D3C2C;
    1AA3 : 40474940;
    1AA4 : 32362D31;
    1AA5 : 3E3D3734;
    1AA6 : 453D3C33;
    1AA7 : 3D2C4941;
    1AA8 : 4D361915;
    1AA9 : 3E3F4D4F;
    1AAA : 294F4D3A;
    1AAB : 374A502B;
    1AAC : 4C59362A;
    1AAD : 4349402E;
    1AAE : 5441543D;
    1AAF : 404A3B42;
    1AB0 : 56686E42;
    1AB1 : 26252F50;
    1AB2 : 47412627;
    1AB3 : 37233941;
    1AB4 : 36404845;
    1AB5 : 2A352F2E;
    1AB6 : 3F3C362E;
    1AB7 : 3944402D;
    1AB8 : 2E312D2E;
    1AB9 : 2D272D37;
    1ABA : 3B322F3C;
    1ABB : 4F544D49;
    1ABC : 2F374E4B;
    1ABD : 381F1F31;
    1ABE : 32374341;
    1ABF : 20293E40;
    1AC0 : CCC8C9CA;
    1AC1 : D5D1CDCD;
    1AC2 : 6BD5D4D3;
    1AC3 : 926C5947;
    1AC4 : 6A5C607B;
    1AC5 : 66676669;
    1AC6 : 68653A67;
    1AC7 : 54565F5C;
    1AC8 : 544B494D;
    1AC9 : 5A504D3C;
    1ACA : 51534865;
    1ACB : 42493B46;
    1ACC : 43343F48;
    1ACD : 474E4556;
    1ACE : 3B424348;
    1ACF : 3D252933;
    1AD0 : 4F423745;
    1AD1 : 2C3A4546;
    1AD2 : 574C3B2F;
    1AD3 : 473D3E48;
    1AD4 : 50485A47;
    1AD5 : 5B6C6952;
    1AD6 : 3540424A;
    1AD7 : 41353B3B;
    1AD8 : 3639393D;
    1AD9 : 2933302E;
    1ADA : 3C312E2D;
    1ADB : 5140433B;
    1ADC : 49253D46;
    1ADD : 3B485147;
    1ADE : 5C564232;
    1ADF : 39404A3D;
    1AE0 : 2A2B3035;
    1AE1 : 2E362E2A;
    1AE2 : 4038392F;
    1AE3 : 3F4A454F;
    1AE4 : 38393E39;
    1AE5 : 3B373537;
    1AE6 : 314C3F30;
    1AE7 : 47214635;
    1AE8 : 52341911;
    1AE9 : 453F3E44;
    1AEA : 36484B3B;
    1AEB : 3C3C4745;
    1AEC : 4D5A5640;
    1AED : 33362D46;
    1AEE : 3F435349;
    1AEF : 3138393F;
    1AF0 : 36465A57;
    1AF1 : 262C3B31;
    1AF2 : 36392A28;
    1AF3 : 1C153645;
    1AF4 : 32304333;
    1AF5 : 2A323D37;
    1AF6 : 363E2E25;
    1AF7 : 38484837;
    1AF8 : 37413D2F;
    1AF9 : 3120252E;
    1AFA : 42314348;
    1AFB : 44554E3A;
    1AFC : 372C3C48;
    1AFD : 3B201C37;
    1AFE : 29393B3D;
    1AFF : 2E383F3F;
    1B00 : B8A98285;
    1B01 : C6CBC1BB;
    1B02 : 57A4D5C5;
    1B03 : 5B4F544B;
    1B04 : 6B645050;
    1B05 : 6A6B6860;
    1B06 : 6B5B2F5D;
    1B07 : 53505954;
    1B08 : 4243444C;
    1B09 : 48594734;
    1B0A : 4B4C4356;
    1B0B : 39483F41;
    1B0C : 44333841;
    1B0D : 4150434B;
    1B0E : 3F424249;
    1B0F : 35222F37;
    1B10 : 4A413843;
    1B11 : 33454E4C;
    1B12 : 493C383C;
    1B13 : 3A443D48;
    1B14 : 433C473B;
    1B15 : 4B5F5C48;
    1B16 : 36373D3E;
    1B17 : 37372E33;
    1B18 : 30383531;
    1B19 : 2326272C;
    1B1A : 463A2124;
    1B1B : 4E493C47;
    1B1C : 48394D4B;
    1B1D : 35424E41;
    1B1E : 53483B35;
    1B1F : 434A5047;
    1B20 : 24282A39;
    1B21 : 27282E22;
    1B22 : 322C2C2E;
    1B23 : 2E3C3D45;
    1B24 : 33342C2A;
    1B25 : 3E302D2E;
    1B26 : 38403F3F;
    1B27 : 44294F3F;
    1B28 : 4F301218;
    1B29 : 3E3D272C;
    1B2A : 2536413A;
    1B2B : 50403D53;
    1B2C : 37515549;
    1B2D : 472D1C22;
    1B2E : 33495146;
    1B2F : 43464945;
    1B30 : 43393B59;
    1B31 : 1E384441;
    1B32 : 301E1F20;
    1B33 : 28163449;
    1B34 : 37364450;
    1B35 : 263A4E36;
    1B36 : 3B463821;
    1B37 : 4446483F;
    1B38 : 45372B3D;
    1B39 : 2D152130;
    1B3A : 55373040;
    1B3B : 433B3C3F;
    1B3C : 3830343E;
    1B3D : 3A24202A;
    1B3E : 34373E44;
    1B3F : 4231323E;
    1B40 : 61604A4E;
    1B41 : 7A947366;
    1B42 : 476EB77D;
    1B43 : 56455245;
    1B44 : 5F634F5A;
    1B45 : 595B5450;
    1B46 : 664C3148;
    1B47 : 52584E4C;
    1B48 : 4141454A;
    1B49 : 45483D37;
    1B4A : 3C413F47;
    1B4B : 3B433F3A;
    1B4C : 3F2F2E40;
    1B4D : 424F493D;
    1B4E : 3E424242;
    1B4F : 4C2E2830;
    1B50 : 4E453841;
    1B51 : 3F4B4945;
    1B52 : 483A3932;
    1B53 : 34403A43;
    1B54 : 3C2F3732;
    1B55 : 4250483C;
    1B56 : 383A313A;
    1B57 : 3237352A;
    1B58 : 2D362931;
    1B59 : 1F212020;
    1B5A : 4E3A3224;
    1B5B : 4033414F;
    1B5C : 4F4E4A3C;
    1B5D : 3C424A4D;
    1B5E : 594E3E3C;
    1B5F : 43454841;
    1B60 : 2321303E;
    1B61 : 212A2E26;
    1B62 : 3C2E2727;
    1B63 : 2D374549;
    1B64 : 2E322931;
    1B65 : 3A312823;
    1B66 : 3A492C3F;
    1B67 : 492D523F;
    1B68 : 3E200D1F;
    1B69 : 3C4A3E2D;
    1B6A : 30404E36;
    1B6B : 4E5A4E51;
    1B6C : 3254524A;
    1B6D : 4F332728;
    1B6E : 454B4F3D;
    1B6F : 4B444A4D;
    1B70 : 4445474D;
    1B71 : 22313132;
    1B72 : 35242120;
    1B73 : 3E253242;
    1B74 : 3C3C2945;
    1B75 : 24364B3B;
    1B76 : 373A3826;
    1B77 : 53534526;
    1B78 : 38303B39;
    1B79 : 3C2B2C3A;
    1B7A : 4F3F3E43;
    1B7B : 5A4A3A48;
    1B7C : 2B263952;
    1B7D : 2F292726;
    1B7E : 31333D34;
    1B7F : 40321E26;
    1B80 : 444A423C;
    1B81 : 4E524D43;
    1B82 : 45505E47;
    1B83 : 544D4A3E;
    1B84 : 4C4D4258;
    1B85 : 4C4F4A4B;
    1B86 : 593C3343;
    1B87 : 41464443;
    1B88 : 40403E43;
    1B89 : 43423A33;
    1B8A : 3C413B44;
    1B8B : 413F3C3C;
    1B8C : 3E36323E;
    1B8D : 4252493A;
    1B8E : 3B373D3F;
    1B8F : 46333335;
    1B90 : 44403947;
    1B91 : 3D434D3F;
    1B92 : 43353035;
    1B93 : 3A3A3643;
    1B94 : 362A2F38;
    1B95 : 4C4A3937;
    1B96 : 36403B45;
    1B97 : 3331302D;
    1B98 : 20342B2A;
    1B99 : 1F202F2B;
    1B9A : 50443F30;
    1B9B : 3B474953;
    1B9C : 42514031;
    1B9D : 43495A55;
    1B9E : 5857443F;
    1B9F : 3F343444;
    1BA0 : 22292735;
    1BA1 : 1B272725;
    1BA2 : 43292C20;
    1BA3 : 33344249;
    1BA4 : 232A2D37;
    1BA5 : 312A2623;
    1BA6 : 463C2C3A;
    1BA7 : 47253F46;
    1BA8 : 3D2D0F20;
    1BA9 : 413A434B;
    1BAA : 1C335541;
    1BAB : 38483B2F;
    1BAC : 2D51452C;
    1BAD : 35303D39;
    1BAE : 3D495645;
    1BAF : 5F443640;
    1BB0 : 4C4D464E;
    1BB1 : 2D363742;
    1BB2 : 44371C1D;
    1BB3 : 36153140;
    1BB4 : 3344342E;
    1BB5 : 1F2D3F38;
    1BB6 : 4B423028;
    1BB7 : 4552533B;
    1BB8 : 3649463F;
    1BB9 : 412C2929;
    1BBA : 4C393B3F;
    1BBB : 4B464550;
    1BBC : 36352837;
    1BBD : 2E1C2A31;
    1BBE : 2626382E;
    1BBF : 443B2022;
    1BC0 : 41414141;
    1BC1 : 40414343;
    1BC2 : 46423F40;
    1BC3 : 463F403F;
    1BC4 : 45403745;
    1BC5 : 44444446;
    1BC6 : 4A3A3340;
    1BC7 : 393D413D;
    1BC8 : 3D454245;
    1BC9 : 41403831;
    1BCA : 3E444642;
    1BCB : 3B433B36;
    1BCC : 38362C34;
    1BCD : 3F50503B;
    1BCE : 3E39403C;
    1BCF : 493E3735;
    1BD0 : 42413B4E;
    1BD1 : 3B425243;
    1BD2 : 3C2E2C2B;
    1BD3 : 413B3D3C;
    1BD4 : 30273137;
    1BD5 : 44473F3B;
    1BD6 : 2F434040;
    1BD7 : 2C2E3327;
    1BD8 : 272B2624;
    1BD9 : 1D1F2528;
    1BDA : 43301F1E;
    1BDB : 41504E4E;
    1BDC : 3D4F4343;
    1BDD : 43576243;
    1BDE : 4941473D;
    1BDF : 3C413544;
    1BE0 : 29272E3B;
    1BE1 : 19212124;
    1BE2 : 36303222;
    1BE3 : 393F3D3D;
    1BE4 : 26282837;
    1BE5 : 2B292526;
    1BE6 : 3C3E4C2E;
    1BE7 : 45234D46;
    1BE8 : 3D221922;
    1BE9 : 47282034;
    1BEA : 1F2C4E4A;
    1BEB : 33453B20;
    1BEC : 44504232;
    1BED : 2535353B;
    1BEE : 3F445235;
    1BEF : 604E4C4C;
    1BF0 : 4D433A46;
    1BF1 : 2C3A373B;
    1BF2 : 3933251E;
    1BF3 : 20203737;
    1BF4 : 31424237;
    1BF5 : 282A3233;
    1BF6 : 43412E23;
    1BF7 : 41303E3E;
    1BF8 : 36363243;
    1BF9 : 371F2B39;
    1BFA : 4334353D;
    1BFB : 4841373E;
    1BFC : 3843504E;
    1BFD : 2F1B1D33;
    1BFE : 2E41412C;
    1BFF : 393F2E21;
    1C00 : 43374051;
    1C01 : 42383F40;
    1C02 : 4245464B;
    1C03 : 4D3E3B38;
    1C04 : 473F3749;
    1C05 : 403B3F42;
    1C06 : 3F4B434A;
    1C07 : 3A3C4036;
    1C08 : 3C424140;
    1C09 : 433E3534;
    1C0A : 3739403E;
    1C0B : 39413C36;
    1C0C : 3A342A34;
    1C0D : 454F4F46;
    1C0E : 3A3C3637;
    1C0F : 543B3038;
    1C10 : 3B332B4C;
    1C11 : 373F4E4A;
    1C12 : 332F2A28;
    1C13 : 3C3B3A38;
    1C14 : 382D2D2D;
    1C15 : 424B4C34;
    1C16 : 2C302E3A;
    1C17 : 2A2A3835;
    1C18 : 28332623;
    1C19 : 191B1920;
    1C1A : 3A241A1B;
    1C1B : 5D525848;
    1C1C : 54514451;
    1C1D : 43505844;
    1C1E : 453E4843;
    1C1F : 37403943;
    1C20 : 222F3041;
    1C21 : 1D1D1F1F;
    1C22 : 2D282927;
    1C23 : 3F44393E;
    1C24 : 1D1B1C35;
    1C25 : 2C2A271E;
    1C26 : 45404935;
    1C27 : 421C5045;
    1C28 : 3C321B2B;
    1C29 : 4E2A1826;
    1C2A : 20304851;
    1C2B : 2E445639;
    1C2C : 524B594C;
    1C2D : 2B27263B;
    1C2E : 3C4B5346;
    1C2F : 48494A44;
    1C30 : 4A3E2D30;
    1C31 : 2A2E3D32;
    1C32 : 2823231E;
    1C33 : 1E193031;
    1C34 : 37343F37;
    1C35 : 1C374033;
    1C36 : 423E311E;
    1C37 : 47393732;
    1C38 : 2D302531;
    1C39 : 421C2638;
    1C3A : 4B3F393E;
    1C3B : 4C3B4043;
    1C3C : 272B3F4C;
    1C3D : 351C2729;
    1C3E : 36353E36;
    1C3F : 443E4432;
    1C40 : 44374152;
    1C41 : 4F3A3B40;
    1C42 : 424A484C;
    1C43 : 5C4A403A;
    1C44 : 5450495A;
    1C45 : 44424354;
    1C46 : 47545B55;
    1C47 : 443C3F33;
    1C48 : 35414644;
    1C49 : 3D3B3830;
    1C4A : 343D3A38;
    1C4B : 36383D35;
    1C4C : 3F392D2D;
    1C4D : 444C5145;
    1C4E : 323A2D3C;
    1C4F : 56323132;
    1C50 : 3F39344E;
    1C51 : 34434A4E;
    1C52 : 372C2D23;
    1C53 : 383C3E3A;
    1C54 : 33303331;
    1C55 : 48514533;
    1C56 : 32263143;
    1C57 : 262D2E38;
    1C58 : 24292320;
    1C59 : 1519141D;
    1C5A : 3E271415;
    1C5B : 58575659;
    1C5C : 394D405C;
    1C5D : 37484943;
    1C5E : 423F443D;
    1C5F : 3E333240;
    1C60 : 35322938;
    1C61 : 19222127;
    1C62 : 46301B19;
    1C63 : 3D4A373E;
    1C64 : 1D1B1C28;
    1C65 : 3429251C;
    1C66 : 3D464246;
    1C67 : 411D5749;
    1C68 : 34201E2E;
    1C69 : 4A441E38;
    1C6A : 283F5048;
    1C6B : 402F4C33;
    1C6C : 46455E55;
    1C6D : 3F232B44;
    1C6E : 3C48524A;
    1C6F : 50444649;
    1C70 : 3D3C2D3A;
    1C71 : 403B3C35;
    1C72 : 2D231A29;
    1C73 : 1C1D2D2F;
    1C74 : 392C3435;
    1C75 : 2A4A3F36;
    1C76 : 3F32352D;
    1C77 : 37334637;
    1C78 : 25403430;
    1C79 : 38272029;
    1C7A : 473F3F3B;
    1C7B : 55444E3C;
    1C7C : 21272E46;
    1C7D : 3D212221;
    1C7E : 302B302B;
    1C7F : 3D3A3D3D;
    1C80 : 443F4F4F;
    1C81 : 50474540;
    1C82 : 3B454B55;
    1C83 : 534D4239;
    1C84 : 56564F53;
    1C85 : 43434053;
    1C86 : 55525A5C;
    1C87 : 47433C38;
    1C88 : 38444247;
    1C89 : 36384635;
    1C8A : 35393532;
    1C8B : 36393C33;
    1C8C : 3B362229;
    1C8D : 43475342;
    1C8E : 373B2E40;
    1C8F : 51432E37;
    1C90 : 3D3B3849;
    1C91 : 38464A46;
    1C92 : 38293124;
    1C93 : 433C3537;
    1C94 : 2A2C3339;
    1C95 : 46443D32;
    1C96 : 3D393347;
    1C97 : 28403837;
    1C98 : 2126231D;
    1C99 : 1618141B;
    1C9A : 501E1416;
    1C9B : 574F4F5D;
    1C9C : 3B313B59;
    1C9D : 30424344;
    1C9E : 3C3C4243;
    1C9F : 443C3544;
    1CA0 : 2F36313D;
    1CA1 : 18262B2A;
    1CA2 : 2D2E2016;
    1CA3 : 293E3928;
    1CA4 : 1B1C2220;
    1CA5 : 4E321819;
    1CA6 : 443B302E;
    1CA7 : 40265749;
    1CA8 : 3B18152E;
    1CA9 : 493A2333;
    1CAA : 2B494A47;
    1CAB : 49394B33;
    1CAC : 46465653;
    1CAD : 44332546;
    1CAE : 473A3E3E;
    1CAF : 4F553E4A;
    1CB0 : 4439453E;
    1CB1 : 2C324549;
    1CB2 : 2827232C;
    1CB3 : 23283034;
    1CB4 : 40353131;
    1CB5 : 31413338;
    1CB6 : 343B3D25;
    1CB7 : 2832433E;
    1CB8 : 353B3933;
    1CB9 : 3D392832;
    1CBA : 4141363E;
    1CBB : 4B414F3C;
    1CBC : 201E2536;
    1CBD : 3A272825;
    1CBE : 2124322F;
    1CBF : 313B382B;
    1CC0 : 41515254;
    1CC1 : 544E4442;
    1CC2 : 3A47525B;
    1CC3 : 514B3C35;
    1CC4 : 57555350;
    1CC5 : 48444451;
    1CC6 : 49525B5F;
    1CC7 : 4548433B;
    1CC8 : 373E3F46;
    1CC9 : 3B384133;
    1CCA : 333F2E34;
    1CCB : 2D3B3330;
    1CCC : 38312B27;
    1CCD : 4A4A5051;
    1CCE : 34363B50;
    1CCF : 53402C2E;
    1CD0 : 3431374D;
    1CD1 : 3B474947;
    1CD2 : 2A203435;
    1CD3 : 3632322E;
    1CD4 : 2A232339;
    1CD5 : 4A533A26;
    1CD6 : 393D3142;
    1CD7 : 2735312F;
    1CD8 : 1D28211B;
    1CD9 : 151C1E1D;
    1CDA : 4E1D1415;
    1CDB : 4A505659;
    1CDC : 42254346;
    1CDD : 3548504A;
    1CDE : 373D433D;
    1CDF : 3A403540;
    1CE0 : 221F243C;
    1CE1 : 171B2023;
    1CE2 : 3022231E;
    1CE3 : 2D363C3E;
    1CE4 : 1C22332B;
    1CE5 : 34291D1C;
    1CE6 : 44422F21;
    1CE7 : 3A215E48;
    1CE8 : 3F281835;
    1CE9 : 572B222C;
    1CEA : 1E303A46;
    1CEB : 43474228;
    1CEC : 414B4F54;
    1CED : 403D2632;
    1CEE : 464D4A3E;
    1CEF : 3E573B3E;
    1CF0 : 45354645;
    1CF1 : 22324049;
    1CF2 : 2F212429;
    1CF3 : 3C423C3B;
    1CF4 : 4C413D34;
    1CF5 : 2B2E3E42;
    1CF6 : 37363330;
    1CF7 : 3D384237;
    1CF8 : 4941403E;
    1CF9 : 4036303C;
    1CFA : 3D41383D;
    1CFB : 4138404B;
    1CFC : 21313E3E;
    1CFD : 34263325;
    1CFE : 2E363C3C;
    1CFF : 272F2B22;
    1D00 : 3E505351;
    1D01 : 5354413F;
    1D02 : 404E5659;
    1D03 : 4C453736;
    1D04 : 53504F4D;
    1D05 : 5447484F;
    1D06 : 46506062;
    1D07 : 4040404B;
    1D08 : 3D414242;
    1D09 : 3C354138;
    1D0A : 2D3B2F33;
    1D0B : 32372C29;
    1D0C : 37312B29;
    1D0D : 5747514E;
    1D0E : 2B31395C;
    1D0F : 514B3824;
    1D10 : 3F353F51;
    1D11 : 3F47484B;
    1D12 : 26202F32;
    1D13 : 3B283039;
    1D14 : 2F2B2931;
    1D15 : 4742332A;
    1D16 : 2A363E3F;
    1D17 : 29262B22;
    1D18 : 1C232723;
    1D19 : 1616161D;
    1D1A : 572E1112;
    1D1B : 3D4C5853;
    1D1C : 4528353F;
    1D1D : 37494A4A;
    1D1E : 33373542;
    1D1F : 3E342D31;
    1D20 : 1123373A;
    1D21 : 11111219;
    1D22 : 3E252017;
    1D23 : 2C35353E;
    1D24 : 1A1B292A;
    1D25 : 23231F12;
    1D26 : 4A293D30;
    1D27 : 3E2A6047;
    1D28 : 36171536;
    1D29 : 4C4A272C;
    1D2A : 233E3D3E;
    1D2B : 5146412A;
    1D2C : 514B5159;
    1D2D : 404A372F;
    1D2E : 46414E49;
    1D2F : 4A474344;
    1D30 : 32384950;
    1D31 : 2642443A;
    1D32 : 2A1C1B1C;
    1D33 : 2B2D3239;
    1D34 : 47474B41;
    1D35 : 25333C3E;
    1D36 : 392E262A;
    1D37 : 363C442D;
    1D38 : 42412A38;
    1D39 : 34262D34;
    1D3A : 454C413A;
    1D3B : 41324347;
    1D3C : 483F503D;
    1D3D : 32252B3C;
    1D3E : 3B3F403D;
    1D3F : 46372C33;
    1D40 : 4C4E504D;
    1D41 : 574D4452;
    1D42 : 404D555A;
    1D43 : 47433B2D;
    1D44 : 4C4D4D4F;
    1D45 : 4F4A484B;
    1D46 : 4D545C58;
    1D47 : 39394349;
    1D48 : 4D3C3B3A;
    1D49 : 3E444D4B;
    1D4A : 393D2A2E;
    1D4B : 2D2F2D33;
    1D4C : 41332825;
    1D4D : 5D4C524C;
    1D4E : 2B32395A;
    1D4F : 50494232;
    1D50 : 3A393C46;
    1D51 : 3C474F48;
    1D52 : 1F212428;
    1D53 : 392C362D;
    1D54 : 262B3534;
    1D55 : 4B3E3A2B;
    1D56 : 433C353A;
    1D57 : 1D171A23;
    1D58 : 131C211D;
    1D59 : 14121218;
    1D5A : 574C1311;
    1D5B : 464A5357;
    1D5C : 40243140;
    1D5D : 40493B42;
    1D5E : 33303134;
    1D5F : 4039342D;
    1D60 : 17373440;
    1D61 : 0E16151A;
    1D62 : 2C1C1911;
    1D63 : 2A333333;
    1D64 : 191E2B2A;
    1D65 : 1E1B181B;
    1D66 : 513B4144;
    1D67 : 41335D45;
    1D68 : 32191337;
    1D69 : 50432734;
    1D6A : 29343A42;
    1D6B : 5D522E29;
    1D6C : 3A514E4D;
    1D6D : 37413F2C;
    1D6E : 45454A33;
    1D6F : 544C3D41;
    1D70 : 32353640;
    1D71 : 1A253A3C;
    1D72 : 251A1C1C;
    1D73 : 39313330;
    1D74 : 37303641;
    1D75 : 1B222433;
    1D76 : 3731211D;
    1D77 : 2E283A33;
    1D78 : 2D322B3A;
    1D79 : 382D2B2A;
    1D7A : 444D4E3F;
    1D7B : 4E314846;
    1D7C : 4235333E;
    1D7D : 301E3442;
    1D7E : 2533403E;
    1D7F : 50433F2E;
    1D80 : 503E454C;
    1D81 : 564D494F;
    1D82 : 41485254;
    1D83 : 45414234;
    1D84 : 51504553;
    1D85 : 3D3C4644;
    1D86 : 4C4F5252;
    1D87 : 34323A40;
    1D88 : 4C423D3D;
    1D89 : 3B484C4C;
    1D8A : 35373924;
    1D8B : 2A262929;
    1D8C : 332D2728;
    1D8D : 5A54584B;
    1D8E : 2933415F;
    1D8F : 494A4A30;
    1D90 : 3A3C3A42;
    1D91 : 4947453F;
    1D92 : 1B212628;
    1D93 : 322D3024;
    1D94 : 262C2D33;
    1D95 : 403D382B;
    1D96 : 31363141;
    1D97 : 1A202C25;
    1D98 : 16171415;
    1D99 : 0D111519;
    1D9A : 4057360D;
    1D9B : 4547434F;
    1D9C : 4039293C;
    1D9D : 3E473A3C;
    1D9E : 322D3933;
    1D9F : 35333126;
    1DA0 : 1F212032;
    1DA1 : 13191619;
    1DA2 : 1A1B1813;
    1DA3 : 26383C24;
    1DA4 : 1E202220;
    1DA5 : 27211919;
    1DA6 : 4D544E40;
    1DA7 : 3D355854;
    1DA8 : 3C1F1541;
    1DA9 : 573A2535;
    1DAA : 27444841;
    1DAB : 515D462C;
    1DAC : 3D534935;
    1DAD : 27342D20;
    1DAE : 4A444721;
    1DAF : 3E513D3D;
    1DB0 : 3E282D37;
    1DB1 : 34443B3F;
    1DB2 : 1F1B1326;
    1DB3 : 2F232E33;
    1DB4 : 3E2F2B2F;
    1DB5 : 2A383940;
    1DB6 : 393B2D1B;
    1DB7 : 352E2B3A;
    1DB8 : 26273848;
    1DB9 : 4B3E2F25;
    1DBA : 3836444C;
    1DBB : 473D3B48;
    1DBC : 2F48524D;
    1DBD : 31232625;
    1DBE : 21313134;
    1DBF : 43443D28;
    1DC0 : 4D444147;
    1DC1 : 56514846;
    1DC2 : 40494D54;
    1DC3 : 453F403F;
    1DC4 : 57584B5D;
    1DC5 : 45404544;
    1DC6 : 4A484049;
    1DC7 : 332B3641;
    1DC8 : 533B323C;
    1DC9 : 39464E52;
    1DCA : 343B3C33;
    1DCB : 2523272E;
    1DCC : 32272E2C;
    1DCD : 5E565548;
    1DCE : 2D394E66;
    1DCF : 49473C36;
    1DD0 : 37373D49;
    1DD1 : 4D473C33;
    1DD2 : 211C282A;
    1DD3 : 31343634;
    1DD4 : 22252F32;
    1DD5 : 4A323A34;
    1DD6 : 35363A44;
    1DD7 : 24233434;
    1DD8 : 181C181F;
    1DD9 : 0D151D1D;
    1DDA : 4D3C2D0E;
    1DDB : 43434151;
    1DDC : 5442343E;
    1DDD : 41414244;
    1DDE : 372C3B33;
    1DDF : 35292425;
    1DE0 : 1D272C37;
    1DE1 : 17180F17;
    1DE2 : 2E1F1A13;
    1DE3 : 30454234;
    1DE4 : 100F1D22;
    1DE5 : 171A1E15;
    1DE6 : 4F57603E;
    1DE7 : 2F324F59;
    1DE8 : 40211440;
    1DE9 : 54421E35;
    1DEA : 2B373B41;
    1DEB : 344E5B2F;
    1DEC : 39405528;
    1DED : 191C181E;
    1DEE : 44433E1B;
    1DEF : 3E3E3B49;
    1DF0 : 4A323242;
    1DF1 : 4B524143;
    1DF2 : 21122443;
    1DF3 : 2D283332;
    1DF4 : 353E3A35;
    1DF5 : 2F2D4643;
    1DF6 : 3B423937;
    1DF7 : 4C3B3231;
    1DF8 : 2841474F;
    1DF9 : 3E443325;
    1DFA : 39373431;
    1DFB : 47422B28;
    1DFC : 254A4246;
    1DFD : 2A1D1922;
    1DFE : 26332E2C;
    1DFF : 3D3A3924;
    1E00 : 4B473B43;
    1E01 : 46504D4D;
    1E02 : 3D434B4D;
    1E03 : 3E3D3D40;
    1E04 : 545A575C;
    1E05 : 5A594740;
    1E06 : 444C4349;
    1E07 : 33282E3F;
    1E08 : 4E3A2F37;
    1E09 : 3D4A4F56;
    1E0A : 213A4335;
    1E0B : 201A2921;
    1E0C : 3F282326;
    1E0D : 5959594A;
    1E0E : 2636575D;
    1E0F : 46493D2B;
    1E10 : 412B3349;
    1E11 : 40443C35;
    1E12 : 20162A34;
    1E13 : 3530362F;
    1E14 : 2B1D262D;
    1E15 : 503A3539;
    1E16 : 34263744;
    1E17 : 1717384E;
    1E18 : 1C18120C;
    1E19 : 10141115;
    1E1A : 4C2E100C;
    1E1B : 434B494E;
    1E1C : 44363D41;
    1E1D : 3F3F3F4A;
    1E1E : 35454F3E;
    1E1F : 41231A2B;
    1E20 : 2E353236;
    1E21 : 16171221;
    1E22 : 38362815;
    1E23 : 3B344340;
    1E24 : 10181F2E;
    1E25 : 3E1D1E14;
    1E26 : 493D5C54;
    1E27 : 36414455;
    1E28 : 271E1343;
    1E29 : 4349442D;
    1E2A : 2B3C383B;
    1E2B : 383B3E2A;
    1E2C : 45524937;
    1E2D : 19232225;
    1E2E : 3F4B4D24;
    1E2F : 47493C47;
    1E30 : 5E5D3D3D;
    1E31 : 23413D2F;
    1E32 : 2D17172B;
    1E33 : 372C3D35;
    1E34 : 2F374442;
    1E35 : 2C2D3B3E;
    1E36 : 3A413C2E;
    1E37 : 48483F3C;
    1E38 : 2A312E38;
    1E39 : 3C423D22;
    1E3A : 3C4A373F;
    1E3B : 50413E33;
    1E3C : 1B2C3344;
    1E3D : 2B1D2120;
    1E3E : 35312C30;
    1E3F : 44323637;
    1E40 : 4D544245;
    1E41 : 30465556;
    1E42 : 4442493F;
    1E43 : 433C3C45;
    1E44 : 52534E4C;
    1E45 : 4D594144;
    1E46 : 444B454C;
    1E47 : 2C31363E;
    1E48 : 4839322F;
    1E49 : 3E4C4F50;
    1E4A : 242D4136;
    1E4B : 19212724;
    1E4C : 42381F19;
    1E4D : 5A594F3F;
    1E4E : 1F375456;
    1E4F : 40453D2D;
    1E50 : 31283549;
    1E51 : 2C3D3D47;
    1E52 : 1C182C33;
    1E53 : 3A39242B;
    1E54 : 2321222D;
    1E55 : 4A403732;
    1E56 : 31292A45;
    1E57 : 19181D2B;
    1E58 : 12181310;
    1E59 : 110A0A0D;
    1E5A : 4B53380E;
    1E5B : 36394641;
    1E5C : 4C37323F;
    1E5D : 3E384044;
    1E5E : 2D353D38;
    1E5F : 39312423;
    1E60 : 2A2F2F37;
    1E61 : 11121726;
    1E62 : 29312417;
    1E63 : 2E393333;
    1E64 : 231D1A1E;
    1E65 : 592D2419;
    1E66 : 50404753;
    1E67 : 3A353E4E;
    1E68 : 2B18183E;
    1E69 : 43344133;
    1E6A : 31443638;
    1E6B : 5635232F;
    1E6C : 3A525553;
    1E6D : 1F27242F;
    1E6E : 514D4224;
    1E6F : 4B464646;
    1E70 : 484D3A49;
    1E71 : 252D282D;
    1E72 : 3126161F;
    1E73 : 40303632;
    1E74 : 39393D3E;
    1E75 : 2D3C453F;
    1E76 : 3126302E;
    1E77 : 2B303832;
    1E78 : 24211C3C;
    1E79 : 3B353022;
    1E7A : 3A3D3228;
    1E7B : 4F42332E;
    1E7C : 3330434E;
    1E7D : 2E202739;
    1E7E : 2C2C2F35;
    1E7F : 3D382D2E;
    1E80 : 3B3E424A;
    1E81 : 3C494C3F;
    1E82 : 3D44493F;
    1E83 : 45353A3D;
    1E84 : 4D4A444D;
    1E85 : 3A434847;
    1E86 : 3D3F434C;
    1E87 : 38323638;
    1E88 : 503A3A3D;
    1E89 : 3948514D;
    1E8A : 25353428;
    1E8B : 141B212A;
    1E8C : 2C242017;
    1E8D : 57604434;
    1E8E : 26344657;
    1E8F : 4144332C;
    1E90 : 2F31273B;
    1E91 : 21364140;
    1E92 : 1E17221F;
    1E93 : 3E362621;
    1E94 : 271E2926;
    1E95 : 45424332;
    1E96 : 3547282D;
    1E97 : 1F1F1622;
    1E98 : 121B2B1F;
    1E99 : 0F0C0B15;
    1E9A : 444A380F;
    1E9B : 33313741;
    1E9C : 504D3C4F;
    1E9D : 3D3E4C4C;
    1E9E : 2A26272F;
    1E9F : 332D2A28;
    1EA0 : 1E233439;
    1EA1 : 12171C21;
    1EA2 : 1F191C1B;
    1EA3 : 34413E2A;
    1EA4 : 17120D18;
    1EA5 : 45231916;
    1EA6 : 43464141;
    1EA7 : 3038534A;
    1EA8 : 29202A38;
    1EA9 : 411E252D;
    1EAA : 353E3F2C;
    1EAB : 55413130;
    1EAC : 40434758;
    1EAD : 20213034;
    1EAE : 4B474634;
    1EAF : 3E483F3C;
    1EB0 : 2440332F;
    1EB1 : 32352E1E;
    1EB2 : 28292B2A;
    1EB3 : 43393332;
    1EB4 : 413B3434;
    1EB5 : 183B4B46;
    1EB6 : 3B291A17;
    1EB7 : 3D3C3D37;
    1EB8 : 25242951;
    1EB9 : 40382E25;
    1EBA : 42373A39;
    1EBB : 4A462832;
    1EBC : 2F24403B;
    1EBD : 2B162A43;
    1EBE : 22373B35;
    1EBF : 272A2718;
    1EC0 : 3D32383A;
    1EC1 : 4142464B;
    1EC2 : 3F3B4041;
    1EC3 : 40373D3D;
    1EC4 : 4843434A;
    1EC5 : 47575C4F;
    1EC6 : 3A414A49;
    1EC7 : 41393732;
    1EC8 : 504B3F43;
    1EC9 : 374A4A48;
    1ECA : 212E4132;
    1ECB : 15211C1A;
    1ECC : 32231D18;
    1ECD : 59583D3A;
    1ECE : 382B4351;
    1ECF : 3E3C4241;
    1ED0 : 3C362C3E;
    1ED1 : 2A3B4744;
    1ED2 : 2115252A;
    1ED3 : 2B32372F;
    1ED4 : 242E2E30;
    1ED5 : 434B2E1E;
    1ED6 : 273A302B;
    1ED7 : 2B2B1E20;
    1ED8 : 1113181F;
    1ED9 : 0C181213;
    1EDA : 4A4D250C;
    1EDB : 4B454D3B;
    1EDC : 41473647;
    1EDD : 3D383340;
    1EDE : 29252638;
    1EDF : 40292030;
    1EE0 : 1C2E453B;
    1EE1 : 121E1C17;
    1EE2 : 1D151212;
    1EE3 : 31363A2E;
    1EE4 : 0E13131B;
    1EE5 : 4F27170F;
    1EE6 : 3A484152;
    1EE7 : 343B4B43;
    1EE8 : 26233C3F;
    1EE9 : 471D1A25;
    1EEA : 36373F41;
    1EEB : 58694C39;
    1EEC : 4E44414F;
    1EED : 50503D2F;
    1EEE : 59525658;
    1EEF : 3F403D4E;
    1EF0 : 2F403732;
    1EF1 : 242C281F;
    1EF2 : 2C221821;
    1EF3 : 3A2F3734;
    1EF4 : 3B39484A;
    1EF5 : 15324337;
    1EF6 : 46382B1E;
    1EF7 : 3B32373C;
    1EF8 : 2627205A;
    1EF9 : 3B3D402D;
    1EFA : 454A554A;
    1EFB : 513A263F;
    1EFC : 27394647;
    1EFD : 2D1D2625;
    1EFE : 3B38332D;
    1EFF : 29252429;
    1F00 : 41323437;
    1F01 : 41394056;
    1F02 : 413A3F40;
    1F03 : 4942413E;
    1F04 : 46433B41;
    1F05 : 474F5A53;
    1F06 : 3942494A;
    1F07 : 333B3B3B;
    1F08 : 434C3B3D;
    1F09 : 34404744;
    1F0A : 24223A29;
    1F0B : 121C2620;
    1F0C : 3B31321B;
    1F0D : 5152554E;
    1F0E : 453E3F42;
    1F0F : 3D3F283C;
    1F10 : 423C2E3C;
    1F11 : 2B3F4339;
    1F12 : 22252823;
    1F13 : 2A2B3330;
    1F14 : 2D2C2128;
    1F15 : 4749332E;
    1F16 : 2D293035;
    1F17 : 312F282D;
    1F18 : 0F0E1127;
    1F19 : 0D312A13;
    1F1A : 43492D0C;
    1F1B : 2E303B38;
    1F1C : 252F2B2C;
    1F1D : 30363229;
    1F1E : 2F252444;
    1F1F : 312C2629;
    1F20 : 1D213236;
    1F21 : 12141413;
    1F22 : 3917100F;
    1F23 : 2F403B3D;
    1F24 : 1C211921;
    1F25 : 55361E18;
    1F26 : 40423F4C;
    1F27 : 3749514A;
    1F28 : 2522333D;
    1F29 : 542A192C;
    1F2A : 42463A42;
    1F2B : 596F4D38;
    1F2C : 3C495557;
    1F2D : 4B515B52;
    1F2E : 4C564F49;
    1F2F : 413F4247;
    1F30 : 37444737;
    1F31 : 26322D23;
    1F32 : 221E181F;
    1F33 : 42343331;
    1F34 : 3A352C3A;
    1F35 : 1B394639;
    1F36 : 372E241E;
    1F37 : 3D322B32;
    1F38 : 1E1B1B5D;
    1F39 : 4545473C;
    1F3A : 4E695344;
    1F3B : 603E1F3C;
    1F3C : 27394A50;
    1F3D : 28182023;
    1F3E : 2E281C22;
    1F3F : 3A362E33;
    1F40 : 4C403338;
    1F41 : 2F2D334B;
    1F42 : 3F3A3A3C;
    1F43 : 383F3E3B;
    1F44 : 48444334;
    1F45 : 4B575246;
    1F46 : 373C3F48;
    1F47 : 2B373F39;
    1F48 : 41473526;
    1F49 : 363E4640;
    1F4A : 222C342B;
    1F4B : 13192119;
    1F4C : 433B2220;
    1F4D : 4C56554D;
    1F4E : 3141464C;
    1F4F : 3F463936;
    1F50 : 3536343A;
    1F51 : 28393E3C;
    1F52 : 22242C2A;
    1F53 : 2A292329;
    1F54 : 2E202628;
    1F55 : 404B4040;
    1F56 : 2A372D30;
    1F57 : 221E1A1A;
    1F58 : 100D1218;
    1F59 : 12382D0F;
    1F5A : 37351C09;
    1F5B : 252D3633;
    1F5C : 1F172525;
    1F5D : 22353B25;
    1F5E : 2C241C41;
    1F5F : 2D251D28;
    1F60 : 2125333E;
    1F61 : 110F1115;
    1F62 : 3F2F0F10;
    1F63 : 2B3F422B;
    1F64 : 1A171720;
    1F65 : 401B1120;
    1F66 : 48464341;
    1F67 : 44564748;
    1F68 : 26172235;
    1F69 : 4B251329;
    1F6A : 343E3C42;
    1F6B : 465D5430;
    1F6C : 4E3B414D;
    1F6D : 363B4A5D;
    1F6E : 364C4040;
    1F6F : 3B3D2F32;
    1F70 : 2B433943;
    1F71 : 413C361F;
    1F72 : 1B221D35;
    1F73 : 3A3A3B30;
    1F74 : 2E2E3635;
    1F75 : 22323337;
    1F76 : 34362F24;
    1F77 : 43372D26;
    1F78 : 1D1B1E5D;
    1F79 : 433B453B;
    1F7A : 53706E46;
    1F7B : 614B2747;
    1F7C : 2A2E3743;
    1F7D : 2C1E1F26;
    1F7E : 16181622;
    1F7F : 44393125;
    1F80 : 453C3436;
    1F81 : 3E403A45;
    1F82 : 453F3E39;
    1F83 : 3B3C3F3D;
    1F84 : 40373937;
    1F85 : 4C55413A;
    1F86 : 1E3E383E;
    1F87 : 1E3A4124;
    1F88 : 3D443625;
    1F89 : 3740413C;
    1F8A : 1F203037;
    1F8B : 131D191D;
    1F8C : 36260C0A;
    1F8D : 4F575E46;
    1F8E : 2A324F54;
    1F8F : 3D424E40;
    1F90 : 342D3139;
    1F91 : 2E413840;
    1F92 : 1F0E1B21;
    1F93 : 28282624;
    1F94 : 272B2B23;
    1F95 : 3536272F;
    1F96 : 1E28292E;
    1F97 : 2821191E;
    1F98 : 0F121F25;
    1F99 : 143C4216;
    1F9A : 423F180C;
    1F9B : 4A44443B;
    1F9C : 17182A29;
    1F9D : 232D3A31;
    1F9E : 2D2A233E;
    1F9F : 3D2B202A;
    1FA0 : 24283E38;
    1FA1 : 14120F1E;
    1FA2 : 44391110;
    1FA3 : 2B393B41;
    1FA4 : 1415181F;
    1FA5 : 3B1C1115;
    1FA6 : 44474840;
    1FA7 : 4C5E4A3E;
    1FA8 : 220F2C40;
    1FA9 : 3A15161B;
    1FAA : 413D3930;
    1FAB : 60685445;
    1FAC : 4D463D41;
    1FAD : 3337423C;
    1FAE : 403F3931;
    1FAF : 383D292C;
    1FB0 : 37483938;
    1FB1 : 3D34372E;
    1FB2 : 1C17213A;
    1FB3 : 37353530;
    1FB4 : 30344434;
    1FB5 : 191D3933;
    1FB6 : 3A22231B;
    1FB7 : 413B3D2C;
    1FB8 : 261A1C54;
    1FB9 : 50383D3A;
    1FBA : 64706438;
    1FBB : 474A2643;
    1FBC : 252E4937;
    1FBD : 2F1B1C23;
    1FBE : 141C1827;
    1FBF : 3A3A3722;
    1FC0 : 46373235;
    1FC1 : 43433942;
    1FC2 : 49434B3B;
    1FC3 : 39474043;
    1FC4 : 3B363A38;
    1FC5 : 3F343036;
    1FC6 : 273C3C3F;
    1FC7 : 2A3A4035;
    1FC8 : 37313834;
    1FC9 : 36384043;
    1FCA : 171D3233;
    1FCB : 121D181B;
    1FCC : 3B1E0E0E;
    1FCD : 4858604D;
    1FCE : 29283945;
    1FCF : 3B443D3A;
    1FD0 : 3222343B;
    1FD1 : 273A303D;
    1FD2 : 10172C28;
    1FD3 : 25292411;
    1FD4 : 171A2222;
    1FD5 : 474A2F25;
    1FD6 : 2539434B;
    1FD7 : 222B3236;
    1FD8 : 1013151B;
    1FD9 : 223D491A;
    1FDA : 423D150A;
    1FDB : 3F474745;
    1FDC : 322A2E2C;
    1FDD : 2F322E37;
    1FDE : 312A303D;
    1FDF : 3D3D232A;
    1FE0 : 21283834;
    1FE1 : 1315141A;
    1FE2 : 4F3B1912;
    1FE3 : 39373D3E;
    1FE4 : 0E191C26;
    1FE5 : 4B1B130F;
    1FE6 : 41514E49;
    1FE7 : 57644D44;
    1FE8 : 2218263F;
    1FE9 : 3219111D;
    1FEA : 593B2F28;
    1FEB : 5F686061;
    1FEC : 4849454E;
    1FED : 21243739;
    1FEE : 3C38241F;
    1FEF : 37332930;
    1FF0 : 3F3B3543;
    1FF1 : 1F29302E;
    1FF2 : 2223282B;
    1FF3 : 473A312D;
    1FF4 : 323D3437;
    1FF5 : 12253E3D;
    1FF6 : 461E2A16;
    1FF7 : 47333C36;
    1FF8 : 181D1E56;
    1FF9 : 5D504622;
    1FFA : 6B7D755B;
    1FFB : 43453A4F;
    1FFC : 28323C3E;
    1FFD : 35271B2C;
    1FFE : 1622162A;
    1FFF : 312B341E;
    2000 : 4C483731;
    2001 : 38383A49;
    2002 : 4241413C;
    2003 : 36404844;
    2004 : 313A3631;
    2005 : 4B474033;
    2006 : 323D3D44;
    2007 : 2C36373B;
    2008 : 39373023;
    2009 : 3D3E4144;
    200A : 1E2A3A2C;
    200B : 0C1F1318;
    200C : 39241712;
    200D : 444C5B54;
    200E : 2D2A4241;
    200F : 46584B3B;
    2010 : 26273441;
    2011 : 263F3538;
    2012 : 29211A26;
    2013 : 2E262826;
    2014 : 1E171E26;
    2015 : 4C473D38;
    2016 : 21273B4A;
    2017 : 1A1F1D21;
    2018 : 0A131D20;
    2019 : 2B434020;
    201A : 32380E07;
    201B : 49534933;
    201C : 342A2E35;
    201D : 2E2F2C32;
    201E : 3C293335;
    201F : 2D25242D;
    2020 : 2E2D362D;
    2021 : 1014171C;
    2022 : 3D2F1F13;
    2023 : 312A292F;
    2024 : 141E212A;
    2025 : 4E1D100D;
    2026 : 46474C44;
    2027 : 57625147;
    2028 : 221C223F;
    2029 : 2C182320;
    202A : 693B2C23;
    202B : 4E5B6061;
    202C : 3B4B4E58;
    202D : 25222E32;
    202E : 464B352A;
    202F : 2E373035;
    2030 : 3B413439;
    2031 : 182D2F22;
    2032 : 262A241D;
    2033 : 4A252728;
    2034 : 373B332B;
    2035 : 31424240;
    2036 : 48181813;
    2037 : 46423A3B;
    2038 : 261A2053;
    2039 : 5E534F3D;
    203A : 5A736D53;
    203B : 2C464358;
    203C : 2D262B28;
    203D : 35282132;
    203E : 171F172B;
    203F : 462A2A21;
    2040 : 44442C3A;
    2041 : 35383A3F;
    2042 : 39343A37;
    2043 : 34353843;
    2044 : 3140332D;
    2045 : 423F3A38;
    2046 : 363B333E;
    2047 : 2A36363B;
    2048 : 41463E25;
    2049 : 433B444A;
    204A : 22252D34;
    204B : 19322332;
    204C : 3C1E0F19;
    204D : 4A43535E;
    204E : 332A3A45;
    204F : 464C483A;
    2050 : 262A3240;
    2051 : 26423A38;
    2052 : 111A181D;
    2053 : 292C2116;
    2054 : 1D251F27;
    2055 : 3C463D22;
    2056 : 18222629;
    2057 : 12131921;
    2058 : 18161D18;
    2059 : 29434137;
    205A : 282D1F19;
    205B : 4D5B5336;
    205C : 2326313B;
    205D : 242A1C30;
    205E : 382A3231;
    205F : 342D202B;
    2060 : 27303A31;
    2061 : 1111111F;
    2062 : 32161213;
    2063 : 2C332D35;
    2064 : 1D15151E;
    2065 : 371F142E;
    2066 : 47644D3E;
    2067 : 42615F49;
    2068 : 31113240;
    2069 : 27245141;
    206A : 7D3F2D21;
    206B : 5C63535D;
    206C : 39364357;
    206D : 2B212835;
    206E : 3A342F2A;
    206F : 2637432D;
    2070 : 2E413734;
    2071 : 29343022;
    2072 : 211B191D;
    2073 : 58332723;
    2074 : 3F372839;
    2075 : 504C4F43;
    2076 : 441C1119;
    2077 : 36353930;
    2078 : 33162849;
    2079 : 65443945;
    207A : 615E716C;
    207B : 24432F40;
    207C : 21233023;
    207D : 34272A2F;
    207E : 16201E31;
    207F : 24342A1E;
    2080 : 352D2F3A;
    2081 : 38323636;
    2082 : 3A363B33;
    2083 : 2E2E284B;
    2084 : 3C3F2E29;
    2085 : 44433745;
    2086 : 3C40353D;
    2087 : 33362F37;
    2088 : 3E463E35;
    2089 : 4241453D;
    208A : 2C3A3431;
    208B : 2F41383E;
    208C : 431A0A27;
    208D : 403B4951;
    208E : 3338463B;
    208F : 40484437;
    2090 : 2F3D283E;
    2091 : 27351E2F;
    2092 : 1D130D11;
    2093 : 2F2A2F2D;
    2094 : 392D2320;
    2095 : 2D284B46;
    2096 : 1F1B1B26;
    2097 : 1E2A261F;
    2098 : 250D1818;
    2099 : 34354849;
    209A : 2F2C2835;
    209B : 505A5440;
    209C : 23353746;
    209D : 17181329;
    209E : 34263B2F;
    209F : 221A1A2F;
    20A0 : 1B264533;
    20A1 : 17100C19;
    20A2 : 42211213;
    20A3 : 2B333B43;
    20A4 : 2A121A26;
    20A5 : 39303065;
    20A6 : 405D6152;
    20A7 : 4959563D;
    20A8 : 432C4355;
    20A9 : 27415050;
    20AA : 77523722;
    20AB : 4A404F66;
    20AC : 4C424C52;
    20AD : 1E212B42;
    20AE : 2C26322A;
    20AF : 1C2B3F51;
    20B0 : 2C2E211C;
    20B1 : 4C39251E;
    20B2 : 26241B22;
    20B3 : 6125211B;
    20B4 : 2F383B46;
    20B5 : 5B53604A;
    20B6 : 3C1A1A3B;
    20B7 : 50403F32;
    20B8 : 1A232B43;
    20B9 : 613D3F34;
    20BA : 635C6674;
    20BB : 20452D4D;
    20BC : 212C372B;
    20BD : 3020232F;
    20BE : 2023212D;
    20BF : 2821211F;
    20C0 : 323E453E;
    20C1 : 2F2C2E32;
    20C2 : 30373732;
    20C3 : 373C2D3F;
    20C4 : 3D40312E;
    20C5 : 44443637;
    20C6 : 363F3C40;
    20C7 : 3233322C;
    20C8 : 383F4233;
    20C9 : 3D3D3F3E;
    20CA : 38332C25;
    20CB : 3E473E42;
    20CC : 5922142F;
    20CD : 434A4355;
    20CE : 3436453F;
    20CF : 403D4340;
    20D0 : 1F373244;
    20D1 : 1C33141B;
    20D2 : 3E26121B;
    20D3 : 2F3B453E;
    20D4 : 2B211D30;
    20D5 : 1E344635;
    20D6 : 282D2116;
    20D7 : 2C2C221A;
    20D8 : 351E1E25;
    20D9 : 4034424E;
    20DA : 4549474A;
    20DB : 4558504A;
    20DC : 16364149;
    20DD : 17111319;
    20DE : 3432351B;
    20DF : 24122433;
    20E0 : 152D5D3F;
    20E1 : 110C1C16;
    20E2 : 422E211F;
    20E3 : 37384044;
    20E4 : 321F231E;
    20E5 : 4B535958;
    20E6 : 565F6252;
    20E7 : 4B5B5C47;
    20E8 : 424D6464;
    20E9 : 35424746;
    20EA : 6E5F4A27;
    20EB : 54485360;
    20EC : 525F6263;
    20ED : 44353A3E;
    20EE : 464A4E4D;
    20EF : 31262236;
    20F0 : 282A2E1D;
    20F1 : 604F2C2B;
    20F2 : 4C3E1B2B;
    20F3 : 603F262C;
    20F4 : 494C5161;
    20F5 : 514D6156;
    20F6 : 3E2B4553;
    20F7 : 4C423239;
    20F8 : 33433F41;
    20F9 : 58484B3F;
    20FA : 665E5A6B;
    20FB : 1F37476B;
    20FC : 282D292D;
    20FD : 3B372C32;
    20FE : 32362C37;
    20FF : 491E1F28;
    2100 : 3040413D;
    2101 : 3E3A2F2F;
    2102 : 2F3C3538;
    2103 : 2D39303D;
    2104 : 333B2C2E;
    2105 : 41403427;
    2106 : 2A343640;
    2107 : 2C353228;
    2108 : 3D403D35;
    2109 : 262A3437;
    210A : 3C26232C;
    210B : 43484445;
    210C : 52264C4A;
    210D : 3F4D4A5C;
    210E : 32313D3A;
    210F : 353B3C35;
    2110 : 3C2F3537;
    2111 : 1433162D;
    2112 : 3B332A35;
    2113 : 3D535957;
    2114 : 36163B3E;
    2115 : 2B443B3A;
    2116 : 25153035;
    2117 : 1A1D1B25;
    2118 : 47431F0A;
    2119 : 3C3B3F50;
    211A : 4C573B40;
    211B : 464C5341;
    211C : 18353C41;
    211D : 21211B18;
    211E : 33313D11;
    211F : 2E171B31;
    2120 : 2A3F6646;
    2121 : 43393A26;
    2122 : 4B4A4741;
    2123 : 5A5C564B;
    2124 : 52524944;
    2125 : 4E56625A;
    2126 : 49554547;
    2127 : 3E515F5F;
    2128 : 3C3D5A5D;
    2129 : 4F403F37;
    212A : 6A675749;
    212B : 5A4E4457;
    212C : 3548555B;
    212D : 55423F31;
    212E : 3E474952;
    212F : 333D3B2F;
    2130 : 39573814;
    2131 : 64664734;
    2132 : 625B3F4F;
    2133 : 69674757;
    2134 : 545A5E63;
    2135 : 534C615E;
    2136 : 595C6152;
    2137 : 4F513335;
    2138 : 5B5C5F53;
    2139 : 5E4A595C;
    213A : 685C6671;
    213B : 22334861;
    213C : 342A2730;
    213D : 4847413E;
    213E : 282B4145;
    213F : 5A484139;
    2140 : 372D2937;
    2141 : 3A3B3D3C;
    2142 : 313D3B40;
    2143 : 2D363543;
    2144 : 493C302B;
    2145 : 4E4C3B3E;
    2146 : 2A373147;
    2147 : 3B2C272B;
    2148 : 3D414846;
    2149 : 322E2931;
    214A : 40292628;
    214B : 45444C3E;
    214C : 4E47584E;
    214D : 3E524242;
    214E : 2B384133;
    214F : 3E3D3431;
    2150 : 3C384241;
    2151 : 4B424E64;
    2152 : 5A576852;
    2153 : 66676A63;
    2154 : 3A2A3E4C;
    2155 : 3A4B4A51;
    2156 : 2D1D1E27;
    2157 : 1014222C;
    2158 : 574B291E;
    2159 : 46404550;
    215A : 434F3E3D;
    215B : 3B474E3F;
    215C : 13303831;
    215D : 38402920;
    215E : 3036361E;
    215F : 25181B38;
    2160 : 3E4A6256;
    2161 : 484A3B2F;
    2162 : 58504F45;
    2163 : 655A6152;
    2164 : 655F5057;
    2165 : 44485D63;
    2166 : 41554036;
    2167 : 4D42585A;
    2168 : 4F3B434F;
    2169 : 605D5350;
    216A : 676B676C;
    216B : 60564455;
    216C : 293D4C56;
    216D : 564C412D;
    216E : 323E414C;
    216F : 2435533E;
    2170 : 52614C2E;
    2171 : 58574B2B;
    2172 : 5D636365;
    2173 : 6E6F6366;
    2174 : 60646660;
    2175 : 5D52625D;
    2176 : 4B4E5258;
    2177 : 49524F51;
    2178 : 5C536955;
    2179 : 72555060;
    217A : 51647266;
    217B : 27455350;
    217C : 433B3538;
    217D : 43474542;
    217E : 6A695A46;
    217F : 78716C6C;
    2180 : 4332243B;
    2181 : 3A393A3A;
    2182 : 2B353939;
    2183 : 29342F3C;
    2184 : 3835372C;
    2185 : 334A4A44;
    2186 : 2C3B3533;
    2187 : 2A28342F;
    2188 : 3F3D4542;
    2189 : 382C2B35;
    218A : 493B3335;
    218B : 4A384541;
    218C : 4A56564C;
    218D : 3F444C46;
    218E : 30404333;
    218F : 3C313537;
    2190 : 543D3E3C;
    2191 : 645C646F;
    2192 : 5564665B;
    2193 : 5B585957;
    2194 : 3D414D4E;
    2195 : 343D4956;
    2196 : 2F351D23;
    2197 : 1E1F3529;
    2198 : 69643E35;
    2199 : 4B3C4357;
    219A : 42463D40;
    219B : 4A4D493C;
    219C : 27343231;
    219D : 39404C42;
    219E : 2D33332E;
    219F : 433C4655;
    21A0 : 4B585A62;
    21A1 : 504E3C3C;
    21A2 : 51594B4A;
    21A3 : 51555D4D;
    21A4 : 5D644846;
    21A5 : 33445F68;
    21A6 : 485F4D38;
    21A7 : 4E3B4862;
    21A8 : 5B554651;
    21A9 : 616D6154;
    21AA : 62746969;
    21AB : 5B565858;
    21AC : 36455255;
    21AD : 635A5440;
    21AE : 52595C65;
    21AF : 3C465D61;
    21B0 : 534D5740;
    21B1 : 54504940;
    21B2 : 4E465158;
    21B3 : 5868655B;
    21B4 : 585E6A52;
    21B5 : 6662575B;
    21B6 : 33374D5C;
    21B7 : 4E474841;
    21B8 : 4F506A77;
    21B9 : 604F4C53;
    21BA : 50565E5C;
    21BB : 5B66665D;
    21BC : 5F5D5A5C;
    21BD : 6464615C;
    21BE : 6E6F6F69;
    21BF : 7069696E;
    21C0 : 3F35262B;
    21C1 : 2B2E372D;
    21C2 : 1F2F2C2F;
    21C3 : 24333F36;
    21C4 : 3E3D352E;
    21C5 : 2D3F3C38;
    21C6 : 35393834;
    21C7 : 2B232D34;
    21C8 : 34384641;
    21C9 : 37383933;
    21CA : 453E373A;
    21CB : 4732393F;
    21CC : 464E494B;
    21CD : 3B404546;
    21CE : 37333438;
    21CF : 3334383A;
    21D0 : 624A4130;
    21D1 : 55595769;
    21D2 : 4D615854;
    21D3 : 5346352E;
    21D4 : 50393640;
    21D5 : 404F4A4C;
    21D6 : 3844433F;
    21D7 : 2C3E4928;
    21D8 : 5F53512B;
    21D9 : 41453E49;
    21DA : 3E413C40;
    21DB : 2E414F48;
    21DC : 3B252F2B;
    21DD : 3C3E5561;
    21DE : 4A32363B;
    21DF : 544B5D60;
    21E0 : 504B5360;
    21E1 : 59545146;
    21E2 : 56524A4C;
    21E3 : 52475652;
    21E4 : 56576750;
    21E5 : 3D504A60;
    21E6 : 5B696658;
    21E7 : 4945525A;
    21E8 : 5B525651;
    21E9 : 5A717864;
    21EA : 506F7160;
    21EB : 5E524647;
    21EC : 5A535D61;
    21ED : 6D6C6B64;
    21EE : 6A6D7275;
    21EF : 54484C65;
    21F0 : 5042545C;
    21F1 : 4B485159;
    21F2 : 464A4849;
    21F3 : 575C694E;
    21F4 : 45565D58;
    21F5 : 5F605649;
    21F6 : 3A3B405B;
    21F7 : 64594B43;
    21F8 : 4E4B667B;
    21F9 : 6451514C;
    21FA : 5C4E5464;
    21FB : 6461644E;
    21FC : 6C656762;
    21FD : 75717071;
    21FE : 72737274;
    21FF : 737B7873;
    2200 : 2D3E2527;
    2201 : 29262C2A;
    2202 : 212A1B24;
    2203 : 262D3133;
    2204 : 322F2321;
    2205 : 2B323A33;
    2206 : 33302330;
    2207 : 2D272B31;
    2208 : 343B4642;
    2209 : 2C222837;
    220A : 3D312134;
    220B : 392D3736;
    220C : 49423B3D;
    220D : 363F453D;
    220E : 3D382D2E;
    220F : 292A333F;
    2210 : 59534629;
    2211 : 484B4861;
    2212 : 5447454E;
    2213 : 5B38443F;
    2214 : 4D422B3D;
    2215 : 3F484E40;
    2216 : 364D5D49;
    2217 : 25253144;
    2218 : 54505239;
    2219 : 3936423B;
    221A : 40424139;
    221B : 40364245;
    221C : 4F363F36;
    221D : 2D374156;
    221E : 5149452B;
    221F : 56414F5A;
    2220 : 5243495D;
    2221 : 46444450;
    2222 : 665A483E;
    2223 : 82736D67;
    2224 : 555A767E;
    2225 : 6F725B57;
    2226 : 7D887F78;
    2227 : 43485367;
    2228 : 695C6459;
    2229 : 6F797F76;
    222A : 52636E75;
    222B : 40524D45;
    222C : 73796349;
    222D : 706D6C6D;
    222E : 71737372;
    222F : 4E3D3C4C;
    2230 : 4351555D;
    2231 : 3C4D4040;
    2232 : 474B423B;
    2233 : 5458655F;
    2234 : 42455A50;
    2235 : 5A625448;
    2236 : 5C4B4C63;
    2237 : 76766E66;
    2238 : 4D5C6669;
    2239 : 61785741;
    223A : 44505E63;
    223B : 62635756;
    223C : 5B3D4F57;
    223D : 79736F6B;
    223E : 76777677;
    223F : 6B717877;
    2240 : 2F3A2C31;
    2241 : 2A2B2723;
    2242 : 14171F2E;
    2243 : 242A3929;
    2244 : 2C2C1F1B;
    2245 : 2F30342B;
    2246 : 3A2F242F;
    2247 : 2B31393E;
    2248 : 333D3F41;
    2249 : 2E2D1924;
    224A : 3A2F2924;
    224B : 37383A38;
    224C : 3C3F3B3D;
    224D : 2D3F4237;
    224E : 39402421;
    224F : 251C2636;
    2250 : 56514122;
    2251 : 49474552;
    2252 : 503D5A58;
    2253 : 5351615F;
    2254 : 4C4F454B;
    2255 : 443F5241;
    2256 : 5A65604A;
    2257 : 63554E5B;
    2258 : 5C5F6270;
    2259 : 383C4149;
    225A : 2933463D;
    225B : 2E363739;
    225C : 4E37392F;
    225D : 30342B41;
    225E : 57525633;
    225F : 5D45464E;
    2260 : 5A4B5564;
    2261 : 6C685F61;
    2262 : 7C847C75;
    2263 : 7E7A8280;
    2264 : 7C7C7D7C;
    2265 : 81807872;
    2266 : 6D7D827C;
    2267 : 3B3E3D46;
    2268 : 80847459;
    2269 : 7A7B7D79;
    226A : 47516A73;
    226B : 593B393F;
    226C : 7268545C;
    226D : 7D7A6F71;
    226E : 6879797A;
    226F : 6158494E;
    2270 : 5D626061;
    2271 : 46595B5A;
    2272 : 413E4843;
    2273 : 40536B5C;
    2274 : 7B746352;
    2275 : 5F666F78;
    2276 : 726F6674;
    2277 : 7A807C78;
    2278 : 5C5D555D;
    2279 : 5C656C62;
    227A : 52434D4F;
    227B : 7A705258;
    227C : 5F59586B;
    227D : 7D7B7771;
    227E : 73767A7A;
    227F : 757B7F7C;
    2280 : 2639312C;
    2281 : 332E2B2A;
    2282 : 1E1F262C;
    2283 : 25273825;
    2284 : 2B2F201A;
    2285 : 383B372C;
    2286 : 4035252A;
    2287 : 2E262631;
    2288 : 2E3B3E41;
    2289 : 24251A1B;
    228A : 3B3C3328;
    228B : 392A323C;
    228C : 364B4B41;
    228D : 393E3F31;
    228E : 3A432E23;
    228F : 27282930;
    2290 : 4B493F30;
    2291 : 4B58524B;
    2292 : 554B4E56;
    2293 : 5860655D;
    2294 : 6F6F7461;
    2295 : 6E6C7570;
    2296 : 7167686E;
    2297 : 7F82756F;
    2298 : 6D767A7B;
    2299 : 50555657;
    229A : 504A5555;
    229B : 4D565650;
    229C : 5D5B5151;
    229D : 5B4D525B;
    229E : 6B6B6C63;
    229F : 7F80766E;
    22A0 : 6D4F5871;
    22A1 : 8386877B;
    22A2 : 77787A7B;
    22A3 : 7C75797A;
    22A4 : 81807C7F;
    22A5 : 82788580;
    22A6 : 5C5F6B80;
    22A7 : 3E373D48;
    22A8 : 7F735A4A;
    22A9 : 7F79777F;
    22AA : 3D445567;
    22AB : 544F4452;
    22AC : 735D4E4E;
    22AD : 7D7F7D7B;
    22AE : 72747375;
    22AF : 7A6B7173;
    22B0 : 66545A76;
    22B1 : 7076706E;
    22B2 : 6C696F6C;
    22B3 : 53667777;
    22B4 : 7D6D5558;
    22B5 : 706E787A;
    22B6 : 7E767570;
    22B7 : 69828688;
    22B8 : 7E694448;
    22B9 : 5F6E7C82;
    22BA : 37333951;
    22BB : 7A664439;
    22BC : 7A797B7C;
    22BD : 7871747B;
    22BE : 777A7779;
    22BF : 5A757073;
    22C0 : 37362E2A;
    22C1 : 3B2D1D27;
    22C2 : 191F2231;
    22C3 : 262A3020;
    22C4 : 2D2E2020;
    22C5 : 323F3A2B;
    22C6 : 3E2A1E2C;
    22C7 : 2D28212D;
    22C8 : 253A3E30;
    22C9 : 262F2B19;
    22CA : 3D362F2D;
    22CB : 3C34343E;
    22CC : 3045483D;
    22CD : 2E44392E;
    22CE : 333B282D;
    22CF : 1726232F;
    22D0 : 574E2D27;
    22D1 : 5E676960;
    22D2 : 70706862;
    22D3 : 74747473;
    22D4 : 7071797B;
    22D5 : 83858378;
    22D6 : 5B667582;
    22D7 : 847F6C5C;
    22D8 : 7C7F7F83;
    22D9 : 8082817E;
    22DA : 817E807F;
    22DB : 82807D81;
    22DC : 797B8282;
    22DD : 807E7C79;
    22DE : 837C7D80;
    22DF : 7F828380;
    22E0 : 5638496C;
    22E1 : 787C7B6E;
    22E2 : 77716B70;
    22E3 : 7B7F7E78;
    22E4 : 7C7E7F7D;
    22E5 : 766D8080;
    22E6 : 4C666979;
    22E7 : 442D293F;
    22E8 : 7E664B4C;
    22E9 : 78776B74;
    22EA : 3E43505E;
    22EB : 35394649;
    22EC : 69493C37;
    22ED : 706F7073;
    22EE : 74747070;
    22EF : 57526775;
    22F0 : 6B62605F;
    22F1 : 796C7374;
    22F2 : 7E83817E;
    22F3 : 3A4B6C79;
    22F4 : 73545D50;
    22F5 : 686A6C73;
    22F6 : 726C625E;
    22F7 : 61818487;
    22F8 : 796D514D;
    22F9 : 59626775;
    22FA : 2E3A4648;
    22FB : 67655836;
    22FC : 72706D70;
    22FD : 76717275;
    22FE : 7F7C7676;
    22FF : 42667774;
    2300 : 4246453F;
    2301 : 2A262A2F;
    2302 : 2A292B38;
    2303 : 383B3C32;
    2304 : 3F423732;
    2305 : 3F47473A;
    2306 : 36403641;
    2307 : 38323231;
    2308 : 2F414241;
    2309 : 1523302F;
    230A : 403C3129;
    230B : 30322C37;
    230C : 263F403B;
    230D : 273F382B;
    230E : 3A38292C;
    230F : 22272A30;
    2310 : 65523A2E;
    2311 : 74727576;
    2312 : 74747576;
    2313 : 79747477;
    2314 : 555A6B76;
    2315 : 79776F6A;
    2316 : 4F606D76;
    2317 : 7167544B;
    2318 : 79737877;
    2319 : 8486807F;
    231A : 79717B81;
    231B : 6E7E807D;
    231C : 795C6B67;
    231D : 86817D7D;
    231E : 8588898E;
    231F : 7D888984;
    2320 : 633C455F;
    2321 : 68787678;
    2322 : 77695F66;
    2323 : 766B6F74;
    2324 : 797E7C80;
    2325 : 5E5D787C;
    2326 : 54767C70;
    2327 : 3A413E3F;
    2328 : 6B563429;
    2329 : 6B706E69;
    232A : 3A3C4E5B;
    232B : 31342B2F;
    232C : 6447352F;
    232D : 6E6D6967;
    232E : 74737571;
    232F : 69656771;
    2330 : 7E78756E;
    2331 : 7C78747C;
    2332 : 696F6C72;
    2333 : 3B3A5D69;
    2334 : 62474746;
    2335 : 555F5D68;
    2336 : 735B5350;
    2337 : 526D767A;
    2338 : 535A4344;
    2339 : 49545A5B;
    233A : 373C3128;
    233B : 726E5841;
    233C : 7B7B7673;
    233D : 7D847E7D;
    233E : 7B806756;
    233F : 475B6E75;
    2340 : 3D3E3730;
    2341 : 302D3231;
    2342 : 2E2E3032;
    2343 : 3A3E3C35;
    2344 : 49443C3C;
    2345 : 444C4B42;
    2346 : 33454547;
    2347 : 4A414B33;
    2348 : 394D5455;
    2349 : 241D2127;
    234A : 534F4C40;
    234B : 4A423F42;
    234C : 434A3B45;
    234D : 3D545F55;
    234E : 4751513E;
    234F : 3B322532;
    2350 : 716C6855;
    2351 : 6C6C7175;
    2352 : 6867676B;
    2353 : 696A626F;
    2354 : 52496167;
    2355 : 6567646A;
    2356 : 3F585F69;
    2357 : 5D483634;
    2358 : 676A6361;
    2359 : 6E61625F;
    235A : 635E646E;
    235B : 566A7576;
    235C : 5D495358;
    235D : 79777970;
    235E : 7A827B78;
    235F : 5D787C7A;
    2360 : 3F35444C;
    2361 : 75706E64;
    2362 : 83858380;
    2363 : 86868583;
    2364 : 7C838185;
    2365 : 4D5E7678;
    2366 : 4B6D725D;
    2367 : 2B353C2B;
    2368 : 5D462E22;
    2369 : 5866655F;
    236A : 2C33415A;
    236B : 41414228;
    236C : 57483243;
    236D : 6E6B655E;
    236E : 6E697172;
    236F : 78717173;
    2370 : 7C767478;
    2371 : 7473777A;
    2372 : 60666C6A;
    2373 : 3D3C5A6B;
    2374 : 50443A30;
    2375 : 4550585F;
    2376 : 7053483F;
    2377 : 4B5F626C;
    2378 : 45463434;
    2379 : 373F4642;
    237A : 332F3833;
    237B : 665A4833;
    237C : 646A6D6D;
    237D : 68766F68;
    237E : 60684F40;
    237F : 43505657;
    2380 : 3336322E;
    2381 : 312E272A;
    2382 : 2022222D;
    2383 : 282B342D;
    2384 : 312E2524;
    2385 : 373C3B2A;
    2386 : 3B382E38;
    2387 : 32322F34;
    2388 : 303F3F39;
    2389 : 1C282F2C;
    238A : 3F38302B;
    238B : 38322E39;
    238C : 30404041;
    238D : 36464335;
    238E : 40423C34;
    238F : 302F242F;
    2390 : 6B5F5246;
    2391 : 696A7173;
    2392 : 6865666D;
    2393 : 64675F6C;
    2394 : 56495F65;
    2395 : 5B5F6366;
    2396 : 395E6764;
    2397 : 564F3026;
    2398 : 61685758;
    2399 : 5E525353;
    239A : 6871675F;
    239B : 585E6771;
    239C : 6362605F;
    239D : 625D6266;
    239E : 666C6769;
    239F : 6167666B;
    23A0 : 4A394045;
    23A1 : 6C6A645F;
    23A2 : 696D726D;
    23A3 : 747B736A;
    23A4 : 7B807F76;
    23A5 : 57636A75;
    23A6 : 4A66544F;
    23A7 : 40343D3A;
    23A8 : 49372D3A;
    23A9 : 4258675E;
    23AA : 3B3C404B;
    23AB : 353B353F;
    23AC : 503F3739;
    23AD : 7270695D;
    23AE : 7B7A7B75;
    23AF : 7D7C7979;
    23B0 : 65655A67;
    23B1 : 7F807872;
    23B2 : 7F7F837F;
    23B3 : 454A6076;
    23B4 : 46403638;
    23B5 : 4A544C47;
    23B6 : 554E3946;
    23B7 : 455C5D58;
    23B8 : 4F483E41;
    23B9 : 3A3A3D44;
    23BA : 48424742;
    23BB : 635A5350;
    23BC : 5D646867;
    23BD : 615A5A5E;
    23BE : 5F5C5354;
    23BF : 5653625B;
    23C0 : 34383331;
    23C1 : 31302C2B;
    23C2 : 2225242F;
    23C3 : 2B2D3630;
    23C4 : 302F2423;
    23C5 : 3339362C;
    23C6 : 3B332A31;
    23C7 : 2E292B31;
    23C8 : 2839403B;
    23C9 : 26302D22;
    23CA : 38363231;
    23CB : 37343338;
    23CC : 2F42463B;
    23CD : 2A3D352B;
    23CE : 34312629;
    23CF : 22272C30;
    23D0 : 564A342B;
    23D1 : 60696D63;
    23D2 : 686A6766;
    23D3 : 706D6A6A;
    23D4 : 50506170;
    23D5 : 70736C67;
    23D6 : 405C626D;
    23D7 : 6552403B;
    23D8 : 696D6A67;
    23D9 : 6E656365;
    23DA : 635F656A;
    23DB : 545F6C73;
    23DC : 594E5755;
    23DD : 67606769;
    23DE : 68696769;
    23DF : 6268676B;
    23E0 : 523C3A46;
    23E1 : 64656263;
    23E2 : 63666260;
    23E3 : 676D655D;
    23E4 : 77777869;
    23E5 : 64656A74;
    23E6 : 3D60585B;
    23E7 : 442F3A32;
    23E8 : 51432C44;
    23E9 : 5A636D67;
    23EA : 3F484D51;
    23EB : 384A464B;
    23EC : 604F483A;
    23ED : 69676762;
    23EE : 7B7D766C;
    23EF : 6A737373;
    23F0 : 5E615D5A;
    23F1 : 7D7C7673;
    23F2 : 7C818182;
    23F3 : 51595F70;
    23F4 : 3B434D4B;
    23F5 : 4750473A;
    23F6 : 4D473033;
    23F7 : 43585B51;
    23F8 : 4D4B4243;
    23F9 : 3E414848;
    23FA : 48474B45;
    23FB : 6458544D;
    23FC : 5C646866;
    23FD : 5D61615E;
    23FE : 5E5E4E48;
    23FF : 49525351;
    2400 : 35372D32;
    2401 : 32312F2D;
    2402 : 1F262A2F;
    2403 : 2B2C322C;
    2404 : 31332829;
    2405 : 32363631;
    2406 : 3B342930;
    2407 : 2F2F3134;
    2408 : 2F374041;
    2409 : 282B2322;
    240A : 39372F2A;
    240B : 352C363B;
    240C : 32424539;
    240D : 313C372D;
    240E : 38402F2C;
    240F : 21292630;
    2410 : 494B362B;
    2411 : 48534F47;
    2412 : 504C4E4D;
    2413 : 575A5D5B;
    2414 : 5C646958;
    2415 : 6C6D6B5E;
    2416 : 4D5A676A;
    2417 : 786F574B;
    2418 : 7175777A;
    2419 : 75787372;
    241A : 6C697474;
    241B : 5F707673;
    241C : 684E5A5D;
    241D : 7F7F7873;
    241E : 7C7F8281;
    241F : 56757F7A;
    2420 : 3E354145;
    2421 : 6C6A6A65;
    2422 : 70727974;
    2423 : 74777673;
    2424 : 737C7C78;
    2425 : 4A58656D;
    2426 : 42675B4F;
    2427 : 40333738;
    2428 : 5239323A;
    2429 : 4257615A;
    242A : 3C3D3F48;
    242B : 3738363D;
    242C : 4F413438;
    242D : 6B6A665B;
    242E : 6F6C7070;
    242F : 77707072;
    2430 : 6B655D67;
    2431 : 72727271;
    2432 : 62686B6B;
    2433 : 363B5B6B;
    2434 : 523F302F;
    2435 : 4A514F51;
    2436 : 6655414B;
    2437 : 42575B67;
    2438 : 44443535;
    2439 : 39404540;
    243A : 37333735;
    243B : 65594835;
    243C : 686B6B6A;
    243D : 6977736E;
    243E : 6A715645;
    243F : 43535F62;
    2440 : 343A2E2F;
    2441 : 31302D2F;
    2442 : 24272E30;
    2443 : 2B303230;
    2444 : 33342C2B;
    2445 : 32383732;
    2446 : 35312931;
    2447 : 2D2C3235;
    2448 : 31393C3E;
    2449 : 312F2329;
    244A : 3F342A28;
    244B : 3733373A;
    244C : 44453F3F;
    244D : 343C3D36;
    244E : 3B412C29;
    244F : 2A2A3137;
    2450 : 514D4031;
    2451 : 47454253;
    2452 : 4A3D534D;
    2453 : 4C445854;
    2454 : 505D463E;
    2455 : 4B3F4B3B;
    2456 : 53554F46;
    2457 : 534D464F;
    2458 : 5E5F6262;
    2459 : 42474352;
    245A : 474B4E43;
    245B : 57535049;
    245C : 6059635B;
    245D : 5E555C5F;
    245E : 726F6B5D;
    245F : 69797A74;
    2460 : 543D4455;
    2461 : 6974706F;
    2462 : 73685C62;
    2463 : 726E6E70;
    2464 : 70757678;
    2465 : 4F546B6D;
    2466 : 49666B61;
    2467 : 3136372E;
    2468 : 634C342D;
    2469 : 5E656564;
    246A : 2B334552;
    246B : 3E40412E;
    246C : 5C473641;
    246D : 68676664;
    246E : 6D6C6D6B;
    246F : 5F5B646E;
    2470 : 6D6B6A61;
    2471 : 716C6F6F;
    2472 : 686B6B6C;
    2473 : 3C3D5267;
    2474 : 5A4A4339;
    2475 : 47535663;
    2476 : 71564A43;
    2477 : 4F61727B;
    2478 : 50513E3D;
    2479 : 414D5752;
    247A : 383C3632;
    247B : 69624F3F;
    247C : 706D6A6E;
    247D : 736C6F72;
    247E : 72746862;
    247F : 44596D6E;
    2480 : 37372E32;
    2481 : 32313134;
    2482 : 282F3133;
    2483 : 2A303333;
    2484 : 3836302B;
    2485 : 2F3B3B36;
    2486 : 30302F32;
    2487 : 2B252D30;
    2488 : 373C3B38;
    2489 : 302A2C31;
    248A : 41332A2E;
    248B : 3E35393D;
    248C : 43484442;
    248D : 363E4439;
    248E : 3B3A2A2B;
    248F : 29232E3C;
    2490 : 5548402A;
    2491 : 4A4F4F5E;
    2492 : 4F484A4B;
    2493 : 5240463B;
    2494 : 4D44323C;
    2495 : 47474C46;
    2496 : 4F535251;
    2497 : 252F3D48;
    2498 : 51484931;
    2499 : 39393A43;
    249A : 3A3F413D;
    249B : 37363D39;
    249C : 4B473F33;
    249D : 33353846;
    249E : 534B4B2D;
    249F : 5F514F54;
    24A0 : 4D394457;
    24A1 : 675F5960;
    24A2 : 71716B69;
    24A3 : 7573726F;
    24A4 : 78777576;
    24A5 : 625E7077;
    24A6 : 515E676B;
    24A7 : 3D413C3E;
    24A8 : 74573732;
    24A9 : 6D746B72;
    24AA : 3B3D4C56;
    24AB : 38443B33;
    24AC : 684C3C38;
    24AD : 6F717171;
    24AE : 6F6F6C6C;
    24AF : 61576672;
    24B0 : 6558586A;
    24B1 : 6A6A6B6A;
    24B2 : 68656769;
    24B3 : 3C40596A;
    24B4 : 644B5047;
    24B5 : 585B5D6B;
    24B6 : 665F5752;
    24B7 : 58757976;
    24B8 : 5E584743;
    24B9 : 515A5A60;
    24BA : 373B403E;
    24BB : 69614F3A;
    24BC : 5A505461;
    24BD : 726D6D66;
    24BE : 6D6E7073;
    24BF : 4D69736F;
    24C0 : 39333035;
    24C1 : 35343838;
    24C2 : 2A313533;
    24C3 : 2B333138;
    24C4 : 3D3A342C;
    24C5 : 32403D37;
    24C6 : 2D383233;
    24C7 : 2A262F2C;
    24C8 : 34383F38;
    24C9 : 312F3031;
    24CA : 3B302630;
    24CB : 40323D3B;
    24CC : 404B4E46;
    24CD : 393E453D;
    24CE : 39373233;
    24CF : 30363841;
    24D0 : 533F3C30;
    24D1 : 58565761;
    24D2 : 4F595354;
    24D3 : 544B4643;
    24D4 : 443A3F44;
    24D5 : 3C45494A;
    24D6 : 445A5943;
    24D7 : 2D374B4A;
    24D8 : 55514431;
    24D9 : 3C3D3E43;
    24DA : 423F3D3E;
    24DB : 3C3D4747;
    24DC : 46353838;
    24DD : 383D4454;
    24DE : 493B3F36;
    24DF : 53414E56;
    24E0 : 453C3C4D;
    24E1 : 4A48474F;
    24E2 : 5C554E49;
    24E3 : 6F65625E;
    24E4 : 60666F71;
    24E5 : 6B636662;
    24E6 : 4E627172;
    24E7 : 44333545;
    24E8 : 75634E4A;
    24E9 : 71747974;
    24EA : 3F404A5A;
    24EB : 46424648;
    24EC : 64504341;
    24ED : 76716B6D;
    24EE : 666F6F70;
    24EF : 5F575457;
    24F0 : 57585662;
    24F1 : 49555553;
    24F2 : 48414949;
    24F3 : 424E5C58;
    24F4 : 5C4E5550;
    24F5 : 5D5E605E;
    24F6 : 5E5B5D5B;
    24F7 : 62706061;
    24F8 : 5155454C;
    24F9 : 4E585451;
    24FA : 35344048;
    24FB : 5C514238;
    24FC : 5C4E5459;
    24FD : 67666364;
    24FE : 6A6B6B6C;
    24FF : 696F6E6C;
    2500 : 36353638;
    2501 : 36363639;
    2502 : 33363636;
    2503 : 2F34303B;
    2504 : 3C393230;
    2505 : 3D423837;
    2506 : 2937343B;
    2507 : 2F2C302B;
    2508 : 373B403B;
    2509 : 34312D34;
    250A : 3E2E2B2D;
    250B : 3C393B39;
    250C : 41435044;
    250D : 3C444641;
    250E : 333A3634;
    250F : 35353837;
    2510 : 3E373734;
    2511 : 4D485459;
    2512 : 4B525D4C;
    2513 : 5A565956;
    2514 : 3835434A;
    2515 : 3640484A;
    2516 : 33414129;
    2517 : 20263338;
    2518 : 5D50342E;
    2519 : 4644424E;
    251A : 40423E42;
    251B : 38444741;
    251C : 37303131;
    251D : 4142514D;
    251E : 363A3838;
    251F : 4F484E54;
    2520 : 50464C52;
    2521 : 554E444A;
    2522 : 52514C4D;
    2523 : 574B534B;
    2524 : 50585753;
    2525 : 53625556;
    2526 : 57666054;
    2527 : 393A4148;
    2528 : 5D534D42;
    2529 : 68717164;
    252A : 3A454F60;
    252B : 4D48444E;
    252C : 625A4A4F;
    252D : 68656567;
    252E : 67696A6B;
    252F : 4E403F51;
    2530 : 474C5157;
    2531 : 404A4A44;
    2532 : 4249443F;
    2533 : 48545544;
    2534 : 4949474D;
    2535 : 60655B50;
    2536 : 4C555C64;
    2537 : 64534C46;
    2538 : 4B514A53;
    2539 : 595D564C;
    253A : 4840474E;
    253B : 51514E4F;
    253C : 524D4C4D;
    253D : 484C4D4E;
    253E : 5E5E584A;
    253F : 6766635F;
    2540 : 363A393C;
    2541 : 33343335;
    2542 : 33373132;
    2543 : 35333039;
    2544 : 3A3A2F32;
    2545 : 45433634;
    2546 : 2B333442;
    2547 : 322F342D;
    2548 : 3B3D413D;
    2549 : 31302E33;
    254A : 3A2B292C;
    254B : 3F43413C;
    254C : 4638433F;
    254D : 3D434944;
    254E : 303D3B36;
    254F : 38343635;
    2550 : 35363539;
    2551 : 363A323A;
    2552 : 42414B3B;
    2553 : 5055574F;
    2554 : 332C4244;
    2555 : 3B424145;
    2556 : 2C273131;
    2557 : 1E262A2E;
    2558 : 4E402B20;
    2559 : 4340474C;
    255A : 434A3E41;
    255B : 4248483B;
    255C : 2A3A363A;
    255D : 3D3F4334;
    255E : 343E3830;
    255F : 442E3543;
    2560 : 49414F54;
    2561 : 49493C3F;
    2562 : 4F534E47;
    2563 : 5452594C;
    2564 : 5C5D5150;
    2565 : 425E575F;
    2566 : 565D493E;
    2567 : 3C3F3E47;
    2568 : 5A4E4D44;
    2569 : 5F655A53;
    256A : 434F5E64;
    256B : 473F4041;
    256C : 484E4B4E;
    256D : 5F5E5A51;
    256E : 5B5B6062;
    256F : 43434B5B;
    2570 : 4A46534A;
    2571 : 4746464B;
    2572 : 45474748;
    2573 : 444C584E;
    2574 : 4D4D4D49;
    2575 : 63635450;
    2576 : 41455168;
    2577 : 5C494B41;
    2578 : 4B545C64;
    2579 : 5D625251;
    257A : 464D5654;
    257B : 2F504F51;
    257C : 37313534;
    257D : 42413E3D;
    257E : 383C4040;
    257F : 594F433E;
    2580 : 37373739;
    2581 : 30323436;
    2582 : 3137332E;
    2583 : 35332B3C;
    2584 : 393E3232;
    2585 : 43423A33;
    2586 : 33383840;
    2587 : 32333330;
    2588 : 3C3E3F38;
    2589 : 3433373A;
    258A : 382F2A2C;
    258B : 43464341;
    258C : 462E2D3D;
    258D : 3E42474A;
    258E : 303D423C;
    258F : 383B3533;
    2590 : 3237363D;
    2591 : 2D36242D;
    2592 : 3A2D2728;
    2593 : 3B454943;
    2594 : 342A3237;
    2595 : 31433E3A;
    2596 : 2E2C302C;
    2597 : 2926282E;
    2598 : 3A3A2723;
    2599 : 413E444B;
    259A : 4A4D3F41;
    259B : 40494C42;
    259C : 273E3F3D;
    259D : 33342D29;
    259E : 3A393A22;
    259F : 39222B38;
    25A0 : 40434E52;
    25A1 : 403D3A32;
    25A2 : 5247423E;
    25A3 : 5C57504C;
    25A4 : 59584A4E;
    25A5 : 49585C5F;
    25A6 : 50544342;
    25A7 : 4447474E;
    25A8 : 51454640;
    25A9 : 5C554D51;
    25AA : 515C676A;
    25AB : 44494A4A;
    25AC : 3C4B5049;
    25AD : 5251493D;
    25AE : 45464B52;
    25AF : 38475A4A;
    25B0 : 4F4C4E3E;
    25B1 : 4F4F3F3B;
    25B2 : 504B4F54;
    25B3 : 5156605E;
    25B4 : 5957554A;
    25B5 : 5D535656;
    25B6 : 4A4D535D;
    25B7 : 4D4A3B3E;
    25B8 : 52536764;
    25B9 : 564C5056;
    25BA : 4B4A5460;
    25BB : 284B5342;
    25BC : 2D29312C;
    25BD : 3C363335;
    25BE : 3237323D;
    25BF : 523F3131;
    25C0 : 38362F34;
    25C1 : 30343536;
    25C2 : 3235352C;
    25C3 : 312D2A3C;
    25C4 : 383A3131;
    25C5 : 403E3A36;
    25C6 : 383A393C;
    25C7 : 33323433;
    25C8 : 3B3F3E32;
    25C9 : 3B373C3C;
    25CA : 36332C2C;
    25CB : 3D433E3E;
    25CC : 442B2236;
    25CD : 4142434F;
    25CE : 3338443D;
    25CF : 3B3A3B36;
    25D0 : 3239383D;
    25D1 : 34392C33;
    25D2 : 2B262324;
    25D3 : 31363734;
    25D4 : 312C2A2C;
    25D5 : 2E38443A;
    25D6 : 302E2627;
    25D7 : 30332A2A;
    25D8 : 2B292A2B;
    25D9 : 3B3B454B;
    25DA : 47433D42;
    25DB : 3F4A4B45;
    25DC : 273E423E;
    25DD : 25262424;
    25DE : 393A3723;
    25DF : 2B232F36;
    25E0 : 384A5053;
    25E1 : 28252C26;
    25E2 : 47352D2A;
    25E3 : 4C47423F;
    25E4 : 3E3A2E2F;
    25E5 : 4C535D58;
    25E6 : 57544B48;
    25E7 : 48464C58;
    25E8 : 444B5653;
    25E9 : 4E444240;
    25EA : 53655444;
    25EB : 494A464A;
    25EC : 3B46504A;
    25ED : 50453D36;
    25EE : 41404150;
    25EF : 3040493D;
    25F0 : 50583D29;
    25F1 : 52544539;
    25F2 : 57525359;
    25F3 : 515A5954;
    25F4 : 555B5C4E;
    25F5 : 564C5A53;
    25F6 : 484F5751;
    25F7 : 4C44363B;
    25F8 : 4B526156;
    25F9 : 5449554F;
    25FA : 494F5558;
    25FB : 2D48574E;
    25FC : 29323B2F;
    25FD : 332D2E33;
    25FE : 2D302B3C;
    25FF : 51382C2B;
    2600 : 3D3D2F34;
    2601 : 33373A39;
    2602 : 37373733;
    2603 : 3634363F;
    2604 : 35393230;
    2605 : 3D3B3939;
    2606 : 3738353D;
    2607 : 31343436;
    2608 : 3C40382E;
    2609 : 3D3C4140;
    260A : 2F303433;
    260B : 343D3637;
    260C : 422A1F2E;
    260D : 4644444D;
    260E : 3337433F;
    260F : 3F3D4137;
    2610 : 2F343842;
    2611 : 343D3635;
    2612 : 23252425;
    2613 : 2D2E2C25;
    2614 : 272B2C2F;
    2615 : 363A412D;
    2616 : 25292A31;
    2617 : 262A2829;
    2618 : 28222625;
    2619 : 34374344;
    261A : 3938353A;
    261B : 434F4B3F;
    261C : 29383E41;
    261D : 2523272B;
    261E : 3834392D;
    261F : 2E262C35;
    2620 : 31475342;
    2621 : 24222429;
    2622 : 3A252324;
    2623 : 373A4444;
    2624 : 2A28282E;
    2625 : 49464F52;
    2626 : 53595749;
    2627 : 48414C59;
    2628 : 454E6159;
    2629 : 3D434445;
    262A : 5E61462F;
    262B : 4C4B5055;
    262C : 47535448;
    262D : 493A3D3B;
    262E : 45434A4F;
    262F : 3E373138;
    2630 : 3849362E;
    2631 : 58533A32;
    2632 : 4E3D344B;
    2633 : 5557463E;
    2634 : 4256564D;
    2635 : 4F4B5A4B;
    2636 : 3A314251;
    2637 : 49403A38;
    2638 : 35404448;
    2639 : 604D4B3E;
    263A : 525E6361;
    263B : 33443D4B;
    263C : 2A30382C;
    263D : 332F2D34;
    263E : 2D2C2939;
    263F : 493B3027;
    2640 : 403E3233;
    2641 : 3537383C;
    2642 : 3B383A35;
    2643 : 363A3F40;
    2644 : 36373333;
    2645 : 3D3C3735;
    2646 : 343B353C;
    2647 : 33373739;
    2648 : 3D3D342C;
    2649 : 3E3B4042;
    264A : 2A2F3633;
    264B : 2A342B32;
    264C : 3C292126;
    264D : 4546484C;
    264E : 34363F40;
    264F : 43434037;
    2650 : 30303A43;
    2651 : 323D3839;
    2652 : 2A2A2C2C;
    2653 : 2F2F2C27;
    2654 : 23262A31;
    2655 : 41453E2B;
    2656 : 272C2F38;
    2657 : 2524282D;
    2658 : 23252A2B;
    2659 : 303E473C;
    265A : 3935272B;
    265B : 4F534C34;
    265C : 2F353945;
    265D : 312E2E35;
    265E : 3A323B34;
    265F : 38322D35;
    2660 : 3144593C;
    2661 : 2524262D;
    2662 : 38292629;
    2663 : 383C3D42;
    2664 : 2B2A2B33;
    2665 : 3F32394D;
    2666 : 4E565347;
    2667 : 47465648;
    2668 : 3E344A53;
    2669 : 3743514B;
    266A : 5F553C2F;
    266B : 534E4459;
    266C : 514A434E;
    266D : 2D2E3547;
    266E : 38373B35;
    266F : 2E2C3643;
    2670 : 32332D2A;
    2671 : 593D2D30;
    2672 : 402F2635;
    2673 : 59473630;
    2674 : 36415352;
    2675 : 524D5147;
    2676 : 37242445;
    2677 : 3C3B3635;
    2678 : 2F293345;
    2679 : 53404442;
    267A : 5D565C61;
    267B : 32413A5A;
    267C : 3130332D;
    267D : 332D2C35;
    267E : 2D2F2A36;
    267F : 4A33362C;
    2680 : 3E393333;
    2681 : 3939393F;
    2682 : 3F3B3B38;
    2683 : 383B3F40;
    2684 : 3A383435;
    2685 : 3E3E3735;
    2686 : 3038393C;
    2687 : 343A3B37;
    2688 : 383B3833;
    2689 : 3A3B3F3B;
    268A : 29323834;
    268B : 252E272C;
    268C : 38272325;
    268D : 42454D4E;
    268E : 32313B40;
    268F : 44463E37;
    2690 : 322E373E;
    2691 : 2F3B383D;
    2692 : 24282F2E;
    2693 : 2D2B2824;
    2694 : 24292B2E;
    2695 : 48453C38;
    2696 : 31343E47;
    2697 : 2F312E2E;
    2698 : 23252829;
    2699 : 3940402F;
    269A : 3B342126;
    269B : 4950483A;
    269C : 3433393D;
    269D : 3633353C;
    269E : 3C353D3A;
    269F : 36332F37;
    26A0 : 353C5033;
    26A1 : 2A27282F;
    26A2 : 3F3B2D2B;
    26A3 : 383A383C;
    26A4 : 282D3238;
    26A5 : 452B2B27;
    26A6 : 4B544D4C;
    26A7 : 4253514C;
    26A8 : 34304949;
    26A9 : 39384840;
    26AA : 684F3B35;
    26AB : 49494656;
    26AC : 3F3E4750;
    26AD : 32303643;
    26AE : 3C3A3737;
    26AF : 31404840;
    26B0 : 393A2F2D;
    26B1 : 453A3531;
    26B2 : 302F2D2B;
    26B3 : 5C40312F;
    26B4 : 3B3A3B4D;
    26B5 : 4D4D4443;
    26B6 : 3B252833;
    26B7 : 3E3A363B;
    26B8 : 312A344E;
    26B9 : 584B493F;
    26BA : 594F555E;
    26BB : 4043465C;
    26BC : 302F302F;
    26BD : 332B2C33;
    26BE : 2E2D2836;
    26BF : 3F393A2F;
    26C0 : 3F393336;
    26C1 : 393B3B40;
    26C2 : 3E3C3838;
    26C3 : 383D3A39;
    26C4 : 3B393739;
    26C5 : 41423A37;
    26C6 : 313B373A;
    26C7 : 2F393A2F;
    26C8 : 363C3832;
    26C9 : 37393C36;
    26CA : 2B2F3931;
    26CB : 212B2A2A;
    26CC : 3B302826;
    26CD : 424A544B;
    26CE : 2E31403F;
    26CF : 43453F37;
    26D0 : 37333539;
    26D1 : 333D3A3D;
    26D2 : 29272D2F;
    26D3 : 2E2F2F2E;
    26D4 : 2E302F30;
    26D5 : 443C3335;
    26D6 : 2F3C3F43;
    26D7 : 2F323633;
    26D8 : 23222B2C;
    26D9 : 37424029;
    26DA : 453B2522;
    26DB : 4649443E;
    26DC : 32303539;
    26DD : 3538353A;
    26DE : 36353F3C;
    26DF : 3C3C2F37;
    26E0 : 33373E38;
    26E1 : 2724272F;
    26E2 : 48362829;
    26E3 : 3C3B403F;
    26E4 : 292A2D35;
    26E5 : 442E2926;
    26E6 : 44494845;
    26E7 : 50574944;
    26E8 : 32313F4E;
    26E9 : 3B2D2E34;
    26EA : 623E3B36;
    26EB : 44444E5A;
    26EC : 414B5855;
    26ED : 32333B39;
    26EE : 46453635;
    26EF : 3B3F3D3D;
    26F0 : 41453E40;
    26F1 : 2D363634;
    26F2 : 31323331;
    26F3 : 573B3634;
    26F4 : 393D3F53;
    26F5 : 343F4540;
    26F6 : 3B2D302F;
    26F7 : 4137373D;
    26F8 : 35303550;
    26F9 : 5A4A4138;
    26FA : 59556465;
    26FB : 4C413F57;
    26FC : 30393E40;
    26FD : 332B2C2F;
    26FE : 2E2E2A39;
    26FF : 41413C33;
    2700 : 3D363437;
    2701 : 363A3C41;
    2702 : 3B373737;
    2703 : 3B3C3838;
    2704 : 3D3A3837;
    2705 : 4045413B;
    2706 : 2E373A3B;
    2707 : 2D353731;
    2708 : 393C3730;
    2709 : 35383D38;
    270A : 2C31342F;
    270B : 23292B26;
    270C : 3A352A22;
    270D : 464E5447;
    270E : 2F304643;
    270F : 3F433B39;
    2710 : 3B39343A;
    2711 : 313A3D3A;
    2712 : 2B313330;
    2713 : 34373433;
    2714 : 33312F31;
    2715 : 3F3D393D;
    2716 : 2F373538;
    2717 : 302E292C;
    2718 : 24252D2F;
    2719 : 34474127;
    271A : 493B2926;
    271B : 49454241;
    271C : 2B2C3435;
    271D : 313B3935;
    271E : 37323B3F;
    271F : 3D383037;
    2720 : 32383F3C;
    2721 : 28292C2E;
    2722 : 49322727;
    2723 : 3B3D4447;
    2724 : 2C272F32;
    2725 : 3F2C2B2E;
    2726 : 464D4940;
    2727 : 4E554D43;
    2728 : 3333414C;
    2729 : 3F2D3034;
    272A : 56413F3B;
    272B : 4C4B545D;
    272C : 4850544F;
    272D : 3235393B;
    272E : 443F3433;
    272F : 3A3C333B;
    2730 : 443E3A3A;
    2731 : 34373736;
    2732 : 2B303434;
    2733 : 5735372F;
    2734 : 393B404E;
    2735 : 2C303D39;
    2736 : 3830312F;
    2737 : 403C3535;
    2738 : 362F374E;
    2739 : 563E3E41;
    273A : 5856605D;
    273B : 503B3653;
    273C : 313B4A42;
    273D : 302C2D2F;
    273E : 30302B38;
    273F : 443F3B35;
    2740 : 36313337;
    2741 : 37383D3E;
    2742 : 3B393737;
    2743 : 3D3A383A;
    2744 : 3E3B393A;
    2745 : 3F45443E;
    2746 : 30353A3D;
    2747 : 32333432;
    2748 : 3D3A3735;
    2749 : 363C3F3B;
    274A : 2A2E3430;
    274B : 22292A29;
    274C : 36322B23;
    274D : 49525044;
    274E : 36394746;
    274F : 403F3C3A;
    2750 : 3E38343C;
    2751 : 323D3F3B;
    2752 : 2C302F30;
    2753 : 36353634;
    2754 : 312E2D32;
    2755 : 433F3334;
    2756 : 34383439;
    2757 : 36302B2F;
    2758 : 25272A30;
    2759 : 2A473427;
    275A : 433C2A24;
    275B : 3B3B3E3D;
    275C : 2F2E3232;
    275D : 303A3B34;
    275E : 362E343F;
    275F : 34312F36;
    2760 : 32353D3B;
    2761 : 2C2B2B2E;
    2762 : 4230282A;
    2763 : 3A3F3E42;
    2764 : 302B2B31;
    2765 : 3F2E2C31;
    2766 : 46443E3C;
    2767 : 4D575247;
    2768 : 332E3A41;
    2769 : 47363237;
    276A : 57414443;
    276B : 595B5658;
    276C : 49464850;
    276D : 3A3C3B3E;
    276E : 42433E3B;
    276F : 3E3B3739;
    2770 : 47424544;
    2771 : 3C3B3F3C;
    2772 : 2B2D353B;
    2773 : 47353B33;
    2774 : 39393D45;
    2775 : 31363A3B;
    2776 : 36353431;
    2777 : 3F3C3133;
    2778 : 32313A54;
    2779 : 4C3F463E;
    277A : 5B69624B;
    277B : 54383851;
    277C : 3338454B;
    277D : 2F2B3031;
    277E : 3A393137;
    277F : 403C383B;
    2780 : 3637393B;
    2781 : 3939403D;
    2782 : 39393A3A;
    2783 : 3C363738;
    2784 : 3D3C3B40;
    2785 : 3D40413C;
    2786 : 30323739;
    2787 : 35302F2E;
    2788 : 3D3A3736;
    2789 : 373F413C;
    278A : 292F362F;
    278B : 23282929;
    278C : 342F2925;
    278D : 4D524A3E;
    278E : 3C3A4044;
    278F : 3E3E3D3B;
    2790 : 3E37353F;
    2791 : 3641433D;
    2792 : 2B2E3134;
    2793 : 38353632;
    2794 : 31323233;
    2795 : 46423531;
    2796 : 3438373B;
    2797 : 38333032;
    2798 : 27292B30;
    2799 : 28422D28;
    279A : 44422A23;
    279B : 3237413A;
    279C : 30303534;
    279D : 343C3534;
    279E : 36323442;
    279F : 37323138;
    27A0 : 2F323B3A;
    27A1 : 2E2D2C30;
    27A2 : 332B2B2D;
    27A3 : 393D403B;
    27A4 : 2F2F2E32;
    27A5 : 47322F2F;
    27A6 : 413B434B;
    27A7 : 51564D46;
    27A8 : 31303844;
    27A9 : 4B342F37;
    27AA : 51434446;
    27AB : 5B5E5C59;
    27AC : 47414C52;
    27AD : 373F3F43;
    27AE : 40443D39;
    27AF : 433C373B;
    27B0 : 40424243;
    27B1 : 44423A35;
    27B2 : 2B2C3142;
    27B3 : 41373A31;
    27B4 : 3A373442;
    27B5 : 353C3F3B;
    27B6 : 3835302F;
    27B7 : 3C32333A;
    27B8 : 35313956;
    27B9 : 4749473D;
    27BA : 616C614B;
    27BB : 4F39314E;
    27BC : 3440484A;
    27BD : 322A2E2F;
    27BE : 3F41373B;
    27BF : 393A3537;
    27C0 : 3B3D3A3E;
    27C1 : 393D413F;
    27C2 : 3A3A3D3B;
    27C3 : 3A343738;
    27C4 : 3E3D3C42;
    27C5 : 363A3D3A;
    27C6 : 2F303434;
    27C7 : 332E2E2E;
    27C8 : 3E363236;
    27C9 : 3841423F;
    27CA : 2B36382E;
    27CB : 27292B29;
    27CC : 372E2727;
    27CD : 4F50493E;
    27CE : 38384347;
    27CF : 40413D38;
    27D0 : 38343841;
    27D1 : 3540423C;
    27D2 : 2C2C3333;
    27D3 : 3C373331;
    27D4 : 30313034;
    27D5 : 46413A33;
    27D6 : 363F353C;
    27D7 : 36302E33;
    27D8 : 292F3132;
    27D9 : 29332B2B;
    27DA : 47452A25;
    27DB : 4143433F;
    27DC : 3B3C3941;
    27DD : 3E3F3A3E;
    27DE : 35353543;
    27DF : 3E343239;
    27E0 : 3439403D;
    27E1 : 2F302D2F;
    27E2 : 2F2D302D;
    27E3 : 373B3C32;
    27E4 : 2E2B2D33;
    27E5 : 4630322F;
    27E6 : 3E46474A;
    27E7 : 50594A42;
    27E8 : 3439403F;
    27E9 : 422E3238;
    27EA : 4A3D4647;
    27EB : 5C5D5758;
    27EC : 47444F57;
    27ED : 3D434850;
    27EE : 454B4244;
    27EF : 4540423D;
    27F0 : 42454743;
    27F1 : 3C403935;
    27F2 : 2F2F3038;
    27F3 : 39343634;
    27F4 : 423B3941;
    27F5 : 3041443C;
    27F6 : 3E3B2F2D;
    27F7 : 3E363A3E;
    27F8 : 35313B51;
    27F9 : 45443D35;
    27FA : 53605246;
    27FB : 4C37364B;
    27FC : 333F4542;
    27FD : 332C3932;
    27FE : 383E413B;
    27FF : 3D3B3533;
    2800 : 403E3A40;
    2801 : 383F4140;
    2802 : 393B3E3C;
    2803 : 3832353A;
    2804 : 40404044;
    2805 : 31373839;
    2806 : 2B2C2D2F;
    2807 : 2C2C2B2B;
    2808 : 3A322F2E;
    2809 : 3A40413F;
    280A : 313B3932;
    280B : 292A2D2B;
    280C : 3A2F2A2D;
    280D : 50504541;
    280E : 3538464B;
    280F : 40443D34;
    2810 : 38313E42;
    2811 : 3A3F3F3E;
    2812 : 292D3637;
    2813 : 3D393534;
    2814 : 2F303136;
    2815 : 45423E34;
    2816 : 3D3B3542;
    2817 : 302F2E35;
    2818 : 2E302F2E;
    2819 : 29292929;
    281A : 47452C23;
    281B : 41424242;
    281C : 48404045;
    281D : 40424244;
    281E : 34323241;
    281F : 39353236;
    2820 : 33393D3C;
    2821 : 2C2F2F2F;
    2822 : 312E2F28;
    2823 : 3D3D3C37;
    2824 : 2F2C2B33;
    2825 : 4031312E;
    2826 : 4346433F;
    2827 : 48514540;
    2828 : 33323B3F;
    2829 : 422F373A;
    282A : 413C4442;
    282B : 594A4142;
    282C : 484C4852;
    282D : 4A50564E;
    282E : 50534B47;
    282F : 4644494D;
    2830 : 45454040;
    2831 : 383B3837;
    2832 : 31313536;
    2833 : 38373634;
    2834 : 3F404139;
    2835 : 3040443E;
    2836 : 3B352E2D;
    2837 : 393C3A3D;
    2838 : 38313B48;
    2839 : 3D393836;
    283A : 48604D3A;
    283B : 4B3E3441;
    283C : 34373E42;
    283D : 36323B40;
    283E : 39383C39;
    283F : 43393D3B;
    2840 : 413E3C42;
    2841 : 3F3F4042;
    2842 : 383A3F41;
    2843 : 39363637;
    2844 : 40454848;
    2845 : 31333138;
    2846 : 2929292E;
    2847 : 25252727;
    2848 : 342E2B27;
    2849 : 3B403F3C;
    284A : 35383432;
    284B : 2F2A2B2D;
    284C : 35313033;
    284D : 4E4A4440;
    284E : 343B4B50;
    284F : 40423B33;
    2850 : 3D363E42;
    2851 : 3E413D3C;
    2852 : 2C2F343B;
    2853 : 3C3C3937;
    2854 : 312F3439;
    2855 : 45413939;
    2856 : 32333A48;
    2857 : 2C2E363C;
    2858 : 2A2B2929;
    2859 : 282D2928;
    285A : 49463524;
    285B : 3A3E4243;
    285C : 493C3F41;
    285D : 3F444748;
    285E : 3639363E;
    285F : 38313037;
    2860 : 36373C3C;
    2861 : 2C2E2F33;
    2862 : 37352F2C;
    2863 : 3B383C3A;
    2864 : 31313035;
    2865 : 41312E2D;
    2866 : 47414449;
    2867 : 404C4B49;
    2868 : 2F2F3341;
    2869 : 43363B3A;
    286A : 3D3F3F43;
    286B : 554C3838;
    286C : 42444C50;
    286D : 4D4F3F3E;
    286E : 504E4E4D;
    286F : 4A45414B;
    2870 : 3B433A41;
    2871 : 3B3B3832;
    2872 : 3933383A;
    2873 : 3E373B36;
    2874 : 3D3D383B;
    2875 : 36444844;
    2876 : 36323634;
    2877 : 3B3C3337;
    2878 : 3932363F;
    2879 : 3F3D3734;
    287A : 435D3F3C;
    287B : 47383A3A;
    287C : 363D3F49;
    287D : 332F383A;
    287E : 3A3B3638;
    287F : 42393B38;
    2880 : 45464745;
    2881 : 4A474044;
    2882 : 3A3D4247;
    2883 : 39383633;
    2884 : 434F534D;
    2885 : 2F302E39;
    2886 : 2726262A;
    2887 : 24232426;
    2888 : 342A2827;
    2889 : 353B3C39;
    288A : 2F33302F;
    288B : 302E2E2E;
    288C : 3433322F;
    288D : 4C48473F;
    288E : 353D494D;
    288F : 45413834;
    2890 : 3D3A3D43;
    2891 : 43403C3E;
    2892 : 3131303A;
    2893 : 39393736;
    2894 : 3330363B;
    2895 : 443D3739;
    2896 : 33383B47;
    2897 : 2E313B3E;
    2898 : 2A2B2C2F;
    2899 : 292A2B2A;
    289A : 40352D28;
    289B : 43444645;
    289C : 3F383F40;
    289D : 3E404147;
    289E : 3B43453D;
    289F : 3D343138;
    28A0 : 39373C3E;
    28A1 : 322D2D34;
    28A2 : 3B382F2E;
    28A3 : 3D3D3F3D;
    28A4 : 3132343D;
    28A5 : 4430302F;
    28A6 : 42444E52;
    28A7 : 3D3E434E;
    28A8 : 332E3149;
    28A9 : 4442413D;
    28AA : 393F4344;
    28AB : 4A513A37;
    28AC : 434C4C44;
    28AD : 3835373A;
    28AE : 49454138;
    28AF : 47464448;
    28B0 : 43453943;
    28B1 : 393A3636;
    28B2 : 33303535;
    28B3 : 3A343A35;
    28B4 : 3A3F403E;
    28B5 : 3A3B423D;
    28B6 : 3C403D39;
    28B7 : 4342403E;
    28B8 : 43383A3E;
    28B9 : 40403B39;
    28BA : 414A3E40;
    28BB : 4B3A3939;
    28BC : 31333C48;
    28BD : 342E3133;
    28BE : 38373636;
    28BF : 413C3A32;
    28C0 : 4951574C;
    28C1 : 4F4A4253;
    28C2 : 383F454A;
    28C3 : 403A3630;
    28C4 : 475D6862;
    28C5 : 2B2F2B34;
    28C6 : 27282828;
    28C7 : 29262425;
    28C8 : 2D242927;
    28C9 : 2D333331;
    28CA : 2D2F2D2D;
    28CB : 312E2D2C;
    28CC : 37312E2F;
    28CD : 4B4B4A41;
    28CE : 323B484F;
    28CF : 46423830;
    28D0 : 393B3B44;
    28D1 : 4241423F;
    28D2 : 2F312D39;
    28D3 : 373A3935;
    28D4 : 34343539;
    28D5 : 43403835;
    28D6 : 383A3E43;
    28D7 : 31333739;
    28D8 : 2C2E2F32;
    28D9 : 282C2D2B;
    28DA : 433B2F2A;
    28DB : 46434848;
    28DC : 423B3E43;
    28DD : 45434046;
    28DE : 3940423C;
    28DF : 3A383636;
    28E0 : 3134393E;
    28E1 : 302F2E31;
    28E2 : 342F312C;
    28E3 : 3C433F37;
    28E4 : 31323237;
    28E5 : 36333030;
    28E6 : 44515246;
    28E7 : 3A444A4E;
    28E8 : 3C2C3249;
    28E9 : 4D453F42;
    28EA : 393F424A;
    28EB : 47574138;
    28EC : 494B4540;
    28ED : 3035333A;
    28EE : 42474233;
    28EF : 4A4C4448;
    28F0 : 514A454D;
    28F1 : 393D3A43;
    28F2 : 2F2E3334;
    28F3 : 363A3C39;
    28F4 : 3C41403C;
    28F5 : 393D4440;
    28F6 : 42433F3C;
    28F7 : 47423C3B;
    28F8 : 4142434B;
    28F9 : 453E3934;
    28FA : 403B393A;
    28FB : 4739393C;
    28FC : 39474545;
    28FD : 34333131;
    28FE : 34383938;
    28FF : 43423E31;
    2900 : 53616E56;
    2901 : 534D456E;
    2902 : 3A445357;
    2903 : 513F3831;
    2904 : 4969837F;
    2905 : 2D302C35;
    2906 : 2A2A2B2B;
    2907 : 35282527;
    2908 : 29202C29;
    2909 : 2A302B2B;
    290A : 2A2C2628;
    290B : 2D2C2B29;
    290C : 342F2C2D;
    290D : 47494841;
    290E : 3038464D;
    290F : 443E352F;
    2910 : 393A3B45;
    2911 : 3E42413E;
    2912 : 2D303138;
    2913 : 36343531;
    2914 : 32323639;
    2915 : 4F483730;
    2916 : 3C393A3F;
    2917 : 2E303036;
    2918 : 292E302C;
    2919 : 29282C2A;
    291A : 46422C2A;
    291B : 42414745;
    291C : 443E3B41;
    291D : 46454044;
    291E : 38393A3A;
    291F : 3C3C3737;
    2920 : 3233363C;
    2921 : 2E323231;
    2922 : 332E3330;
    2923 : 383D3B33;
    2924 : 33333432;
    2925 : 2F322F30;
    2926 : 4950483A;
    2927 : 3C444F4E;
    2928 : 382F354A;
    2929 : 4D3F3943;
    292A : 3B464447;
    292B : 48504435;
    292C : 4349423C;
    292D : 31353034;
    292E : 4142392F;
    292F : 49444147;
    2930 : 4F454244;
    2931 : 49494348;
    2932 : 2E314242;
    2933 : 38373C37;
    2934 : 3F3E3939;
    2935 : 3A403F3F;
    2936 : 41403C37;
    2937 : 3A393D40;
    2938 : 37404444;
    2939 : 453C3936;
    293A : 3F424946;
    293B : 44404142;
    293C : 3C474845;
    293D : 37353936;
    293E : 363E3F3E;
    293F : 45423E37;
    2940 : 6C738261;
    2941 : 6758548C;
    2942 : 3C4F5E6E;
    2943 : 624D4031;
    2944 : 547A9588;
    2945 : 2F332D39;
    2946 : 2C2C2F2E;
    2947 : 402C2727;
    2948 : 2423332F;
    2949 : 262A2828;
    294A : 26272126;
    294B : 2C2C2A26;
    294C : 32312E2E;
    294D : 46494A3E;
    294E : 3436414E;
    294F : 423A3433;
    2950 : 3B383A44;
    2951 : 3B41433F;
    2952 : 2F2F3435;
    2953 : 34333535;
    2954 : 33323438;
    2955 : 57523932;
    2956 : 3E38393E;
    2957 : 302E2C34;
    2958 : 2D302F2E;
    2959 : 29292B2B;
    295A : 493B2829;
    295B : 44464949;
    295C : 3F3A3C45;
    295D : 45423A42;
    295E : 3A3A3938;
    295F : 3E393937;
    2960 : 34383C40;
    2961 : 2C303130;
    2962 : 35322F2E;
    2963 : 36383837;
    2964 : 2D313530;
    2965 : 2F31302D;
    2966 : 473C4233;
    2967 : 36444B4A;
    2968 : 332D334A;
    2969 : 4637343B;
    296A : 363D3F42;
    296B : 4B453831;
    296C : 414E3C3F;
    296D : 383C3535;
    296E : 413E3C30;
    296F : 43423F41;
    2970 : 3D384040;
    2971 : 49474146;
    2972 : 31303B43;
    2973 : 3C373C35;
    2974 : 3C3A3C3D;
    2975 : 32343740;
    2976 : 3E3C3831;
    2977 : 373A3F3D;
    2978 : 3C3C3A3C;
    2979 : 3B373837;
    297A : 45494842;
    297B : 46404845;
    297C : 3E3C4248;
    297D : 37374141;
    297E : 41414040;
    297F : 3C3C383B;
    2980 : 838A8C69;
    2981 : 86655E9D;
    2982 : 48695D85;
    2983 : 735C4A31;
    2984 : 7092A18D;
    2985 : 3C3D2D44;
    2986 : 2E2D3032;
    2987 : 47322E26;
    2988 : 1E243C3B;
    2989 : 2323201F;
    298A : 25242026;
    298B : 292A2824;
    298C : 312B282C;
    298D : 41434839;
    298E : 39353C49;
    298F : 40353235;
    2990 : 3B373B42;
    2991 : 3C40423E;
    2992 : 33323633;
    2993 : 39363639;
    2994 : 34333339;
    2995 : 515B3B30;
    2996 : 393A393D;
    2997 : 32323432;
    2998 : 2D2F2F2F;
    2999 : 2B2C2A2B;
    299A : 46302A28;
    299B : 45484E4A;
    299C : 3B374143;
    299D : 3F413D42;
    299E : 3A3D3C3B;
    299F : 3D363B37;
    29A0 : 30383C3D;
    29A1 : 2D2E2F32;
    29A2 : 38363230;
    29A3 : 34383B3D;
    29A4 : 2D323633;
    29A5 : 30302C2B;
    29A6 : 3E383D32;
    29A7 : 31424A42;
    29A8 : 32292E45;
    29A9 : 4C383139;
    29AA : 343F3E41;
    29AB : 473D372E;
    29AC : 424A4347;
    29AD : 3B3E3C39;
    29AE : 43424438;
    29AF : 48453F44;
    29B0 : 393A3A3D;
    29B1 : 333B3E40;
    29B2 : 38323235;
    29B3 : 383A3B3A;
    29B4 : 3F43453A;
    29B5 : 37383940;
    29B6 : 3A383A33;
    29B7 : 4A3E413B;
    29B8 : 413E3941;
    29B9 : 3B37383D;
    29BA : 4547433F;
    29BB : 443E4346;
    29BC : 40414847;
    29BD : 35363A40;
    29BE : 3A3F4140;
    29BF : 373C3739;
    29C0 : 9FA59E7E;
    29C1 : A4786EAA;
    29C2 : 5B825B94;
    29C3 : 8C685B32;
    29C4 : 9DACAA9E;
    29C5 : 49413557;
    29C6 : 332E3037;
    29C7 : 4E3C3826;
    29C8 : 1E254145;
    29C9 : 23211E1C;
    29CA : 24222225;
    29CB : 27272522;
    29CC : 2D2A292D;
    29CD : 41414739;
    29CE : 38333C45;
    29CF : 42333337;
    29D0 : 42383B42;
    29D1 : 3D40403E;
    29D2 : 36353533;
    29D3 : 3836353B;
    29D4 : 3134343A;
    29D5 : 4A4F3A30;
    29D6 : 3B393C40;
    29D7 : 343A3638;
    29D8 : 2F2F302D;
    29D9 : 2B2B292E;
    29DA : 3E2C292A;
    29DB : 444B4D4A;
    29DC : 3E374242;
    29DD : 3D474A44;
    29DE : 3B3F3E3C;
    29DF : 3F3A3F3F;
    29E0 : 312F3B3C;
    29E1 : 2E313334;
    29E2 : 3634332F;
    29E3 : 343A3B38;
    29E4 : 2D313134;
    29E5 : 362F2D2C;
    29E6 : 3F3C3634;
    29E7 : 33414C3C;
    29E8 : 392B2B43;
    29E9 : 44373039;
    29EA : 32393E42;
    29EB : 40423A2F;
    29EC : 44464C48;
    29ED : 403D363E;
    29EE : 42414241;
    29EF : 45423B3E;
    29F0 : 393D4249;
    29F1 : 363D403C;
    29F2 : 38323F33;
    29F3 : 3D3C3F3C;
    29F4 : 4241413C;
    29F5 : 383F4347;
    29F6 : 3D3C3F39;
    29F7 : 463F433B;
    29F8 : 423F4043;
    29F9 : 3D373842;
    29FA : 423F4041;
    29FB : 3E404749;
    29FC : 34363D3F;
    29FD : 36333336;
    29FE : 34393B3D;
    29FF : 3C3E3936;
    2A00 : B0B4AF99;
    2A01 : AB8E7DB0;
    2A02 : 6C966E8F;
    2A03 : 9B796E35;
    2A04 : ABB0ABAA;
    2A05 : 55494B71;
    2A06 : 3D2D303F;
    2A07 : 50454331;
    2A08 : 2026434C;
    2A09 : 24211E1D;
    2A0A : 21212328;
    2A0B : 27222420;
    2A0C : 2826282C;
    2A0D : 46404634;
    2A0E : 37313C45;
    2A0F : 3E313537;
    2A10 : 493E3A44;
    2A11 : 3C3F4141;
    2A12 : 3C373537;
    2A13 : 38373840;
    2A14 : 32343737;
    2A15 : 4A654631;
    2A16 : 39333A3D;
    2A17 : 35373439;
    2A18 : 3334312F;
    2A19 : 2D2E2C31;
    2A1A : 3B2B2A2D;
    2A1B : 4748494A;
    2A1C : 423A4649;
    2A1D : 3D4A4942;
    2A1E : 3F3F413C;
    2A1F : 40393E40;
    2A20 : 39383A3C;
    2A21 : 30343737;
    2A22 : 3A342E2C;
    2A23 : 383D3A37;
    2A24 : 2E302F31;
    2A25 : 40332F2B;
    2A26 : 3E3B3340;
    2A27 : 39434A3D;
    2A28 : 35302F44;
    2A29 : 3D34323D;
    2A2A : 393E4043;
    2A2B : 3A403B35;
    2A2C : 44454A46;
    2A2D : 40343037;
    2A2E : 43464140;
    2A2F : 43443B40;
    2A30 : 3C3E4441;
    2A31 : 393E4243;
    2A32 : 39354035;
    2A33 : 3A38423C;
    2A34 : 3F39383B;
    2A35 : 3F3C3843;
    2A36 : 3E403D36;
    2A37 : 363E433A;
    2A38 : 3D3E3D3A;
    2A39 : 3E36373B;
    2A3A : 44444440;
    2A3B : 4042483F;
    2A3C : 32363941;
    2A3D : 33333333;
    2A3E : 373A363B;
    2A3F : 40403E38;
    2A40 : B3B3B2A8;
    2A41 : AE9E96B4;
    2A42 : 82A29398;
    2A43 : A18E7E39;
    2A44 : A6A8A6A9;
    2A45 : 575D718C;
    2A46 : 452C334A;
    2A47 : 514B4A3B;
    2A48 : 20284650;
    2A49 : 23241E1D;
    2A4A : 23252429;
    2A4B : 26242620;
    2A4C : 27252330;
    2A4D : 473D4831;
    2A4E : 41373B41;
    2A4F : 3B333437;
    2A50 : 4A3D3A40;
    2A51 : 3D3F4146;
    2A52 : 48433C3A;
    2A53 : 3737374D;
    2A54 : 33323234;
    2A55 : 567D5035;
    2A56 : 3231373F;
    2A57 : 35363735;
    2A58 : 33373133;
    2A59 : 2F2F302D;
    2A5A : 392D2F2F;
    2A5B : 4D494A47;
    2A5C : 45424B51;
    2A5D : 3D48433B;
    2A5E : 3E3F403B;
    2A5F : 3C364041;
    2A60 : 3736363C;
    2A61 : 31323338;
    2A62 : 39353330;
    2A63 : 423E3A3D;
    2A64 : 2D303337;
    2A65 : 3535312C;
    2A66 : 42423D3E;
    2A67 : 363F4E40;
    2A68 : 32313142;
    2A69 : 4431333B;
    2A6A : 3A414142;
    2A6B : 373E4136;
    2A6C : 43474A46;
    2A6D : 3E313B3E;
    2A6E : 3B3C3F40;
    2A6F : 48443D43;
    2A70 : 3C3D413D;
    2A71 : 333C4545;
    2A72 : 37303734;
    2A73 : 2E313A38;
    2A74 : 3C363B37;
    2A75 : 41473A3F;
    2A76 : 3F393C32;
    2A77 : 393E413D;
    2A78 : 3D3F3837;
    2A79 : 37333739;
    2A7A : 4D5C433C;
    2A7B : 46414143;
    2A7C : 32353B4B;
    2A7D : 34313537;
    2A7E : 3A3C3838;
    2A7F : 3E413B37;
    2A80 : ADADAEAC;
    2A81 : AFA7A3AB;
    2A82 : 92ABABAD;
    2A83 : A69C8A44;
    2A84 : A3A3A4A7;
    2A85 : 5C82989D;
    2A86 : 4B2D3351;
    2A87 : 52514E45;
    2A88 : 232C4851;
    2A89 : 26291F1D;
    2A8A : 2727252C;
    2A8B : 292F2B24;
    2A8C : 25222336;
    2A8D : 4642472F;
    2A8E : 433B3E3B;
    2A8F : 362F3332;
    2A90 : 493F393E;
    2A91 : 3D403E3E;
    2A92 : 52493F38;
    2A93 : 33343457;
    2A94 : 2F323230;
    2A95 : 58754B31;
    2A96 : 3434363B;
    2A97 : 35363833;
    2A98 : 33373134;
    2A99 : 2E30332F;
    2A9A : 362C2E30;
    2A9B : 4C4A4A3F;
    2A9C : 4645474B;
    2A9D : 41484242;
    2A9E : 3E40403D;
    2A9F : 3A3D4143;
    2AA0 : 35363A3F;
    2AA1 : 2E313233;
    2AA2 : 35363730;
    2AA3 : 3E3C3F3A;
    2AA4 : 2E31363B;
    2AA5 : 3532332F;
    2AA6 : 40424038;
    2AA7 : 353C4E40;
    2AA8 : 362B3141;
    2AA9 : 412C2F3B;
    2AAA : 34424747;
    2AAB : 37404433;
    2AAC : 3E464C43;
    2AAD : 3736393C;
    2AAE : 3A404342;
    2AAF : 45423F3E;
    2AB0 : 3C3A3841;
    2AB1 : 3B3C3D3D;
    2AB2 : 32313538;
    2AB3 : 2E2E3B36;
    2AB4 : 3A3D3D39;
    2AB5 : 3A3E3B3B;
    2AB6 : 3F393533;
    2AB7 : 3C3B3B3B;
    2AB8 : 3C3A363F;
    2AB9 : 372F393C;
    2ABA : 415E4741;
    2ABB : 49403D42;
    2ABC : 383B454B;
    2ABD : 35323B40;
    2ABE : 3D413939;
    2ABF : 423C3337;
    2AC0 : A9ACACAC;
    2AC1 : B0ABA7A8;
    2AC2 : 9EB2B1B4;
    2AC3 : AAA79B59;
    2AC4 : A6A7A8A9;
    2AC5 : 78A4A8A8;
    2AC6 : 50343555;
    2AC7 : 51524F4C;
    2AC8 : 2C334B50;
    2AC9 : 2D2E1F20;
    2ACA : 2E2B2632;
    2ACB : 2C3E3431;
    2ACC : 2522293D;
    2ACD : 4D434734;
    2ACE : 363A453D;
    2ACF : 2E2A2C2C;
    2AD0 : 4D443437;
    2AD1 : 3B403B3D;
    2AD2 : 4A514835;
    2AD3 : 2C2B2E50;
    2AD4 : 2E36342A;
    2AD5 : 4F654333;
    2AD6 : 37373835;
    2AD7 : 36343436;
    2AD8 : 36373536;
    2AD9 : 3032312E;
    2ADA : 38333030;
    2ADB : 49484440;
    2ADC : 4A464342;
    2ADD : 434A4446;
    2ADE : 43413E3E;
    2ADF : 403C4044;
    2AE0 : 33353C3B;
    2AE1 : 31343434;
    2AE2 : 3531342E;
    2AE3 : 3A3B3D3D;
    2AE4 : 31313437;
    2AE5 : 35333133;
    2AE6 : 40423F38;
    2AE7 : 373E493D;
    2AE8 : 3A2F2E41;
    2AE9 : 3B34333A;
    2AEA : 32414542;
    2AEB : 39493C30;
    2AEC : 4145453A;
    2AED : 3536353F;
    2AEE : 3D45483B;
    2AEF : 40413F3C;
    2AF0 : 3C36343E;
    2AF1 : 3837393B;
    2AF2 : 39363137;
    2AF3 : 32343B38;
    2AF4 : 3C3E3B38;
    2AF5 : 36393A3C;
    2AF6 : 403A2F33;
    2AF7 : 3C3B3D3F;
    2AF8 : 3B373A43;
    2AF9 : 4834393B;
    2AFA : 4444434F;
    2AFB : 41403B40;
    2AFC : 42444545;
    2AFD : 3533393F;
    2AFE : 393B3939;
    2AFF : 42363338;
    2B00 : A9ABABAB;
    2B01 : B1ADA8A7;
    2B02 : A8B1AFB1;
    2B03 : ADAFA96D;
    2B04 : B1ADAEAD;
    2B05 : 98B3B0B5;
    2B06 : 58413C5F;
    2B07 : 4F4E4C53;
    2B08 : 343D494D;
    2B09 : 34362424;
    2B0A : 31342B36;
    2B0B : 36473B3D;
    2B0C : 29222D43;
    2B0D : 504B473E;
    2B0E : 373B4A48;
    2B0F : 29272929;
    2B10 : 5E442E32;
    2B11 : 393E3A43;
    2B12 : 43575335;
    2B13 : 29282F4F;
    2B14 : 323D3224;
    2B15 : 464C3433;
    2B16 : 35313235;
    2B17 : 33353736;
    2B18 : 383A3835;
    2B19 : 32332F31;
    2B1A : 453D3B30;
    2B1B : 3F424443;
    2B1C : 48463C3D;
    2B1D : 41494845;
    2B1E : 4A423E3C;
    2B1F : 433E4045;
    2B20 : 36363C42;
    2B21 : 32373635;
    2B22 : 37303031;
    2B23 : 373B3F40;
    2B24 : 33323737;
    2B25 : 37363335;
    2B26 : 3F3B3936;
    2B27 : 393E453F;
    2B28 : 3C342D41;
    2B29 : 39384041;
    2B2A : 3443463E;
    2B2B : 3E3F3532;
    2B2C : 45473E36;
    2B2D : 35373B3C;
    2B2E : 3D454236;
    2B2F : 46434440;
    2B30 : 403B3944;
    2B31 : 34363941;
    2B32 : 3F373A3B;
    2B33 : 33343E3E;
    2B34 : 393F3839;
    2B35 : 353C3D3B;
    2B36 : 413A3631;
    2B37 : 3E48453F;
    2B38 : 3D403F3D;
    2B39 : 35363738;
    2B3A : 444E4544;
    2B3B : 433E4246;
    2B3C : 3A383741;
    2B3D : 38353337;
    2B3E : 393E3D3A;
    2B3F : 3D323736;
    2B40 : A5A7A7A7;
    2B41 : AAA9A5A3;
    2B42 : ACACA7A7;
    2B43 : ADB1AE8A;
    2B44 : BBB5B5AD;
    2B45 : B2B2B6B9;
    2B46 : 5B4C4D7B;
    2B47 : 4B4E4E55;
    2B48 : 3E424547;
    2B49 : 40412C27;
    2B4A : 474E4044;
    2B4B : 434B4B47;
    2B4C : 2F1F2F44;
    2B4D : 4E4D483F;
    2B4E : 3644494C;
    2B4F : 22212723;
    2B50 : 5940312C;
    2B51 : 323A3543;
    2B52 : 44554D2C;
    2B53 : 27252F49;
    2B54 : 353D3622;
    2B55 : 4A422D2D;
    2B56 : 322C2E39;
    2B57 : 35343232;
    2B58 : 35423A3A;
    2B59 : 31343331;
    2B5A : 443C3A33;
    2B5B : 383A4746;
    2B5C : 4447403B;
    2B5D : 3C474545;
    2B5E : 4C3F3D39;
    2B5F : 42464346;
    2B60 : 35363B41;
    2B61 : 343A3735;
    2B62 : 34313134;
    2B63 : 383B4039;
    2B64 : 34333331;
    2B65 : 38363535;
    2B66 : 3E3B3C3C;
    2B67 : 3B3F473C;
    2B68 : 3631303F;
    2B69 : 42493C3D;
    2B6A : 3843423C;
    2B6B : 4445453B;
    2B6C : 42423B3E;
    2B6D : 34363B37;
    2B6E : 3E46433C;
    2B6F : 4A3E3E3C;
    2B70 : 44413F4A;
    2B71 : 3A3A3B43;
    2B72 : 38333B39;
    2B73 : 38363D40;
    2B74 : 3E453D41;
    2B75 : 3A423E3B;
    2B76 : 3E383937;
    2B77 : 484D3C39;
    2B78 : 3C3D3C42;
    2B79 : 3935383C;
    2B7A : 41393F43;
    2B7B : 4A3F3A45;
    2B7C : 383B4249;
    2B7D : 36313239;
    2B7E : 3B3E3D3B;
    2B7F : 3D383D3A;
    2B80 : 9C9E9FA0;
    2B81 : 9E9F9E9D;
    2B82 : A6A3A09E;
    2B83 : A9A8A8A0;
    2B84 : B7B1B1A8;
    2B85 : B0ADB2B6;
    2B86 : 5E5C6E96;
    2B87 : 4A51545A;
    2B88 : 41444545;
    2B89 : 4D423330;
    2B8A : 676C6254;
    2B8B : 464D5150;
    2B8C : 33203549;
    2B8D : 4A4C4841;
    2B8E : 2B484B49;
    2B8F : 26222122;
    2B90 : 433B302B;
    2B91 : 2934303A;
    2B92 : 47463C28;
    2B93 : 27233044;
    2B94 : 3A403926;
    2B95 : 51422D2A;
    2B96 : 2C2B2932;
    2B97 : 3A322E2E;
    2B98 : 344C413C;
    2B99 : 32322E32;
    2B9A : 3F393434;
    2B9B : 3E3D3E3E;
    2B9C : 3A3D3C3D;
    2B9D : 3C454242;
    2B9E : 4D3D3936;
    2B9F : 43494744;
    2BA0 : 37363A40;
    2BA1 : 38393536;
    2BA2 : 32353532;
    2BA3 : 36394139;
    2BA4 : 34363335;
    2BA5 : 3D363631;
    2BA6 : 3F3F4543;
    2BA7 : 393E4639;
    2BA8 : 3E2F3038;
    2BA9 : 4E403A45;
    2BAA : 36433E3E;
    2BAB : 4843483F;
    2BAC : 42454444;
    2BAD : 40343435;
    2BAE : 44474140;
    2BAF : 44414045;
    2BB0 : 43434245;
    2BB1 : 3436383D;
    2BB2 : 33353935;
    2BB3 : 3235413C;
    2BB4 : 3C43483E;
    2BB5 : 3B433F3D;
    2BB6 : 413D3737;
    2BB7 : 3F423C3C;
    2BB8 : 3F3C3E43;
    2BB9 : 4334343B;
    2BBA : 3F3A4251;
    2BBB : 413E3D45;
    2BBC : 37373B40;
    2BBD : 3730383B;
    2BBE : 38383B3D;
    2BBF : 3B3E3F38;
    2BC0 : 97989696;
    2BC1 : 9B9C9997;
    2BC2 : 98999D9C;
    2BC3 : 9F9FA09E;
    2BC4 : A6A2A19E;
    2BC5 : A4A3A4A4;
    2BC6 : 737F99A2;
    2BC7 : 595F6876;
    2BC8 : 43454A55;
    2BC9 : 61433837;
    2BCA : 6F716D66;
    2BCB : 4E4F5964;
    2BCC : 34253A4A;
    2BCD : 46494542;
    2BCE : 30454848;
    2BCF : 2B1F1F26;
    2BD0 : 3B423C2C;
    2BD1 : 2C302E36;
    2BD2 : 46463B27;
    2BD3 : 261F3143;
    2BD4 : 3D3B3C29;
    2BD5 : 48442D31;
    2BD6 : 2D2C2930;
    2BD7 : 3F302E2C;
    2BD8 : 39504437;
    2BD9 : 2E2D2A2B;
    2BDA : 47373533;
    2BDB : 403C3C3C;
    2BDC : 3A3C3D3F;
    2BDD : 41444346;
    2BDE : 4F413938;
    2BDF : 3F464845;
    2BE0 : 3735373C;
    2BE1 : 3D413A39;
    2BE2 : 38373732;
    2BE3 : 3C3E4340;
    2BE4 : 3A393B3A;
    2BE5 : 44383734;
    2BE6 : 42413E43;
    2BE7 : 3A3C4136;
    2BE8 : 402E2E3D;
    2BE9 : 48444044;
    2BEA : 3A42403F;
    2BEB : 3F3C453E;
    2BEC : 454A4440;
    2BED : 3F35383A;
    2BEE : 40474340;
    2BEF : 3F42433F;
    2BF0 : 3F3B4346;
    2BF1 : 373E3E40;
    2BF2 : 3D373A35;
    2BF3 : 3137413C;
    2BF4 : 3D414636;
    2BF5 : 363B3B3A;
    2BF6 : 3D3A3636;
    2BF7 : 3E423A37;
    2BF8 : 3D3E3B3B;
    2BF9 : 35343439;
    2BFA : 3C39444A;
    2BFB : 42413F41;
    2BFC : 363B3E40;
    2BFD : 34323435;
    2BFE : 3B3B3F3F;
    2BFF : 323D3F39;
    2C00 : 96939293;
    2C01 : 9C9B9997;
    2C02 : 96959D9D;
    2C03 : 9FA09E9C;
    2C04 : 989B9E9D;
    2C05 : A09E9D9A;
    2C06 : 989CA4A4;
    2C07 : 8A8F999B;
    2C08 : 49526B7D;
    2C09 : 5D413B3D;
    2C0A : 7A797572;
    2C0B : 716D767E;
    2C0C : 3A2D4868;
    2C0D : 44444345;
    2C0E : 35414243;
    2C0F : 291E1E24;
    2C10 : 46655630;
    2C11 : 2E343452;
    2C12 : 4345442B;
    2C13 : 27213241;
    2C14 : 403B402D;
    2C15 : 40453038;
    2C16 : 29252833;
    2C17 : 392B292A;
    2C18 : 3B4F4235;
    2C19 : 2D302929;
    2C1A : 54373531;
    2C1B : 3E3B3A3B;
    2C1C : 40434242;
    2C1D : 43443F43;
    2C1E : 50493C38;
    2C1F : 3A40484A;
    2C20 : 3637353C;
    2C21 : 38473A38;
    2C22 : 37363730;
    2C23 : 3C403C38;
    2C24 : 3A3B3739;
    2C25 : 493B3334;
    2C26 : 3D3C3A40;
    2C27 : 383C453B;
    2C28 : 41342F3C;
    2C29 : 3D464844;
    2C2A : 3F443E3E;
    2C2B : 3B424136;
    2C2C : 47483A3B;
    2C2D : 403A3A40;
    2C2E : 3E44433F;
    2C2F : 3C3D3D3C;
    2C30 : 3C404940;
    2C31 : 393D3A39;
    2C32 : 40443E34;
    2C33 : 393E433F;
    2C34 : 3B3F4337;
    2C35 : 39383939;
    2C36 : 3E3B3935;
    2C37 : 3B3D393C;
    2C38 : 37363438;
    2C39 : 36333837;
    2C3A : 3B3F3D4D;
    2C3B : 4D463D3C;
    2C3C : 36414244;
    2C3D : 33323234;
    2C3E : 3C404040;
    2C3F : 3C4B463A;
    2C40 : 95959696;
    2C41 : 9A9A9998;
    2C42 : 98989D9B;
    2C43 : A2A19E9C;
    2C44 : 92969EA1;
    2C45 : A4A39E95;
    2C46 : 9FA0A4A6;
    2C47 : 9E9A9EA1;
    2C48 : 6F899999;
    2C49 : 433B3F52;
    2C4A : 938E8260;
    2C4B : 92919493;
    2C4C : 4E497E91;
    2C4D : 5253634F;
    2C4E : 3D444143;
    2C4F : 2B22202D;
    2C50 : 46675036;
    2C51 : 32323964;
    2C52 : 43444330;
    2C53 : 28233543;
    2C54 : 413E4431;
    2C55 : 3D433339;
    2C56 : 26242637;
    2C57 : 2C282826;
    2C58 : 3A474432;
    2C59 : 2D2D262A;
    2C5A : 593B3530;
    2C5B : 3C3D3839;
    2C5C : 3A3A3E40;
    2C5D : 44433F3E;
    2C5E : 4F433D3B;
    2C5F : 39434D4C;
    2C60 : 36373737;
    2C61 : 41494036;
    2C62 : 3937342E;
    2C63 : 3B3C3937;
    2C64 : 393A3C3C;
    2C65 : 3D373538;
    2C66 : 3B3F3B3E;
    2C67 : 393C4B3C;
    2C68 : 3C31323A;
    2C69 : 41403C40;
    2C6A : 3D413A3C;
    2C6B : 3F3F3634;
    2C6C : 453E333C;
    2C6D : 403F3939;
    2C6E : 44433E3F;
    2C6F : 413D3A42;
    2C70 : 44524B3B;
    2C71 : 36374143;
    2C72 : 423C5D3F;
    2C73 : 41414749;
    2C74 : 42454647;
    2C75 : 37383A3D;
    2C76 : 3C3D3C34;
    2C77 : 3F3F3C36;
    2C78 : 3333363C;
    2C79 : 3F363639;
    2C7A : 3B3C3E3B;
    2C7B : 4E4A413A;
    2C7C : 383F4347;
    2C7D : 34343637;
    2C7E : 3A3A393B;
    2C7F : 3F534F3A;
    2C80 : 97979696;
    2C81 : 99999797;
    2C82 : 98999B99;
    2C83 : 9D9D9E9B;
    2C84 : 93959BA0;
    2C85 : 9EA09D96;
    2C86 : 9B989B9D;
    2C87 : 9E98989D;
    2C88 : A5A9A5A2;
    2C89 : 43425E8E;
    2C8A : 8682755A;
    2C8B : 908E8E8C;
    2C8C : 63468790;
    2C8D : 7F818264;
    2C8E : 45454F6D;
    2C8F : 37241F37;
    2C90 : 4341423E;
    2C91 : 37293045;
    2C92 : 44454331;
    2C93 : 29293D43;
    2C94 : 43444535;
    2C95 : 3D40383A;
    2C96 : 2121253A;
    2C97 : 2E272723;
    2C98 : 43474836;
    2C99 : 2C2A242C;
    2C9A : 5C3C2F2C;
    2C9B : 3437373C;
    2C9C : 3C37393A;
    2C9D : 44444441;
    2C9E : 4B444039;
    2C9F : 3B4F574B;
    2CA0 : 36373C3D;
    2CA1 : 53674538;
    2CA2 : 3735322C;
    2CA3 : 3E3F3B37;
    2CA4 : 3746433A;
    2CA5 : 3F3F3638;
    2CA6 : 3F3D3B3E;
    2CA7 : 373E4840;
    2CA8 : 3B373437;
    2CA9 : 443C393D;
    2CAA : 3B3D383E;
    2CAB : 3F3C3C37;
    2CAC : 3B3B3C3E;
    2CAD : 403A3437;
    2CAE : 45463C3F;
    2CAF : 41424147;
    2CB0 : 57524042;
    2CB1 : 383C4550;
    2CB2 : 42474E3B;
    2CB3 : 3F444C4D;
    2CB4 : 494A4746;
    2CB5 : 373E4243;
    2CB6 : 3D454036;
    2CB7 : 433C3B39;
    2CB8 : 37393E43;
    2CB9 : 47373939;
    2CBA : 3F3F3748;
    2CBB : 4C44443B;
    2CBC : 3C3E3D45;
    2CBD : 35353A3E;
    2CBE : 37333639;
    2CBF : 373E3938;
    2CC0 : 97959495;
    2CC1 : 94949495;
    2CC2 : 93959796;
    2CC3 : 9F949393;
    2CC4 : 97999AA1;
    2CC5 : 8D8E9394;
    2CC6 : 958D8B8B;
    2CC7 : 9293969B;
    2CC8 : 9F9C9694;
    2CC9 : 56678698;
    2CCA : 59544952;
    2CCB : 5E55575A;
    2CCC : 57365862;
    2CCD : 655E4F59;
    2CCE : 434B636D;
    2CCF : 3D26233A;
    2CD0 : 413F4144;
    2CD1 : 3D36303F;
    2CD2 : 44464836;
    2CD3 : 2C2A3D40;
    2CD4 : 4343423F;
    2CD5 : 3E3C3D3E;
    2CD6 : 2022293C;
    2CD7 : 3A272520;
    2CD8 : 4447453C;
    2CD9 : 2A28232E;
    2CDA : 57483C2C;
    2CDB : 3534383F;
    2CDC : 3E353134;
    2CDD : 43464543;
    2CDE : 4B47433F;
    2CDF : 3D505347;
    2CE0 : 3838373A;
    2CE1 : 4E5B4038;
    2CE2 : 36363431;
    2CE3 : 413E3836;
    2CE4 : 3C403D3F;
    2CE5 : 44573839;
    2CE6 : 413D4342;
    2CE7 : 393E4640;
    2CE8 : 3C363737;
    2CE9 : 4240463A;
    2CEA : 403F3A41;
    2CEB : 4047483A;
    2CEC : 363D4640;
    2CED : 433D3632;
    2CEE : 46473C42;
    2CEF : 393D4142;
    2CF0 : 514C3A3F;
    2CF1 : 4243464B;
    2CF2 : 4647433F;
    2CF3 : 3D414444;
    2CF4 : 474F463F;
    2CF5 : 363B3F42;
    2CF6 : 3A49423B;
    2CF7 : 3E3D3C3B;
    2CF8 : 383B3F3E;
    2CF9 : 3E33393C;
    2CFA : 3C413940;
    2CFB : 4F4A423C;
    2CFC : 38393D48;
    2CFD : 383A3A37;
    2CFE : 3F3D363A;
    2CFF : 3A383A3C;
    2D00 : 92909193;
    2D01 : 8C8A8C90;
    2D02 : 868A9291;
    2D03 : 968D8585;
    2D04 : 8B8E8E93;
    2D05 : 8283878A;
    2D06 : 91888383;
    2D07 : 85878A93;
    2D08 : 87898484;
    2D09 : 79808183;
    2D0A : 4D535469;
    2D0B : 423E4245;
    2D0C : 3E3A4242;
    2D0D : 363C3D3D;
    2D0E : 403D3F3A;
    2D0F : 422E2941;
    2D10 : 3E3F4344;
    2D11 : 47453D3F;
    2D12 : 434C523F;
    2D13 : 302F3E41;
    2D14 : 43413F42;
    2D15 : 3B393A3C;
    2D16 : 22272A38;
    2D17 : 6331321F;
    2D18 : 4A714245;
    2D19 : 212F3535;
    2D1A : 4D4B4927;
    2D1B : 312D3C45;
    2D1C : 513B292F;
    2D1D : 4044423D;
    2D1E : 45464240;
    2D1F : 3C4A5847;
    2D20 : 36363939;
    2D21 : 494A3938;
    2D22 : 37393633;
    2D23 : 3B413834;
    2D24 : 49514C3E;
    2D25 : 413C3B37;
    2D26 : 45404640;
    2D27 : 3A3D4239;
    2D28 : 37323535;
    2D29 : 3C3C4341;
    2D2A : 383D3F3E;
    2D2B : 3D433932;
    2D2C : 3B373C3C;
    2D2D : 3A363434;
    2D2E : 42404041;
    2D2F : 3C3B3940;
    2D30 : 4C443A38;
    2D31 : 45424449;
    2D32 : 46484447;
    2D33 : 3D414545;
    2D34 : 434B3F39;
    2D35 : 3536393E;
    2D36 : 3B403E3A;
    2D37 : 3F3B3C3B;
    2D38 : 3B3C3D3B;
    2D39 : 3B37363B;
    2D3A : 3E393836;
    2D3B : 4743423F;
    2D3C : 37383A43;
    2D3D : 33393732;
    2D3E : 4040383F;
    2D3F : 393B4141;
    2D40 : 85848687;
    2D41 : 7F808183;
    2D42 : 7D7D8282;
    2D43 : 83827E7E;
    2D44 : 7B7D7C7F;
    2D45 : 7A7A7A7A;
    2D46 : 837D7A7A;
    2D47 : 7A7A7A80;
    2D48 : 7B7C7B7A;
    2D49 : 7C7D7C7B;
    2D4A : 5F707179;
    2D4B : 44475057;
    2D4C : 43434443;
    2D4D : 3D404042;
    2D4E : 403C3B3B;
    2D4F : 45312D41;
    2D50 : 46434343;
    2D51 : 5B514541;
    2D52 : 445B534F;
    2D53 : 37374443;
    2D54 : 41463F43;
    2D55 : 3B373838;
    2D56 : 25242F40;
    2D57 : 66474B2C;
    2D58 : 587A3C61;
    2D59 : 1F576D39;
    2D5A : 46494127;
    2D5B : 2A24474D;
    2D5C : 4F37272A;
    2D5D : 3C3B413D;
    2D5E : 4342443C;
    2D5F : 3E4D5347;
    2D60 : 3939393B;
    2D61 : 4F564338;
    2D62 : 36353839;
    2D63 : 43524537;
    2D64 : 40464541;
    2D65 : 6F643B3A;
    2D66 : 3E4D4348;
    2D67 : 3F41443D;
    2D68 : 33343835;
    2D69 : 3B3B4F55;
    2D6A : 323B3E3B;
    2D6B : 423C3532;
    2D6C : 3A3E3D42;
    2D6D : 36343637;
    2D6E : 4142413C;
    2D6F : 3B3C3C3F;
    2D70 : 424D4E39;
    2D71 : 46434544;
    2D72 : 404E4745;
    2D73 : 3E3D4545;
    2D74 : 3F7B5240;
    2D75 : 38383A3D;
    2D76 : 403A3C3A;
    2D77 : 43403E42;
    2D78 : 3E3E4143;
    2D79 : 3334393D;
    2D7A : 3A3B3832;
    2D7B : 4C674138;
    2D7C : 373E4043;
    2D7D : 35353534;
    2D7E : 3F3E3839;
    2D7F : 47464D47;
    2D80 : 79787877;
    2D81 : 75777879;
    2D82 : 75747475;
    2D83 : 73767576;
    2D84 : 70707071;
    2D85 : 7271706F;
    2D86 : 74727272;
    2D87 : 75747474;
    2D88 : 7C7B7875;
    2D89 : 787B7C7D;
    2D8A : 787B7979;
    2D8B : 5D64747A;
    2D8C : 4F595C5F;
    2D8D : 48484C4E;
    2D8E : 41464244;
    2D8F : 45333241;
    2D90 : 47454646;
    2D91 : 4D4E4746;
    2D92 : 445B4D4E;
    2D93 : 3B3C4746;
    2D94 : 383E4044;
    2D95 : 604E413B;
    2D96 : 272A6E7B;
    2D97 : 5E6F6739;
    2D98 : 585E4864;
    2D99 : 253F4E3A;
    2D9A : 57504125;
    2D9B : 2322425C;
    2D9C : 47352428;
    2D9D : 34383A37;
    2D9E : 44444736;
    2D9F : 394D5847;
    2DA0 : 3E3C383A;
    2DA1 : 62684A39;
    2DA2 : 3834383F;
    2DA3 : 49474237;
    2DA4 : 3B445242;
    2DA5 : 597E4240;
    2DA6 : 49764450;
    2DA7 : 3B3F443F;
    2DA8 : 32373834;
    2DA9 : 3B3A4C4B;
    2DAA : 363E3D39;
    2DAB : 3A353534;
    2DAC : 40414045;
    2DAD : 33383B40;
    2DAE : 4042413A;
    2DAF : 393A3D3E;
    2DB0 : 41636139;
    2DB1 : 45424543;
    2DB2 : 51653F4F;
    2DB3 : 4141453B;
    2DB4 : 3D5B4E3F;
    2DB5 : 3C3E3F3E;
    2DB6 : 3F373B50;
    2DB7 : 403A3D3F;
    2DB8 : 383A3F42;
    2DB9 : 4B393739;
    2DBA : 4344434D;
    2DBB : 599A473B;
    2DBC : 3437393D;
    2DBD : 39313334;
    2DBE : 473E3A3B;
    2DBF : 3E435B56;
    2DC0 : 75767574;
    2DC1 : 72737576;
    2DC2 : 72737373;
    2DC3 : 6F707172;
    2DC4 : 6D6D6E6E;
    2DC5 : 6D6D6C6C;
    2DC6 : 6D6D6D6C;
    2DC7 : 7473726F;
    2DC8 : 7D7B7875;
    2DC9 : 7A7B7D7D;
    2DCA : 787A797C;
    2DCB : 787C7A7A;
    2DCC : 5667747D;
    2DCD : 464A4A50;
    2DCE : 3E404445;
    2DCF : 413A3B40;
    2DD0 : 44464742;
    2DD1 : 3F464649;
    2DD2 : 41534F46;
    2DD3 : 3E424846;
    2DD4 : 49414341;
    2DD5 : 938D7C5F;
    2DD6 : 233C8D99;
    2DD7 : 4D54633A;
    2DD8 : 3F414A50;
    2DD9 : 2A384040;
    2DDA : 4C4D4B32;
    2DDB : 282E3D4B;
    2DDC : 48372727;
    2DDD : 32352E3A;
    2DDE : 434F5336;
    2DDF : 414F5645;
    2DE0 : 3D393939;
    2DE1 : 6B6C473C;
    2DE2 : 35343948;
    2DE3 : 43614A3A;
    2DE4 : 63505D42;
    2DE5 : 6B8C4A4B;
    2DE6 : 56774146;
    2DE7 : 383B403E;
    2DE8 : 32393536;
    2DE9 : 3D3D5C61;
    2DEA : 3F403B3D;
    2DEB : 3335373A;
    2DEC : 443F4039;
    2DED : 33354143;
    2DEE : 4140403C;
    2DEF : 3D3C3E3E;
    2DF0 : 4547433A;
    2DF1 : 46414345;
    2DF2 : 57664160;
    2DF3 : 4445453F;
    2DF4 : 3D484842;
    2DF5 : 393E403E;
    2DF6 : 36373A47;
    2DF7 : 3E3B3937;
    2DF8 : 38393A39;
    2DF9 : 5A4A3436;
    2DFA : 534E5351;
    2DFB : 435D5041;
    2DFC : 3D3D3A40;
    2DFD : 3C323536;
    2DFE : 4B4E3E3D;
    2DFF : 3F454A4F;
    2E00 : 72757574;
    2E01 : 7A7E8278;
    2E02 : 75767675;
    2E03 : 71717274;
    2E04 : 6E707171;
    2E05 : 6C6D6C6F;
    2E06 : 6F6F6D6C;
    2E07 : 75706E6E;
    2E08 : 79787776;
    2E09 : 7D7E7F7C;
    2E0A : 807E7D7D;
    2E0B : 7F818283;
    2E0C : 55646F78;
    2E0D : 4B4B535F;
    2E0E : 40444E55;
    2E0F : 3E484141;
    2E10 : 4A47423D;
    2E11 : 49424E5F;
    2E12 : 76756757;
    2E13 : 44517877;
    2E14 : 7A534447;
    2E15 : 9594938B;
    2E16 : 2243808E;
    2E17 : 48484B2C;
    2E18 : 44484447;
    2E19 : 37464445;
    2E1A : 45464637;
    2E1B : 273B4E4B;
    2E1C : 433F2726;
    2E1D : 2F332E37;
    2E1E : 43585B3F;
    2E1F : 49585F45;
    2E20 : 3D353839;
    2E21 : 6568483E;
    2E22 : 33393D44;
    2E23 : 4452463A;
    2E24 : 79524F42;
    2E25 : 57754359;
    2E26 : 393A453E;
    2E27 : 3637423C;
    2E28 : 393C3739;
    2E29 : 3A3B5761;
    2E2A : 43403C3B;
    2E2B : 343A3C3E;
    2E2C : 373D3533;
    2E2D : 33333638;
    2E2E : 3F3F4239;
    2E2F : 3A3C3E40;
    2E30 : 45423F35;
    2E31 : 46444344;
    2E32 : 54604E3C;
    2E33 : 48434546;
    2E34 : 3C3D434D;
    2E35 : 393F3C3A;
    2E36 : 38393735;
    2E37 : 3F3D3C39;
    2E38 : 383D3939;
    2E39 : 3F3B4B39;
    2E3A : 45433E3D;
    2E3B : 44444B45;
    2E3C : 3D464142;
    2E3D : 3834363A;
    2E3E : 4653413C;
    2E3F : 3E42423E;
    2E40 : 73727676;
    2E41 : 7E868C7D;
    2E42 : 7A7E7A78;
    2E43 : 73737576;
    2E44 : 73737373;
    2E45 : 70707174;
    2E46 : 71717172;
    2E47 : 76757271;
    2E48 : 7D7C7B7A;
    2E49 : 8885827E;
    2E4A : 8F8D8A88;
    2E4B : 8F949594;
    2E4C : 5D718088;
    2E4D : 4D4E5A5E;
    2E4E : 43455354;
    2E4F : 3C474345;
    2E50 : 73734A39;
    2E51 : 896E6463;
    2E52 : 9A9B9590;
    2E53 : 66739A9A;
    2E54 : 995A3D5D;
    2E55 : 7F868F94;
    2E56 : 29364D5F;
    2E57 : 4847442F;
    2E58 : 4B49484A;
    2E59 : 41464649;
    2E5A : 4C49493E;
    2E5B : 263E5551;
    2E5C : 40412925;
    2E5D : 2F2E3238;
    2E5E : 475C5C42;
    2E5F : 455B674F;
    2E60 : 4A373639;
    2E61 : 6A6C563C;
    2E62 : 37394646;
    2E63 : 5A404B41;
    2E64 : 6C677B50;
    2E65 : 5F87464C;
    2E66 : 49475442;
    2E67 : 3238453D;
    2E68 : 434D3734;
    2E69 : 383B4E5C;
    2E6A : 3D3B3937;
    2E6B : 363B3E3E;
    2E6C : 31383738;
    2E6D : 33393D3A;
    2E6E : 3E3F3C35;
    2E6F : 3B3F3E3F;
    2E70 : 3F3F3C3A;
    2E71 : 43444443;
    2E72 : 515A584F;
    2E73 : 43414546;
    2E74 : 3C3D3F43;
    2E75 : 393B3737;
    2E76 : 3A3B3C4D;
    2E77 : 413D3B3C;
    2E78 : 343E3E3B;
    2E79 : 3A324439;
    2E7A : 50463E40;
    2E7B : 474E4446;
    2E7C : 373D4044;
    2E7D : 3B373739;
    2E7E : 50523C3F;
    2E7F : 41424F50;
    2E80 : 78747778;
    2E81 : 8083807B;
    2E82 : 7F84817D;
    2E83 : 7A7A7B7C;
    2E84 : 7B7A7879;
    2E85 : 76757879;
    2E86 : 79787776;
    2E87 : 7E7D7C7A;
    2E88 : 8281807F;
    2E89 : 8A8A8583;
    2E8A : 97928C8A;
    2E8B : 7F8D989A;
    2E8C : 676E7477;
    2E8D : 555B6261;
    2E8E : 4C505755;
    2E8F : 45474B49;
    2E90 : A2A17F5C;
    2E91 : 85767273;
    2E92 : 8C878F91;
    2E93 : 59848794;
    2E94 : 6B4E4167;
    2E95 : 4A50517A;
    2E96 : 33353D3F;
    2E97 : 4B484541;
    2E98 : 4C4B4F4F;
    2E99 : 4B49484A;
    2E9A : 504E4E49;
    2E9B : 2D445250;
    2E9C : 43483124;
    2E9D : 31343441;
    2E9E : 4E5D5C41;
    2E9F : 44606850;
    2EA0 : 443A353C;
    2EA1 : 66646840;
    2EA2 : 3C3D4E5F;
    2EA3 : 6278775F;
    2EA4 : 85946D52;
    2EA5 : 5C965348;
    2EA6 : 5D686848;
    2EA7 : 3337423A;
    2EA8 : 43373637;
    2EA9 : 3B405B64;
    2EAA : 38393938;
    2EAB : 343B423B;
    2EAC : 37363A3C;
    2EAD : 393D3F3A;
    2EAE : 3E423E3C;
    2EAF : 3B3E3F3E;
    2EB0 : 3F3E3938;
    2EB1 : 3B3C3F43;
    2EB2 : 3F5B5657;
    2EB3 : 40414343;
    2EB4 : 3B3C3E40;
    2EB5 : 6935373A;
    2EB6 : 3B394395;
    2EB7 : 3C3D5347;
    2EB8 : 3136383D;
    2EB9 : 48333331;
    2EBA : 565A4348;
    2EBB : 494B3F4F;
    2EBC : 373B3E49;
    2EBD : 3C393936;
    2EBE : 6657403B;
    2EBF : 40516566;
    2EC0 : 80808082;
    2EC1 : 82808180;
    2EC2 : 82868885;
    2EC3 : 7E7E7E80;
    2EC4 : 7D7C7C7C;
    2EC5 : 7C7A7C7B;
    2EC6 : 80807E7E;
    2EC7 : 84828181;
    2EC8 : 80818384;
    2EC9 : 858A8782;
    2ECA : 8E908E87;
    2ECB : 747B858B;
    2ECC : 6B6C6E71;
    2ECD : 5D696969;
    2ECE : 5864615D;
    2ECF : 9C785B4F;
    2ED0 : AEB9BCB8;
    2ED1 : 58534C5D;
    2ED2 : 473F4D5D;
    2ED3 : 565E525B;
    2ED4 : 383F4A5F;
    2ED5 : 4B484A55;
    2ED6 : 3C3D4949;
    2ED7 : 4D49494C;
    2ED8 : 564E5755;
    2ED9 : 53525355;
    2EDA : 4F51524F;
    2EDB : 3847514E;
    2EDC : 4E513E27;
    2EDD : 39474A5B;
    2EDE : 5960644E;
    2EDF : 3F646C5D;
    2EE0 : 4D3A363A;
    2EE1 : 80705F3E;
    2EE2 : 473D758E;
    2EE3 : 5F9A998A;
    2EE4 : 938B714B;
    2EE5 : 65A76654;
    2EE6 : 52895949;
    2EE7 : 35343D3F;
    2EE8 : 40453835;
    2EE9 : 3D435662;
    2EEA : 38383A3A;
    2EEB : 3F433E39;
    2EEC : 39374042;
    2EED : 39373635;
    2EEE : 40434241;
    2EEF : 38373D3C;
    2EF0 : 393A3836;
    2EF1 : 3A39383C;
    2EF2 : 44666050;
    2EF3 : 41454143;
    2EF4 : 3F3B3B41;
    2EF5 : 7F31393F;
    2EF6 : 35384090;
    2EF7 : 38346C56;
    2EF8 : 3334373F;
    2EF9 : 5A373634;
    2EFA : 4E693D4A;
    2EFB : 44454347;
    2EFC : 38344256;
    2EFD : 3F3C3A35;
    2EFE : 594F3E3F;
    2EFF : 4260745D;
    2F00 : 86898C8B;
    2F01 : 7C7F8687;
    2F02 : 7F818380;
    2F03 : 7E7E8081;
    2F04 : 7D7B7C7D;
    2F05 : 7A7A7C7B;
    2F06 : 7C7C7A7A;
    2F07 : 7E7D7C7D;
    2F08 : 7C7C7F7E;
    2F09 : 7E83807B;
    2F0A : 7C838A80;
    2F0B : 757C7D7C;
    2F0C : 6E6C6F72;
    2F0D : 73776D6C;
    2F0E : 6A6E686B;
    2F0F : BAA98B6B;
    2F10 : B5CCC5BF;
    2F11 : 4C80785C;
    2F12 : 5B58444C;
    2F13 : 5D516A5D;
    2F14 : 5F465359;
    2F15 : 4F536257;
    2F16 : 42495558;
    2F17 : 534C4D51;
    2F18 : 6D556C5E;
    2F19 : 5D5E616E;
    2F1A : 54565556;
    2F1B : 46595D54;
    2F1C : 52575034;
    2F1D : 4B57646B;
    2F1E : 7172705C;
    2F1F : 45627470;
    2F20 : 7C36393A;
    2F21 : AEAC9079;
    2F22 : 553C7AAC;
    2F23 : 6183AEA5;
    2F24 : 8E9D7742;
    2F25 : 98AC8458;
    2F26 : 50606356;
    2F27 : 36373A45;
    2F28 : 44523939;
    2F29 : 3F3E7C7B;
    2F2A : 3A39383A;
    2F2B : 3C3A3D37;
    2F2C : 3B3A4240;
    2F2D : 3C3D3538;
    2F2E : 3E494746;
    2F2F : 36373838;
    2F30 : 35363235;
    2F31 : 3F383839;
    2F32 : 5456898C;
    2F33 : 71444243;
    2F34 : 3D3C4068;
    2F35 : 6D34393E;
    2F36 : 383A4D81;
    2F37 : 3B376874;
    2F38 : 34373D3F;
    2F39 : 41363933;
    2F3A : 64605947;
    2F3B : 39414560;
    2F3C : 38324861;
    2F3D : 3F3B3A37;
    2F3E : 65735245;
    2F3F : 3D4F5B50;
    2F40 : 8C919692;
    2F41 : 85878B8D;
    2F42 : 89858887;
    2F43 : 7D7D8289;
    2F44 : 7E7D7C7E;
    2F45 : 77797D7F;
    2F46 : 75747377;
    2F47 : 76757474;
    2F48 : 72727373;
    2F49 : 7374716F;
    2F4A : 73747472;
    2F4B : 72777877;
    2F4C : 716F6F70;
    2F4D : 7F746F6E;
    2F4E : B69E7694;
    2F4F : B7ABADA0;
    2F50 : A2C197A5;
    2F51 : 7DA5A06B;
    2F52 : 766D4B4A;
    2F53 : 49486365;
    2F54 : 6044504A;
    2F55 : 6258595A;
    2F56 : 5C637A70;
    2F57 : 62555B62;
    2F58 : 75557767;
    2F59 : 686D6A7C;
    2F5A : 686F666C;
    2F5B : 5B6D6D64;
    2F5C : 54606E5A;
    2F5D : 66658778;
    2F5E : 84847D70;
    2F5F : 65767D7A;
    2F60 : 7E383F45;
    2F61 : A9A8A7A6;
    2F62 : 573E64A4;
    2F63 : 669FACA5;
    2F64 : 96AC6A3F;
    2F65 : A1A98E66;
    2F66 : 52845B59;
    2F67 : 39383A3D;
    2F68 : 404C3E36;
    2F69 : 3D3F7B6F;
    2F6A : 3A3D3C39;
    2F6B : 373D7441;
    2F6C : 3A3B4456;
    2F6D : 3B3C5B37;
    2F6E : 4052483C;
    2F6F : 3A393B38;
    2F70 : 36353936;
    2F71 : 41383A38;
    2F72 : 544FAB9D;
    2F73 : 954F4047;
    2F74 : 3C3B4072;
    2F75 : 8A3E383B;
    2F76 : 383C42AA;
    2F77 : 38356B7C;
    2F78 : 383A3D3C;
    2F79 : 492F3635;
    2F7A : 4C555A65;
    2F7B : 3F434341;
    2F7C : 383E7969;
    2F7D : 3B353234;
    2F7E : 5A6B5442;
    2F7F : 3A4C4F58;
    2F80 : 95969B9A;
    2F81 : 979A9997;
    2F82 : 92939693;
    2F83 : 7D7D838C;
    2F84 : 83838680;
    2F85 : 75797F84;
    2F86 : 70727273;
    2F87 : 6F727272;
    2F88 : 70706D6D;
    2F89 : 6D6D6F6F;
    2F8A : 6E6D6C6F;
    2F8B : 7272726F;
    2F8C : 6E706E70;
    2F8D : 6D6E6E6D;
    2F8E : B39B8577;
    2F8F : 72767F8D;
    2F90 : 666F6166;
    2F91 : 817FB086;
    2F92 : 59576564;
    2F93 : 4A475154;
    2F94 : 674E4A46;
    2F95 : 60606161;
    2F96 : 746D726D;
    2F97 : 786C7777;
    2F98 : 7A5D7876;
    2F99 : 76767079;
    2F9A : 76857377;
    2F9B : 6A767C6E;
    2F9C : 51698E7A;
    2F9D : 7A839E75;
    2F9E : 8F8F7977;
    2F9F : 5A9F9A8F;
    2FA0 : 823E5B4D;
    2FA1 : A7A4A6AA;
    2FA2 : 4E4A6589;
    2FA3 : 5FABA887;
    2FA4 : 919B6C36;
    2FA5 : 9FA69860;
    2FA6 : 5BA8604E;
    2FA7 : 3D3D3838;
    2FA8 : 55563732;
    2FA9 : 3F3B6280;
    2FAA : 343C3F3E;
    2FAB : 3D4C7144;
    2FAC : 39393A4E;
    2FAD : 3E494532;
    2FAE : 3F433F3B;
    2FAF : 3A3B3E3D;
    2FB0 : 383E3639;
    2FB1 : 53393A3A;
    2FB2 : 5464AC90;
    2FB3 : 85694C42;
    2FB4 : 3A3D4355;
    2FB5 : B24C393B;
    2FB6 : 3C3C49A7;
    2FB7 : 393D6469;
    2FB8 : 393B3D3B;
    2FB9 : 673F3837;
    2FBA : 4C98758C;
    2FBB : 41525747;
    2FBC : 37508D65;
    2FBD : 403F3C38;
    2FBE : 5A574E41;
    2FBF : 3E5F6769;
    2FC0 : 98999A9A;
    2FC1 : 98969498;
    2FC2 : 8F949597;
    2FC3 : 8281858A;
    2FC4 : 7E828584;
    2FC5 : 7476777C;
    2FC6 : 72717172;
    2FC7 : 70717271;
    2FC8 : 6F706F70;
    2FC9 : 6D6F716F;
    2FCA : 6D6D6F6F;
    2FCB : 6D6B6D6D;
    2FCC : 6B6E6C6D;
    2FCD : 6D6A6B6B;
    2FCE : 7F79736D;
    2FCF : 4B536471;
    2FD0 : 595B524C;
    2FD1 : 7682846D;
    2FD2 : 52897D6C;
    2FD3 : 4A474A48;
    2FD4 : 6652534F;
    2FD5 : 70695F67;
    2FD6 : 84725775;
    2FD7 : 81738482;
    2FD8 : 87617C80;
    2FD9 : 737D8882;
    2FDA : 7A8B7475;
    2FDB : 7884856E;
    2FDC : 476B8384;
    2FDD : 7C8E9E76;
    2FDE : A3A19588;
    2FDF : 68A1A4A2;
    2FE0 : 94464A41;
    2FE1 : A3A2A0A5;
    2FE2 : 5A40738E;
    2FE3 : 5DA8A59B;
    2FE4 : A09C4F35;
    2FE5 : 9DA98D63;
    2FE6 : 68AA6253;
    2FE7 : 3546393B;
    2FE8 : 42673B33;
    2FE9 : 3C3D536A;
    2FEA : 393C3A3B;
    2FEB : 3D4A603E;
    2FEC : 34373D3C;
    2FED : 404B6A4C;
    2FEE : 3C444145;
    2FEF : 373B3D3C;
    2FF0 : 486A4540;
    2FF1 : 6F323A35;
    2FF2 : 4C6DA8BC;
    2FF3 : 705B4946;
    2FF4 : 373B4152;
    2FF5 : B8703A38;
    2FF6 : 3D3D4B9F;
    2FF7 : 3C3C6D53;
    2FF8 : 373A3D3B;
    2FF9 : 53403A38;
    2FFA : 498A9B63;
    2FFB : 44515149;
    2FFC : 3759757C;
    2FFD : 424F4338;
    2FFE : 6964433F;
    2FFF : 3F477C71;
    3000 : 8C8F9192;
    3001 : 84838286;
    3002 : 7E868784;
    3003 : 7F807C7B;
    3004 : 74767A7C;
    3005 : 72737375;
    3006 : 72727171;
    3007 : 6F707070;
    3008 : 70707070;
    3009 : 6D6E7070;
    300A : 6D6D6E6F;
    300B : 6A6B6C6C;
    300C : 6A6B6A6A;
    300D : 6B6B6B6B;
    300E : 6D6C6D6C;
    300F : 515D6C71;
    3010 : 625B5050;
    3011 : 7375685D;
    3012 : 89AC7770;
    3013 : 4C494848;
    3014 : 6D616251;
    3015 : 61625B78;
    3016 : 716D646F;
    3017 : 8A728286;
    3018 : 8B65838A;
    3019 : 726E758C;
    301A : 84957671;
    301B : 77948A67;
    301C : 78777C7D;
    301D : 959A9C92;
    301E : 9FA09F9B;
    301F : 95A39F9F;
    3020 : 92443A43;
    3021 : 9FA09EA0;
    3022 : 743C859E;
    3023 : 69A6A1A0;
    3024 : 9DA8673B;
    3025 : A2A59B75;
    3026 : 72AC6F74;
    3027 : 48553A3A;
    3028 : 52853B37;
    3029 : 5C366173;
    302A : 423F385E;
    302B : 3A406E47;
    302C : 3C436749;
    302D : 4A86AA79;
    302E : 393D3C4D;
    302F : 38383C3C;
    3030 : 4F554B48;
    3031 : 7A333635;
    3032 : 4E78B2B6;
    3033 : A38B5651;
    3034 : 363C3D5D;
    3035 : B4A66534;
    3036 : 3C3E4AA8;
    3037 : 3A3C814F;
    3038 : 383B403F;
    3039 : 70493A3B;
    303A : 6A597B66;
    303B : 6C643E60;
    303C : 354F879B;
    303D : 47554B36;
    303E : 70654B3F;
    303F : 40417A8C;
    3040 : 7C808489;
    3041 : 79777778;
    3042 : 7A80827E;
    3043 : 76797B7A;
    3044 : 72717173;
    3045 : 74777573;
    3046 : 73737373;
    3047 : 73737373;
    3048 : 6F707172;
    3049 : 6E6E6E6F;
    304A : 6D6D6F70;
    304B : 6B6C6D6D;
    304C : 6A6B6A6A;
    304D : 6A6B6B6C;
    304E : 6B6D6C6C;
    304F : 5A696B6D;
    3050 : 65625353;
    3051 : 7675705F;
    3052 : BAA37A75;
    3053 : 4C474E60;
    3054 : 786D705C;
    3055 : 434B6570;
    3056 : 81606876;
    3057 : 897C8598;
    3058 : 9B6E7E8A;
    3059 : 7E696C8C;
    305A : 8291787F;
    305B : 78827B69;
    305C : 958F9185;
    305D : 99959495;
    305E : 9E9D9A99;
    305F : 889F9D9E;
    3060 : 7F525C4D;
    3061 : 9D9D9E99;
    3062 : 954996A0;
    3063 : 72A29EA0;
    3064 : 9FA46933;
    3065 : A29EA098;
    3066 : 8DAA777A;
    3067 : 6D56333C;
    3068 : 48834843;
    3069 : 593A4E76;
    306A : 403B3E5E;
    306B : 3D4A9C61;
    306C : 443C6164;
    306D : 3D7DB293;
    306E : 3A3B4543;
    306F : 3639373B;
    3070 : 4742443E;
    3071 : 64584537;
    3072 : 5589B0A8;
    3073 : 9CA06778;
    3074 : 3A3C5653;
    3075 : B09A4A31;
    3076 : 3C3D69B2;
    3077 : 393C564B;
    3078 : 393C3D3B;
    3079 : 6D3A3D3E;
    307A : 6C627472;
    307B : 77545263;
    307C : 384E7F83;
    307D : 46515338;
    307E : 9D84523F;
    307F : 433F568B;
    3080 : 88878586;
    3081 : 7C848282;
    3082 : 7D848982;
    3083 : 777B7C7A;
    3084 : 7C7A7575;
    3085 : 7A7C7B7C;
    3086 : 7778797A;
    3087 : 73747677;
    3088 : 6F707273;
    3089 : 6E6D6E6F;
    308A : 706F6E6F;
    308B : 6D6E6F6F;
    308C : 6C6D6C6D;
    308D : 6F6D6D6B;
    308E : 6D6F6E6F;
    308F : 66696A6D;
    3090 : 6A67665E;
    3091 : 77767466;
    3092 : 97777A7D;
    3093 : 58535E75;
    3094 : 7776716C;
    3095 : 454B6C6E;
    3096 : 816F7377;
    3097 : 7D787C90;
    3098 : 85768184;
    3099 : 886E8588;
    309A : 858B697B;
    309B : 908D897F;
    309C : 95949393;
    309D : 98969595;
    309E : 9A9A9A99;
    309F : 959C9B99;
    30A0 : 84616859;
    30A1 : 9A9A999D;
    30A2 : 905E9F9A;
    30A3 : 869F9B9D;
    30A4 : 9BA17834;
    30A5 : A39E9D9E;
    30A6 : A4A67D7E;
    30A7 : 45523353;
    30A8 : 528B5562;
    30A9 : 71424779;
    30AA : 423E3E6C;
    30AB : 3A63B35A;
    30AC : 3C3F6767;
    30AD : 4699A264;
    30AE : 4A43444B;
    30AF : 3638383A;
    30B0 : 46484340;
    30B1 : 78744736;
    30B2 : 669CACAB;
    30B3 : A49B6E7B;
    30B4 : 393A406E;
    30B5 : AB843F36;
    30B6 : 3B4076B0;
    30B7 : 3B48714B;
    30B8 : 393B3A38;
    30B9 : 4F47453E;
    30BA : 6398B08A;
    30BB : 6A434F54;
    30BC : 3B4D6C8D;
    30BD : 3F534A36;
    30BE : A759533E;
    30BF : 54436AAD;
    30C0 : 91929190;
    30C1 : 8D908F8E;
    30C2 : 8D8F928F;
    30C3 : 7C848688;
    30C4 : 918C817D;
    30C5 : 8180838C;
    30C6 : 767A7D80;
    30C7 : 72747575;
    30C8 : 6F6F7072;
    30C9 : 6E6D6F71;
    30CA : 6F6F6F6F;
    30CB : 6E6F7070;
    30CC : 6D6D6C6D;
    30CD : 6E6E6D6C;
    30CE : 6D6D6E6E;
    30CF : 6867696D;
    30D0 : 6B686F6B;
    30D1 : 777B7E62;
    30D2 : 5F578484;
    30D3 : 6E606B71;
    30D4 : 7F878081;
    30D5 : 474B697F;
    30D6 : 816B8079;
    30D7 : 8786878B;
    30D8 : 84808686;
    30D9 : 82739D95;
    30DA : 92928482;
    30DB : 94959596;
    30DC : 95949494;
    30DD : 96979796;
    30DE : 96979796;
    30DF : 9A989897;
    30E0 : 964F7879;
    30E1 : 98989999;
    30E2 : 90589996;
    30E3 : 919A9999;
    30E4 : 9A9B8350;
    30E5 : 9D9A9A99;
    30E6 : 94A38A91;
    30E7 : 3D693252;
    30E8 : 707B6048;
    30E9 : 725D4993;
    30EA : 523D407E;
    30EB : 3B68B07B;
    30EC : 3A394153;
    30ED : 5787B661;
    30EE : 5A394059;
    30EF : 33383554;
    30F0 : 33456A50;
    30F1 : 9C793F36;
    30F2 : 6F9AABAB;
    30F3 : B1965F52;
    30F4 : 39384882;
    30F5 : B08C473D;
    30F6 : 3F6097A8;
    30F7 : 3C467043;
    30F8 : 3A353837;
    30F9 : 5444424B;
    30FA : 589DAE84;
    30FB : 705C4044;
    30FC : 445F8B9F;
    30FD : 3B4F4939;
    30FE : AA965840;
    30FF : 5B4480A9;
    3100 : 92939392;
    3101 : 8D919293;
    3102 : 9191918F;
    3103 : 8C8B9091;
    3104 : 92958E89;
    3105 : 8382848C;
    3106 : 74777D82;
    3107 : 72737374;
    3108 : 6F706F70;
    3109 : 706F6F6F;
    310A : 6F70706F;
    310B : 70707070;
    310C : 6F706F6E;
    310D : 6E6F6F6E;
    310E : 6C6E6C6D;
    310F : 66686B6C;
    3110 : 75717367;
    3111 : 7A7D886B;
    3112 : 5E61808B;
    3113 : 6D6A787F;
    3114 : 8E8C8279;
    3115 : 584B7791;
    3116 : 847C8E83;
    3117 : 86888893;
    3118 : 9699928A;
    3119 : 91899FA0;
    311A : 93939493;
    311B : 94949494;
    311C : 94959595;
    311D : 95949495;
    311E : 95949495;
    311F : 98969596;
    3120 : 974B7792;
    3121 : 96959697;
    3122 : 97859895;
    3123 : 96979695;
    3124 : 9898975E;
    3125 : 9A989897;
    3126 : A39C9A99;
    3127 : 435F345B;
    3128 : 9EA3915E;
    3129 : 5455509D;
    312A : 6B3D3F57;
    312B : 3B5CA894;
    312C : 533C3C4A;
    312D : 4858A281;
    312E : 414B434E;
    312F : 373C3A41;
    3130 : 335B9849;
    3131 : 87605739;
    3132 : 799EA5A4;
    3133 : A0967350;
    3134 : 3D3A3E71;
    3135 : 9C6D4748;
    3136 : 416CADA7;
    3137 : 3E4C7B68;
    3138 : 45363A36;
    3139 : 61424660;
    313A : 60608085;
    313B : 736D6064;
    313C : 4A6799A7;
    313D : 41455737;
    313E : B08D4649;
    313F : 5A4381AA;
    3140 : 91919191;
    3141 : 7F858A8E;
    3142 : 8A898782;
    3143 : 85878B8B;
    3144 : 7D827F82;
    3145 : 78787879;
    3146 : 71717275;
    3147 : 71717272;
    3148 : 71716F70;
    3149 : 6F6F7172;
    314A : 7272716F;
    314B : 70707172;
    314C : 6F707171;
    314D : 6D6E6F6F;
    314E : 6C6D6E6D;
    314F : 686A6C6D;
    3150 : 717F7D66;
    3151 : 8080876B;
    3152 : 6D70828D;
    3153 : 6C7D6B78;
    3154 : 9C968B80;
    3155 : 6B55849B;
    3156 : 817F8B81;
    3157 : 9093939C;
    3158 : 92929293;
    3159 : 93959592;
    315A : 93939394;
    315B : 93949393;
    315C : 93939393;
    315D : 93929293;
    315E : 93929293;
    315F : 94959393;
    3160 : 975E8798;
    3161 : 94949495;
    3162 : 94969493;
    3163 : 93949594;
    3164 : 96949778;
    3165 : 98979696;
    3166 : 9F9B9997;
    3167 : 3B494468;
    3168 : A19F866F;
    3169 : 595C579B;
    316A : 6F3D4156;
    316B : 7384A89F;
    316C : 4B3C4360;
    316D : 4A78A97A;
    316E : 3F5E4947;
    316F : 373B3737;
    3170 : 36428065;
    3171 : 9B6D4F45;
    3172 : 6BA0A3A4;
    3173 : A09A675A;
    3174 : 3E353A6C;
    3175 : 9B848C45;
    3176 : 6487A7A6;
    3177 : 38498C99;
    3178 : 4235413D;
    3179 : 6B3B4C45;
    317A : 515D8B96;
    317B : 665E685D;
    317C : 475687A9;
    317D : 5845674E;
    317E : 8F5F4968;
    317F : 755D85AD;
    3180 : 7A7A7D80;
    3181 : 7677787B;
    3182 : 86807C78;
    3183 : 76798085;
    3184 : 6D6D7173;
    3185 : 6E6E6F6E;
    3186 : 706F6F70;
    3187 : 72727272;
    3188 : 72717271;
    3189 : 73737374;
    318A : 76767574;
    318B : 72737475;
    318C : 74727272;
    318D : 70727474;
    318E : 6F707172;
    318F : 6C6F706F;
    3190 : 6F877A6A;
    3191 : 80847E68;
    3192 : 667B7D84;
    3193 : 7F907D6D;
    3194 : 9C979480;
    3195 : 6B6B9C9F;
    3196 : 90908F85;
    3197 : 92929295;
    3198 : 8F949092;
    3199 : 92909091;
    319A : 91919190;
    319B : 92929292;
    319C : 90909090;
    319D : 91909090;
    319E : 91909091;
    319F : 93939191;
    31A0 : 93828F93;
    31A1 : 91919292;
    31A2 : 91939293;
    31A3 : 93929393;
    31A4 : 94939291;
    31A5 : 95959393;
    31A6 : 9C989695;
    31A7 : 3D5D3A60;
    31A8 : 9D9B9874;
    31A9 : 6C8176A0;
    31AA : 7F495053;
    31AB : 676C9EA6;
    31AC : 403A3D3F;
    31AD : 53889752;
    31AE : 3B635553;
    31AF : 383C3C35;
    31B0 : 393E4D78;
    31B1 : A06F6943;
    31B2 : 70A4A0A3;
    31B3 : AC974B4F;
    31B4 : 3A353D84;
    31B5 : A4A7A145;
    31B6 : 5B8FA3A3;
    31B7 : 35437692;
    31B8 : 49343F3B;
    31B9 : 6D3D3B49;
    31BA : 4A87A8AE;
    31BB : 71576B38;
    31BC : 4C4672A3;
    31BD : 3D425D5C;
    31BE : 9E9C5947;
    31BF : 5F598BA3;
    31C0 : 73717071;
    31C1 : 73727174;
    31C2 : 82797473;
    31C3 : 76797A7C;
    31C4 : 6E6F7172;
    31C5 : 7270716F;
    31C6 : 75747373;
    31C7 : 75757475;
    31C8 : 77777878;
    31C9 : 79797878;
    31CA : 78797979;
    31CB : 76777779;
    31CC : 79777676;
    31CD : 76777979;
    31CE : 72757477;
    31CF : 70747471;
    31D0 : 6886746E;
    31D1 : 85837C6D;
    31D2 : 5C748787;
    31D3 : 7E7C786E;
    31D4 : 8F93827A;
    31D5 : 7D829390;
    31D6 : 91949290;
    31D7 : 90909290;
    31D8 : 8E908F90;
    31D9 : 8F8F8F90;
    31DA : 8F8F8F8E;
    31DB : 8F908F8F;
    31DC : 8E8E8E8E;
    31DD : 8F8E8E8F;
    31DE : 8E8E8E8E;
    31DF : 90908F8E;
    31E0 : 8F919091;
    31E1 : 8F8F8F90;
    31E2 : 908E9090;
    31E3 : 90919090;
    31E4 : 90929092;
    31E5 : 93929291;
    31E6 : 98979494;
    31E7 : 4C673357;
    31E8 : 9C9B9A59;
    31E9 : 8D9E999B;
    31EA : 8E585647;
    31EB : 387097A3;
    31EC : 693A5650;
    31ED : 6987A58F;
    31EE : 47795656;
    31EF : 384D4038;
    31F0 : 37665C8A;
    31F1 : 99917B44;
    31F2 : 8293A09F;
    31F3 : 7C92595F;
    31F4 : 3B393976;
    31F5 : A0A07D43;
    31F6 : 5E91A3A2;
    31F7 : 3B436E93;
    31F8 : 40383B3D;
    31F9 : 97513E63;
    31FA : 65A1A1A7;
    31FB : 8588574F;
    31FC : 4B4884AA;
    31FD : 403D475E;
    31FE : A8AB8340;
    31FF : 564674A1;
    3200 : 797D7778;
    3201 : 76777777;
    3202 : 79767676;
    3203 : 77787979;
    3204 : 75747375;
    3205 : 79787675;
    3206 : 7A797878;
    3207 : 7A797A7C;
    3208 : 7B7D7D7B;
    3209 : 7B7C7C7B;
    320A : 7C7C7C7C;
    320B : 7A7A7A7C;
    320C : 79767678;
    320D : 78787A7B;
    320E : 73747678;
    320F : 6F717373;
    3210 : 66786F6E;
    3211 : 84888064;
    3212 : 64617C8A;
    3213 : 67666565;
    3214 : 70716F6B;
    3215 : 827D7672;
    3216 : 9090908F;
    3217 : 90909090;
    3218 : 8F8F8D8F;
    3219 : 8E8E8E8F;
    321A : 8D8E8E8D;
    321B : 8D8D8E8E;
    321C : 8D8D8C8C;
    321D : 8D8C8B8D;
    321E : 8C8C8C8C;
    321F : 8E8E8C8C;
    3220 : 8C8D8E8E;
    3221 : 8E8E8E8E;
    3222 : 8F8D8D8E;
    3223 : 8E8E8E8F;
    3224 : 8F8F908F;
    3225 : 9291908F;
    3226 : 98959493;
    3227 : 55523C64;
    3228 : 9B979453;
    3229 : 899D9998;
    322A : 9E8A4F52;
    322B : 6499A09D;
    322C : 804D4B42;
    322D : 7D8E9FA5;
    322E : 526F5E3B;
    322F : 3E5F5338;
    3230 : 36496181;
    3231 : 9FA26D3B;
    3232 : 959E9D9D;
    3233 : A095655E;
    3234 : 44433A83;
    3235 : A0A1984A;
    3236 : 55889F9E;
    3237 : 39508B97;
    3238 : 49354C3F;
    3239 : AA7E4E8A;
    323A : 668EA3A2;
    323B : 81804744;
    323C : 583F6CAD;
    323D : 4F445972;
    323E : A4A86941;
    323F : 595892A4;
    3240 : 7D858988;
    3241 : 797A7A7B;
    3242 : 77747478;
    3243 : 76787979;
    3244 : 77777777;
    3245 : 7E7D7C7A;
    3246 : 7F80807F;
    3247 : 7D7C7D7E;
    3248 : 7E7E7F7F;
    3249 : 7E7F8182;
    324A : 7B7B7D7D;
    324B : 77797A7C;
    324C : 77757576;
    324D : 76757677;
    324E : 75757575;
    324F : 6D6D6F72;
    3250 : 66686C6C;
    3251 : 74828266;
    3252 : 635E6573;
    3253 : 67666463;
    3254 : 6F6D6B69;
    3255 : 837B7873;
    3256 : 8D8F8F8F;
    3257 : 8E8E8E8E;
    3258 : 8A8D8D8C;
    3259 : 8B89878A;
    325A : 89898989;
    325B : 8B8C8B89;
    325C : 8A8B8A8A;
    325D : 8A8A8A89;
    325E : 8B8B8B8B;
    325F : 8C8C8B8B;
    3260 : 8B8B8B8C;
    3261 : 8D8D8D8D;
    3262 : 8C8B8B8C;
    3263 : 8C8C8C8D;
    3264 : 8D8E8E8D;
    3265 : 90908F8E;
    3266 : 98919290;
    3267 : 6067427A;
    3268 : 95969A66;
    3269 : 7A989897;
    326A : 9BA06855;
    326B : 4D78979C;
    326C : 675E493F;
    326D : 609F9FA1;
    326E : 41678241;
    326F : 585B5938;
    3270 : 3E3E7190;
    3271 : 9C9E894E;
    3272 : 949E9A9C;
    3273 : 979A6455;
    3274 : 40424088;
    3275 : 9CA06F67;
    3276 : 5B8B9F9B;
    3277 : 354A8C99;
    3278 : 533C5B3E;
    3279 : A1A06889;
    327A : 5270A1A1;
    327B : 7D5A4043;
    327C : 55468BAC;
    327D : 4B544F71;
    327E : A1A5773E;
    327F : 5179A4A3;
    3280 : 85858889;
    3281 : 7A7B8084;
    3282 : 76747579;
    3283 : 75767777;
    3284 : 79787676;
    3285 : 83817E7C;
    3286 : 84838384;
    3287 : 83828083;
    3288 : 83838484;
    3289 : 7F818485;
    328A : 7B7A7B7D;
    328B : 78797A7C;
    328C : 73747677;
    328D : 71707173;
    328E : 6E707070;
    328F : 6A6C6C6B;
    3290 : 65676869;
    3291 : 61646667;
    3292 : 6262625F;
    3293 : 6C696563;
    3294 : 7573706E;
    3295 : 8A857C78;
    3296 : 8B8C8E8E;
    3297 : 8C8C8C8C;
    3298 : 80868B8A;
    3299 : 86837F80;
    329A : 85868583;
    329B : 84818183;
    329C : 87888786;
    329D : 89888888;
    329E : 88888888;
    329F : 89898988;
    32A0 : 8A8A8A8A;
    32A1 : 8A8A8A8B;
    32A2 : 8A8A8A8A;
    32A3 : 8B8A8A8A;
    32A4 : 8B8C8C8B;
    32A5 : 8D8D8D8B;
    32A6 : 9590908E;
    32A7 : 6D6F4D81;
    32A8 : 9492957F;
    32A9 : 8A969492;
    32AA : 969D6656;
    32AB : 607C9A9A;
    32AC : 86693A38;
    32AD : 51939C9C;
    32AE : 3C5F8B3E;
    32AF : 8B7F5239;
    32B0 : 3A39398E;
    32B1 : 999E7373;
    32B2 : 9A999A99;
    32B3 : 72995D5D;
    32B4 : 3F3C5C75;
    32B5 : 99A07751;
    32B6 : 67909C9A;
    32B7 : 38667EA0;
    32B8 : 795E9151;
    32B9 : 9EA17292;
    32BA : 52859DA0;
    32BB : 986C433D;
    32BC : 5A5494A4;
    32BD : 60546B98;
    32BE : A1A19A45;
    32BF : 547B829C;
    32C0 : 82817E80;
    32C1 : 76777B7F;
    32C2 : 74757676;
    32C3 : 75757573;
    32C4 : 7C777575;
    32C5 : 8A878482;
    32C6 : 8A868587;
    32C7 : 84858487;
    32C8 : 7C7F8283;
    32C9 : 7B7E7F7D;
    32CA : 7C7A7A7B;
    32CB : 797A7A7C;
    32CC : 73767778;
    32CD : 6E6F7173;
    32CE : 6B6E6E6D;
    32CF : 69696A6B;
    32D0 : 68696868;
    32D1 : 65636567;
    32D2 : 65646364;
    32D3 : 6F6C6967;
    32D4 : 77767370;
    32D5 : 8C8C8984;
    32D6 : 8A8C8D8D;
    32D7 : 8B8B8B8B;
    32D8 : 7F828889;
    32D9 : 87878687;
    32DA : 78787D82;
    32DB : 7E7C7B7B;
    32DC : 87878582;
    32DD : 88868687;
    32DE : 87878787;
    32DF : 86868787;
    32E0 : 89898887;
    32E1 : 89898988;
    32E2 : 898B8B89;
    32E3 : 8A888788;
    32E4 : 898A8A89;
    32E5 : 8C8C8A8A;
    32E6 : 8F8E8D8D;
    32E7 : 678B7A91;
    32E8 : 9192937F;
    32E9 : 96939392;
    32EA : 9BA1756F;
    32EB : 486B959A;
    32EC : 6C5A3A3C;
    32ED : 6C939796;
    32EE : 406B793A;
    32EF : 9FA06E46;
    32F0 : 3B3676A0;
    32F1 : 999C8243;
    32F2 : 9D979798;
    32F3 : 939D6767;
    32F4 : 4E504C70;
    32F5 : 9B9AA081;
    32F6 : 5F969999;
    32F7 : 367E9199;
    32F8 : 9472916E;
    32F9 : 9C9B989C;
    32FA : 6A9E9B9C;
    32FB : A07B503A;
    32FC : 5F5D9C9F;
    32FD : 4F418489;
    32FE : 9E9D9E6B;
    32FF : 3E66939E;
    3300 : 70717272;
    3301 : 706E6D6E;
    3302 : 74747472;
    3303 : 78777574;
    3304 : 817D7C7A;
    3305 : 888A8986;
    3306 : 86848687;
    3307 : 7B7E8083;
    3308 : 77797978;
    3309 : 77777878;
    330A : 78787979;
    330B : 797A7A7A;
    330C : 75767778;
    330D : 6F707274;
    330E : 6D6F706F;
    330F : 6A6B6A6C;
    3310 : 69696969;
    3311 : 64656668;
    3312 : 67676766;
    3313 : 6E6C6B6A;
    3314 : 78777271;
    3315 : 8786837E;
    3316 : 898B8B8A;
    3317 : 88888889;
    3318 : 86858588;
    3319 : 85858687;
    331A : 80838283;
    331B : 82838684;
    331C : 85868584;
    331D : 85838385;
    331E : 85868685;
    331F : 86868484;
    3320 : 87878584;
    3321 : 88888787;
    3322 : 88898988;
    3323 : 88878787;
    3324 : 88888787;
    3325 : 8B8A8A89;
    3326 : 8D8B8B8B;
    3327 : 77928F8D;
    3328 : 8E8F9086;
    3329 : 9994928F;
    332A : A4A89480;
    332B : 495893A4;
    332C : 8168403E;
    332D : 97949595;
    332E : 578F8D58;
    332F : 9A9E8059;
    3330 : 434C709E;
    3331 : 969B5C4F;
    3332 : 99969696;
    3333 : 9E9D767C;
    3334 : 4769406D;
    3335 : 97979B7D;
    3336 : 7A989797;
    3337 : 3C819D98;
    3338 : 9C7B9E6F;
    3339 : 9A989A9A;
    333A : 6F929B99;
    333B : 9C9A6835;
    333C : 6954879D;
    333D : 703D87A0;
    333E : 9B9A9E95;
    333F : 3B719A9C;
    3340 : 6B6C6D6D;
    3341 : 6F6D6C6B;
    3342 : 71717170;
    3343 : 807D7470;
    3344 : 8A868381;
    3345 : 83878A8C;
    3346 : 797A7B7E;
    3347 : 75747579;
    3348 : 78787674;
    3349 : 7B7A7877;
    334A : 79797A7A;
    334B : 77787878;
    334C : 74757576;
    334D : 6F707173;
    334E : 6D6E6F6F;
    334F : 6B6B6A6C;
    3350 : 6969696A;
    3351 : 66686A6A;
    3352 : 69696968;
    3353 : 6D6B6B6B;
    3354 : 7173716F;
    3355 : 8A887A73;
    3356 : 86878889;
    3357 : 86858687;
    3358 : 86868384;
    3359 : 84838384;
    335A : 83858484;
    335B : 83838383;
    335C : 84848484;
    335D : 85828285;
    335E : 85858483;
    335F : 85858383;
    3360 : 85858383;
    3361 : 86868585;
    3362 : 86868686;
    3363 : 86878686;
    3364 : 87868686;
    3365 : 87888989;
    3366 : 8B8A8888;
    3367 : 8E8C8C8B;
    3368 : 8D8D8D8D;
    3369 : 938E8E8E;
    336A : A49D8F78;
    336B : 5B5E9DA7;
    336C : 9D944F41;
    336D : 95959394;
    336E : 6494977B;
    336F : 9999827A;
    3370 : 414C5C88;
    3371 : 96947266;
    3372 : 96959594;
    3373 : 96968B8D;
    3374 : 4C6B3A64;
    3375 : 95969973;
    3376 : 93969596;
    3377 : 49959597;
    3378 : 98949457;
    3379 : 98979798;
    337A : 7B979897;
    337B : 9C986A38;
    337C : 61487399;
    337D : 9E88909E;
    337E : 9B99989C;
    337F : 41729A9A;
    3380 : 6B6C6C6B;
    3381 : 6F6D6C6C;
    3382 : 71707070;
    3383 : 86827972;
    3384 : 8C878485;
    3385 : 7B7A7D88;
    3386 : 77777678;
    3387 : 77767777;
    3388 : 79787777;
    3389 : 7A797978;
    338A : 797A7A7A;
    338B : 75767878;
    338C : 75757676;
    338D : 70727374;
    338E : 6E6E6F70;
    338F : 6B6B6B6C;
    3390 : 69696B6B;
    3391 : 696A6969;
    3392 : 696A6A69;
    3393 : 6E6D6C6C;
    3394 : 75727270;
    3395 : 87898079;
    3396 : 85838586;
    3397 : 83838385;
    3398 : 82848383;
    3399 : 81818182;
    339A : 82818181;
    339B : 82828081;
    339C : 82818182;
    339D : 83828283;
    339E : 83828384;
    339F : 81818181;
    33A0 : 83828282;
    33A1 : 83828282;
    33A2 : 84858584;
    33A3 : 84848383;
    33A4 : 84848483;
    33A5 : 86868585;
    33A6 : 89898787;
    33A7 : 8A898B89;
    33A8 : 8C8A898A;
    33A9 : 8C8B8C8C;
    33AA : 95938E89;
    33AB : 65929F98;
    33AC : 886D4540;
    33AD : 90949294;
    33AE : 63939391;
    33AF : 98949491;
    33B0 : 37446189;
    33B1 : 93949887;
    33B2 : 93939392;
    33B3 : 8C969593;
    33B4 : 625C3754;
    33B5 : 93949583;
    33B6 : 93949394;
    33B7 : 488D9794;
    33B8 : 9697977F;
    33B9 : 96959595;
    33BA : 95989596;
    33BB : 99988051;
    33BC : 3C539399;
    33BD : 99999C90;
    33BE : 99979898;
    33BF : 4F7F9C98;
    33C0 : 6D6D6D6B;
    33C1 : 71706F6F;
    33C2 : 77757273;
    33C3 : 8582817B;
    33C4 : 857D777C;
    33C5 : 7676777F;
    33C6 : 76767877;
    33C7 : 7A7A7A76;
    33C8 : 7C7B7A7B;
    33C9 : 7B7A7B7B;
    33CA : 7979797A;
    33CB : 76777879;
    33CC : 76767777;
    33CD : 73747576;
    33CE : 70707173;
    33CF : 6C6C6B6E;
    33D0 : 69696B6C;
    33D1 : 6A6A6A6A;
    33D2 : 6B6C6B6A;
    33D3 : 72716F6F;
    33D4 : 75757572;
    33D5 : 7F7E7975;
    33D6 : 7B797879;
    33D7 : 7D7C7D7E;
    33D8 : 80817E7D;
    33D9 : 7F7F8081;
    33DA : 817F7F80;
    33DB : 80817F80;
    33DC : 81807F80;
    33DD : 80818180;
    33DE : 81807F80;
    33DF : 80808080;
    33E0 : 80818181;
    33E1 : 81808080;
    33E2 : 81828281;
    33E3 : 81818081;
    33E4 : 83838282;
    33E5 : 84848383;
    33E6 : 87868686;
    33E7 : 87878786;
    33E8 : 87878787;
    33E9 : 8A898989;
    33EA : 918F8E8C;
    33EB : 6899968F;
    33EC : 9377483F;
    33ED : 8F909090;
    33EE : 88919190;
    33EF : 95929392;
    33F0 : 2F355A88;
    33F1 : 91919679;
    33F2 : 91909190;
    33F3 : 93939291;
    33F4 : 7F56335F;
    33F5 : 9292938D;
    33F6 : 93909191;
    33F7 : 6B939593;
    33F8 : 9394938E;
    33F9 : 94939394;
    33FA : 97959595;
    33FB : 97989161;
    33FC : 595B9496;
    33FD : 96969998;
    33FE : 97969797;
    33FF : 52899896;
    3400 : 73727171;
    3401 : 78757374;
    3402 : 827E787A;
    3403 : 77797E85;
    3404 : 7A777475;
    3405 : 77777475;
    3406 : 7B797A77;
    3407 : 7C7C7C7A;
    3408 : 7F7F7F7D;
    3409 : 7D7D7E7E;
    340A : 7A7A7B7B;
    340B : 78787979;
    340C : 77787779;
    340D : 74757677;
    340E : 71737475;
    340F : 6E6F6E70;
    3410 : 6C6C6D6D;
    3411 : 6D6E6E6D;
    3412 : 706F6F6D;
    3413 : 72727171;
    3414 : 71737473;
    3415 : 6B6F7170;
    3416 : 6C6A6969;
    3417 : 6E6E6E6B;
    3418 : 7D797574;
    3419 : 7F7E7F7F;
    341A : 807E7E7F;
    341B : 7E7E7E7F;
    341C : 7F7F7E7D;
    341D : 80808081;
    341E : 807F7F80;
    341F : 7F7E7E80;
    3420 : 7F80807F;
    3421 : 807F7E7E;
    3422 : 7F808080;
    3423 : 807F7F7F;
    3424 : 81818180;
    3425 : 83818282;
    3426 : 85848384;
    3427 : 85858585;
    3428 : 86868585;
    3429 : 89898787;
    342A : 93908C8A;
    342B : 4E6A9490;
    342C : 875F473B;
    342D : 8D8F8F91;
    342E : 908E8E8E;
    342F : 908F908E;
    3430 : 3038598D;
    3431 : 8F8F9267;
    3432 : 8F8F8E8E;
    3433 : 8A91918E;
    3434 : 93803962;
    3435 : 91909090;
    3436 : 908F9091;
    3437 : 8D8F9292;
    3438 : 91919292;
    3439 : 91919292;
    343A : 96939392;
    343B : 9495875E;
    343C : 726A9992;
    343D : 98969699;
    343E : 95969897;
    343F : 56909396;
    3440 : 76767574;
    3441 : 7D7C7A78;
    3442 : 84837E7D;
    3443 : 7574767E;
    3444 : 73727273;
    3445 : 79787675;
    3446 : 7E7D7C7A;
    3447 : 82807E7E;
    3448 : 82838583;
    3449 : 81818282;
    344A : 807F7F7F;
    344B : 7D7E7E7F;
    344C : 7B7C7D7E;
    344D : 75777879;
    344E : 74747575;
    344F : 71737273;
    3450 : 70717171;
    3451 : 71727271;
    3452 : 72727270;
    3453 : 72727171;
    3454 : 6F707171;
    3455 : 6B6C6D6D;
    3456 : 726F6D6D;
    3457 : 72757775;
    3458 : 7C767376;
    3459 : 7D7D7D7E;
    345A : 7D7D7D7E;
    345B : 7F7E7D7D;
    345C : 7D7D7D7C;
    345D : 7D7E7F7E;
    345E : 7F80807F;
    345F : 7F7F7F7F;
    3460 : 7F7F7F7F;
    3461 : 7F7D7D7D;
    3462 : 7E7E7F7F;
    3463 : 7E7F7F7F;
    3464 : 807F7F7F;
    3465 : 82808080;
    3466 : 82828181;
    3467 : 84848484;
    3468 : 84848383;
    3469 : 86868584;
    346A : 8D8B8988;
    346B : 57778E90;
    346C : 87693E39;
    346D : 8C8D8D8E;
    346E : 8C8C8C8C;
    346F : 8D8D8D8D;
    3470 : 38458290;
    3471 : 8C8C8B5F;
    3472 : 8D8C8C8B;
    3473 : 79918E8D;
    3474 : 91903D4A;
    3475 : 8E8D8E8E;
    3476 : 8E8E8F8F;
    3477 : 8F8D8C8D;
    3478 : 8F8F8F8E;
    3479 : 8F8F8F8F;
    347A : 918E8F8F;
    347B : 91919287;
    347C : 6F749390;
    347D : 95949597;
    347E : 94969996;
    347F : 62929092;
    3480 : 79777472;
    3481 : 77747477;
    3482 : 7C7D7B7A;
    3483 : 75767475;
    3484 : 76757474;
    3485 : 7E7D7C7A;
    3486 : 80818180;
    3487 : 86848282;
    3488 : 87898887;
    3489 : 84838586;
    348A : 82828182;
    348B : 7F7F8182;
    348C : 7B7D7D7E;
    348D : 7778797A;
    348E : 76777776;
    348F : 73757576;
    3490 : 72737373;
    3491 : 73747473;
    3492 : 73737473;
    3493 : 70707171;
    3494 : 6F6F7170;
    3495 : 73727070;
    3496 : 7C777272;
    3497 : 797C7E7E;
    3498 : 7C7B7A7A;
    3499 : 7B7B7B7C;
    349A : 7B7A7A7B;
    349B : 7F7D7C7C;
    349C : 7E7D7D7E;
    349D : 7E7C7C7E;
    349E : 7E7E7F7D;
    349F : 7E7E7E7E;
    34A0 : 7E7F7F7E;
    34A1 : 7E7D7D7D;
    34A2 : 7C7C7D7D;
    34A3 : 7D7D7D7D;
    34A4 : 7F7E7E7E;
    34A5 : 807F8080;
    34A6 : 8081807F;
    34A7 : 81818181;
    34A8 : 82828282;
    34A9 : 84848484;
    34AA : 88888786;
    34AB : 6C8F8B8A;
    34AC : 8D91572F;
    34AD : 88898B8B;
    34AE : 89898989;
    34AF : 8B8B8A8B;
    34B0 : 6D467A8D;
    34B1 : 8A8B8A80;
    34B2 : 89898989;
    34B3 : 868D898A;
    34B4 : 8E844155;
    34B5 : 8A898A8B;
    34B6 : 8A8A8B8B;
    34B7 : 8A8A8A8B;
    34B8 : 8C8D8C8B;
    34B9 : 8E8D8C8B;
    34BA : 8D8C8C8D;
    34BB : 8E8C8C8D;
    34BC : 888A908E;
    34BD : 92939491;
    34BE : 91949694;
    34BF : 8A908D91;
    34C0 : 6E6F7071;
    34C1 : 716F6C6B;
    34C2 : 71707172;
    34C3 : 76757374;
    34C4 : 7D7A7776;
    34C5 : 8382827E;
    34C6 : 83848383;
    34C7 : 87878684;
    34C8 : 86898A8A;
    34C9 : 84848485;
    34CA : 82828383;
    34CB : 7D7F8081;
    34CC : 7D7E7D7E;
    34CD : 797A7B7C;
    34CE : 797A7A7A;
    34CF : 76797979;
    34D0 : 76767777;
    34D1 : 74757574;
    34D2 : 72737473;
    34D3 : 70707171;
    34D4 : 72727270;
    34D5 : 73737373;
    34D6 : 7B757172;
    34D7 : 7C7B7D7D;
    34D8 : 7B7C7C7C;
    34D9 : 7979797B;
    34DA : 7A79797A;
    34DB : 7C7A7A79;
    34DC : 7A7A7B7C;
    34DD : 7B7B7B7A;
    34DE : 7C7C7C7C;
    34DF : 7B7D7D7C;
    34E0 : 7C7C7C7B;
    34E1 : 7D7C7C7C;
    34E2 : 7B7B7C7C;
    34E3 : 7D7D7D7D;
    34E4 : 7D7D7C7D;
    34E5 : 7E7F7F7C;
    34E6 : 7F7F7F7E;
    34E7 : 80808080;
    34E8 : 83828180;
    34E9 : 82828383;
    34EA : 86868483;
    34EB : 84898887;
    34EC : 88885A3D;
    34ED : 87888888;
    34EE : 87878787;
    34EF : 88898988;
    34F0 : 845C8889;
    34F1 : 898B8A8C;
    34F2 : 85868888;
    34F3 : 8A878686;
    34F4 : 8A8B674F;
    34F5 : 86868789;
    34F6 : 88898A89;
    34F7 : 86888A89;
    34F8 : 898A8986;
    34F9 : 87878989;
    34FA : 88888787;
    34FB : 8C8A898A;
    34FC : 8E8C8E8F;
    34FD : 9496948E;
    34FE : 91919293;
    34FF : 92909393;
    3500 : 686A6A6B;
    3501 : 6D6C6A69;
    3502 : 71706E6E;
    3503 : 75747272;
    3504 : 7B797876;
    3505 : 8384827E;
    3506 : 85848384;
    3507 : 87878685;
    3508 : 85868787;
    3509 : 83848484;
    350A : 83848585;
    350B : 7F7F8181;
    350C : 7E7F807F;
    350D : 7C7C7D7E;
    350E : 7C7C7C7C;
    350F : 797B7B7D;
    3510 : 76777878;
    3511 : 75757676;
    3512 : 72737475;
    3513 : 74747474;
    3514 : 72747474;
    3515 : 70707070;
    3516 : 79736E6E;
    3517 : 79797C7A;
    3518 : 7A7A7A7B;
    3519 : 78797879;
    351A : 79797877;
    351B : 79787878;
    351C : 79797979;
    351D : 79797979;
    351E : 7A7A797A;
    351F : 797B7A7A;
    3520 : 7A7A7A79;
    3521 : 7C7C7B7B;
    3522 : 7D7C7B7B;
    3523 : 7D7D7C7B;
    3524 : 7B7C7A7B;
    3525 : 7D7E7D7C;
    3526 : 7E7D7D7E;
    3527 : 7F7F7E7E;
    3528 : 817F7F7F;
    3529 : 81808082;
    352A : 83828282;
    352B : 82868484;
    352C : 8785573F;
    352D : 85868685;
    352E : 85858686;
    352F : 87878786;
    3530 : 847D8989;
    3531 : 87898988;
    3532 : 85868686;
    3533 : 87848485;
    3534 : 87877B4F;
    3535 : 84838687;
    3536 : 898A8A87;
    3537 : 85898A88;
    3538 : 8B8A8885;
    3539 : 83848A8E;
    353A : 83848483;
    353B : 88858585;
    353C : 8D8D8C8C;
    353D : 9494928E;
    353E : 918E9394;
    353F : 94959898;
    3540 : 6C6B6D6B;
    3541 : 72706E6E;
    3542 : 73737273;
    3543 : 78777573;
    3544 : 7C7D7B78;
    3545 : 81807F7E;
    3546 : 85838281;
    3547 : 85848484;
    3548 : 86858587;
    3549 : 88888786;
    354A : 83858787;
    354B : 83838484;
    354C : 83828384;
    354D : 7F7F8082;
    354E : 7C7D7D7E;
    354F : 797A7A7C;
    3550 : 76777878;
    3551 : 75757576;
    3552 : 74757576;
    3553 : 76767675;
    3554 : 6E707375;
    3555 : 6E6E6E6E;
    3556 : 79736E6C;
    3557 : 78797B7A;
    3558 : 77787878;
    3559 : 78787777;
    355A : 78787776;
    355B : 76767878;
    355C : 77777777;
    355D : 77777777;
    355E : 78777777;
    355F : 78787776;
    3560 : 78797978;
    3561 : 7B7B7A7A;
    3562 : 7C7B7A7A;
    3563 : 7A7A7B7B;
    3564 : 7A797B7A;
    3565 : 7C7C7C7B;
    3566 : 7D7C7C7C;
    3567 : 7F7E7E7E;
    3568 : 807E7E7E;
    3569 : 81808081;
    356A : 82818181;
    356B : 86858382;
    356C : 85875644;
    356D : 83848483;
    356E : 83838383;
    356F : 84848484;
    3570 : 86888585;
    3571 : 84848585;
    3572 : 84858483;
    3573 : 86848685;
    3574 : 86837E68;
    3575 : 86838588;
    3576 : 89898989;
    3577 : 878A8A88;
    3578 : 8F8B8887;
    3579 : 8483878D;
    357A : 86888887;
    357B : 84838485;
    357C : 8E8D8987;
    357D : 8A8B8C8B;
    357E : 8D8E908E;
    357F : 91919191;
    3580 : 6F6D716E;
    3581 : 73717171;
    3582 : 79777676;
    3583 : 7B7A7979;
    3584 : 7D7C7C7D;
    3585 : 7F7E7D7E;
    3586 : 7F7E7D7E;
    3587 : 83828180;
    3588 : 83828283;
    3589 : 86868584;
    358A : 86878888;
    358B : 86858686;
    358C : 86858586;
    358D : 81818284;
    358E : 7B7D7E80;
    358F : 7978787A;
    3590 : 77777879;
    3591 : 77777778;
    3592 : 76767576;
    3593 : 74747576;
    3594 : 6C6E7275;
    3595 : 6D6D6D6D;
    3596 : 7876716E;
    3597 : 78787677;
    3598 : 76767777;
    3599 : 76777676;
    359A : 76777776;
    359B : 75757777;
    359C : 75757575;
    359D : 75757575;
    359E : 77777676;
    359F : 77777677;
    35A0 : 77787877;
    35A1 : 78787877;
    35A2 : 7A787879;
    35A3 : 78797A7B;
    35A4 : 7A797A79;
    35A5 : 7C7C7B7B;
    35A6 : 7C7B7A7B;
    35A7 : 7C7C7D7D;
    35A8 : 7E7D7C7D;
    35A9 : 7F7E7E7E;
    35AA : 807F7F7F;
    35AB : 84818080;
    35AC : 81867362;
    35AD : 82828180;
    35AE : 80818181;
    35AF : 82828282;
    35B0 : 84838383;
    35B1 : 82838383;
    35B2 : 82838484;
    35B3 : 89868583;
    35B4 : 8A898A85;
    35B5 : 8986868A;
    35B6 : 8A89898B;
    35B7 : 888B8B88;
    35B8 : 8B8B8C8C;
    35B9 : 8B828287;
    35BA : 86898C8F;
    35BB : 86858584;
    35BC : 84888787;
    35BD : 86858485;
    35BE : 85868785;
    35BF : 88888886;
    35C0 : 6F6F6F6D;
    35C1 : 76747270;
    35C2 : 7B7A797A;
    35C3 : 7A7A7B7C;
    35C4 : 797A7A7A;
    35C5 : 7C7C7C7B;
    35C6 : 7B7B7C7D;
    35C7 : 7F7E7E7D;
    35C8 : 81818180;
    35C9 : 81828181;
    35CA : 84848382;
    35CB : 82828484;
    35CC : 83838382;
    35CD : 7D7E7F81;
    35CE : 7A7A7B7C;
    35CF : 7A78787A;
    35D0 : 7877787A;
    35D1 : 76767777;
    35D2 : 75757575;
    35D3 : 71727374;
    35D4 : 6C6C6E71;
    35D5 : 6D6D6C6C;
    35D6 : 7574736F;
    35D7 : 78767374;
    35D8 : 76767777;
    35D9 : 76767676;
    35DA : 74767675;
    35DB : 76757675;
    35DC : 75757575;
    35DD : 75757575;
    35DE : 76767675;
    35DF : 76757576;
    35E0 : 76777676;
    35E1 : 77777776;
    35E2 : 78777677;
    35E3 : 79797A7A;
    35E4 : 78797878;
    35E5 : 7B7B7A7A;
    35E6 : 7B7A797A;
    35E7 : 797A7B7B;
    35E8 : 7C7B7A7A;
    35E9 : 7D7C7B7B;
    35EA : 7E7D7D7D;
    35EB : 807E7D7E;
    35EC : 7E818080;
    35ED : 8181807E;
    35EE : 80808080;
    35EF : 80808080;
    35F0 : 81818280;
    35F1 : 81828280;
    35F2 : 81828281;
    35F3 : 89848281;
    35F4 : 8C919190;
    35F5 : 8A8A898B;
    35F6 : 8B8A8989;
    35F7 : 8D908F8C;
    35F8 : 84888C8E;
    35F9 : 86848484;
    35FA : 8284888B;
    35FB : 89878480;
    35FC : 85898A8A;
    35FD : 86848282;
    35FE : 82828284;
    35FF : 80828282;
    3600 : 74737272;
    3601 : 79777575;
    3602 : 77777879;
    3603 : 77777777;
    3604 : 77797878;
    3605 : 7A7A7A79;
    3606 : 7B7B7C7C;
    3607 : 7E7E7D7D;
    3608 : 7E80807F;
    3609 : 7E7E7E7E;
    360A : 7D7D7E7E;
    360B : 7D7E7E7E;
    360C : 7E7D7E7F;
    360D : 7B7B7C7E;
    360E : 7D7B7A7A;
    360F : 7C7B7B7C;
    3610 : 7777787A;
    3611 : 75757677;
    3612 : 73737474;
    3613 : 6D6E7172;
    3614 : 6C6C6C6D;
    3615 : 6D6D6C6B;
    3616 : 706F706E;
    3617 : 76757474;
    3618 : 75757576;
    3619 : 75747475;
    361A : 74747474;
    361B : 75737474;
    361C : 74737373;
    361D : 73737372;
    361E : 75757575;
    361F : 75757474;
    3620 : 75757574;
    3621 : 76757575;
    3622 : 76767676;
    3623 : 78787878;
    3624 : 78787777;
    3625 : 79797979;
    3626 : 797A7A79;
    3627 : 78787778;
    3628 : 7A797879;
    3629 : 7B7B7A7A;
    362A : 7C7B7B7C;
    362B : 7D7D7D7D;
    362C : 7E7D7E7F;
    362D : 7F7F7E7E;
    362E : 7E7E7E7E;
    362F : 7E7E7F7F;
    3630 : 7E808180;
    3631 : 7F7F7F7E;
    3632 : 81828281;
    3633 : 86828081;
    3634 : 9596928B;
    3635 : 8B8D9093;
    3636 : 8E888788;
    3637 : 95979692;
    3638 : 85888D91;
    3639 : 83838383;
    363A : 80838483;
    363B : 85837F7E;
    363C : 83848686;
    363D : 80808183;
    363E : 807F7F7F;
    363F : 81837F80;
    3640 : 79787675;
    3641 : 76777878;
    3642 : 72737575;
    3643 : 75757472;
    3644 : 78787775;
    3645 : 7B7A7978;
    3646 : 7D7D7B7B;
    3647 : 807F7E7E;
    3648 : 80818181;
    3649 : 7D7E7E7E;
    364A : 7D7A7B7D;
    364B : 7E7E7E7E;
    364C : 7D7D7D7E;
    364D : 7978797B;
    364E : 7B7A7A7A;
    364F : 79797A7B;
    3650 : 77787878;
    3651 : 74747476;
    3652 : 70717272;
    3653 : 6B6C7071;
    3654 : 6D6C6C6C;
    3655 : 6B6B6B6B;
    3656 : 73726F6D;
    3657 : 75747474;
    3658 : 74727375;
    3659 : 73737373;
    365A : 74747474;
    365B : 73727273;
    365C : 72717272;
    365D : 73737372;
    365E : 75757473;
    365F : 73737373;
    3660 : 75747474;
    3661 : 75747475;
    3662 : 75757575;
    3663 : 77767574;
    3664 : 76767677;
    3665 : 79797877;
    3666 : 78797978;
    3667 : 78787777;
    3668 : 79787778;
    3669 : 79797979;
    366A : 79797979;
    366B : 7C7B7A7A;
    366C : 7C7C7C7C;
    366D : 7C7C7C7C;
    366E : 7C7C7C7C;
    366F : 7E7E7C7C;
    3670 : 7E7E7E7D;
    3671 : 7B7C7D7E;
    3672 : 80818180;
    3673 : 81807F80;
    3674 : 96928C86;
    3675 : 91939594;
    3676 : 8E8D9091;
    3677 : 9C9D9B95;
    3678 : 888C9398;
    3679 : 81828284;
    367A : 7F828280;
    367B : 7B7C7C7D;
    367C : 7E7F7E7D;
    367D : 7C7E7F80;
    367E : 807F7E7D;
    367F : 85848082;
    3680 : 76767677;
    3681 : 71737575;
    3682 : 72727271;
    3683 : 77777573;
    3684 : 78787776;
    3685 : 7B7B7A7A;
    3686 : 7E7D7C7B;
    3687 : 807F7F7F;
    3688 : 80808182;
    3689 : 807F7F80;
    368A : 84848382;
    368B : 80818384;
    368C : 7C7E8080;
    368D : 7A7A7A7B;
    368E : 797A7B7B;
    368F : 797A7A7A;
    3690 : 76787877;
    3691 : 73737375;
    3692 : 70717272;
    3693 : 6D6D6F6F;
    3694 : 6D6C6C6D;
    3695 : 6E6C6C6D;
    3696 : 76767270;
    3697 : 72737373;
    3698 : 72717173;
    3699 : 72727272;
    369A : 72727272;
    369B : 72737372;
    369C : 72717272;
    369D : 72737271;
    369E : 73737373;
    369F : 74737272;
    36A0 : 74737373;
    36A1 : 75747374;
    36A2 : 74747473;
    36A3 : 74747474;
    36A4 : 77767574;
    36A5 : 79787776;
    36A6 : 77787877;
    36A7 : 77787777;
    36A8 : 78777778;
    36A9 : 78787878;
    36AA : 78787878;
    36AB : 7A7A7878;
    36AC : 79797979;
    36AD : 7B7B7B7B;
    36AE : 7A7A7A7A;
    36AF : 7D7C7B7A;
    36B0 : 7D7C7B7A;
    36B1 : 7C7C7C7D;
    36B2 : 7D7E7F7D;
    36B3 : 7E7E7E7D;
    36B4 : 918B8582;
    36B5 : 96939191;
    36B6 : 91949897;
    36B7 : A09F9D96;
    36B8 : 8D949DA1;
    36B9 : 82848588;
    36BA : 7E81817F;
    36BB : 7778787B;
    36BC : 7A7A7978;
    36BD : 7C7C7C7B;
    36BE : 807E7D7B;
    36BF : 86858382;
    36C0 : 72727375;
    36C1 : 72727172;
    36C2 : 75767675;
    36C3 : 78787876;
    36C4 : 7B7B7C7B;
    36C5 : 7B7C7D7D;
    36C6 : 7E7E7D7B;
    36C7 : 8584817F;
    36C8 : 84838486;
    36C9 : 89878586;
    36CA : 8B888788;
    36CB : 88898B8B;
    36CC : 7F828688;
    36CD : 7F7E7E7E;
    36CE : 7B7D7E7E;
    36CF : 76787A7A;
    36D0 : 75777877;
    36D1 : 72727374;
    36D2 : 6F717172;
    36D3 : 7170706F;
    36D4 : 6C6C6E70;
    36D5 : 716E6D6E;
    36D6 : 74747573;
    36D7 : 71727373;
    36D8 : 71717272;
    36D9 : 72727272;
    36DA : 72727272;
    36DB : 70727271;
    36DC : 72737371;
    36DD : 72727271;
    36DE : 71727373;
    36DF : 72727171;
    36E0 : 72727272;
    36E1 : 73727272;
    36E2 : 72727272;
    36E3 : 74747473;
    36E4 : 75757574;
    36E5 : 76767777;
    36E6 : 76777776;
    36E7 : 77777676;
    36E8 : 76757677;
    36E9 : 76767676;
    36EA : 78787878;
    36EB : 79797979;
    36EC : 79797979;
    36ED : 7A7A7A7A;
    36EE : 7A7A7A7A;
    36EF : 7B7A7A7A;
    36F0 : 7C7B7A7A;
    36F1 : 7C7C7C7C;
    36F2 : 7C7D7C7C;
    36F3 : 7E7E7D7C;
    36F4 : 84817F7F;
    36F5 : 918F8B87;
    36F6 : 9D9B9994;
    36F7 : A1A0A09F;
    36F8 : 939AA0A2;
    36F9 : 85888A8D;
    36FA : 7F838382;
    36FB : 7C7B797A;
    36FC : 79797B7C;
    36FD : 7A797878;
    36FE : 7C7C7A7A;
    36FF : 8283817C;
    3700 : 72737372;
    3701 : 76747372;
    3702 : 78787876;
    3703 : 7B7B7B7B;
    3704 : 7C7D7D7C;
    3705 : 7B7B7D7E;
    3706 : 827F7E7D;
    3707 : 87868383;
    3708 : 86868788;
    3709 : 9294948C;
    370A : 92939191;
    370B : 8D8F8F91;
    370C : 86888B8D;
    370D : 80818283;
    370E : 7C7D7E7F;
    370F : 78797B7C;
    3710 : 76767676;
    3711 : 73737374;
    3712 : 6F727071;
    3713 : 72727272;
    3714 : 6F6E6F71;
    3715 : 76767371;
    3716 : 71737372;
    3717 : 71727272;
    3718 : 71717271;
    3719 : 71717171;
    371A : 71717070;
    371B : 70707171;
    371C : 72727272;
    371D : 71727271;
    371E : 71727372;
    371F : 71717171;
    3720 : 71717171;
    3721 : 72727171;
    3722 : 71717272;
    3723 : 74737373;
    3724 : 74757474;
    3725 : 75757676;
    3726 : 76767676;
    3727 : 76767575;
    3728 : 76767776;
    3729 : 75767675;
    372A : 75767675;
    372B : 77777777;
    372C : 79797878;
    372D : 79787879;
    372E : 79787979;
    372F : 7A797A7A;
    3730 : 7B7B7A79;
    3731 : 7B7B7A79;
    3732 : 7B7B7A7A;
    3733 : 7C7C7C7C;
    3734 : 7D7B7C7C;
    3735 : 8988837F;
    3736 : 9E9A928C;
    3737 : A6A6A3A1;
    3738 : 999FA4A5;
    3739 : 8E8F9295;
    373A : 8589898C;
    373B : 84848182;
    373C : 7C7D7F82;
    373D : 7B7B797B;
    373E : 797A797A;
    373F : 787B7C78;
    3740 : 74757573;
    3741 : 78777574;
    3742 : 7B7A7978;
    3743 : 7A7B7B7C;
    3744 : 7D7C7B7A;
    3745 : 7D7D7D7E;
    3746 : 8382807D;
    3747 : 85848282;
    3748 : 89838586;
    3749 : 97999B96;
    374A : 91969695;
    374B : 8E8E8D90;
    374C : 898A8B8D;
    374D : 80828485;
    374E : 7B7C7E7F;
    374F : 77797A7B;
    3750 : 76767676;
    3751 : 73737374;
    3752 : 72717271;
    3753 : 72727272;
    3754 : 71707072;
    3755 : 74757575;
    3756 : 72737373;
    3757 : 71727171;
    3758 : 71717170;
    3759 : 70707070;
    375A : 70707071;
    375B : 6F707070;
    375C : 71717171;
    375D : 70717170;
    375E : 71717270;
    375F : 71717070;
    3760 : 70706F6F;
    3761 : 72727171;
    3762 : 71717272;
    3763 : 73727172;
    3764 : 74747371;
    3765 : 73737474;
    3766 : 74747474;
    3767 : 74747475;
    3768 : 76777876;
    3769 : 75767676;
    376A : 75767777;
    376B : 76767575;
    376C : 78777777;
    376D : 78777778;
    376E : 78787777;
    376F : 78787979;
    3770 : 7A7A7978;
    3771 : 7A7A7878;
    3772 : 79797979;
    3773 : 7B7B7B7B;
    3774 : 7C7A7B7B;
    3775 : 82807D7D;
    3776 : 948E8784;
    3777 : A9A6A29F;
    3778 : 9EA1A6A8;
    3779 : 99999A9B;
    377A : 8C8E9297;
    377B : 8F8F8C8C;
    377C : 8283888C;
    377D : 7C7C7B7D;
    377E : 787B7B7B;
    377F : 77777777;
    3780 : 75767675;
    3781 : 78777676;
    3782 : 78797979;
    3783 : 76777879;
    3784 : 7B797877;
    3785 : 7C7C7B7C;
    3786 : 81807F7D;
    3787 : 84838282;
    3788 : 948F8683;
    3789 : 8C919899;
    378A : 8889898B;
    378B : 8C898485;
    378C : 86888A8C;
    378D : 80828586;
    378E : 7C7C7D7E;
    378F : 77787879;
    3790 : 75767676;
    3791 : 73747474;
    3792 : 72717372;
    3793 : 72737373;
    3794 : 73737374;
    3795 : 71717374;
    3796 : 71717172;
    3797 : 71717171;
    3798 : 70717170;
    3799 : 70706F6E;
    379A : 6F6F7071;
    379B : 6F707070;
    379C : 6F6F6F6F;
    379D : 6F70706F;
    379E : 6F70716F;
    379F : 71717070;
    37A0 : 70707070;
    37A1 : 71717070;
    37A2 : 70707171;
    37A3 : 72717071;
    37A4 : 73727170;
    37A5 : 73727272;
    37A6 : 73737373;
    37A7 : 73727273;
    37A8 : 74757474;
    37A9 : 74737373;
    37AA : 75757474;
    37AB : 76767575;
    37AC : 77767676;
    37AD : 78787878;
    37AE : 76777777;
    37AF : 77777778;
    37B0 : 79797877;
    37B1 : 78787777;
    37B2 : 79797979;
    37B3 : 79797979;
    37B4 : 7A787A7A;
    37B5 : 7D7B7A7B;
    37B6 : 8C857F7D;
    37B7 : A6A29C94;
    37B8 : A1A2A4A5;
    37B9 : 9FA1A2A3;
    37BA : 928F939B;
    37BB : 95969796;
    37BC : 8C909495;
    37BD : 7E7E8086;
    37BE : 797D7F7F;
    37BF : 77777778;
    37C0 : 75767675;
    37C1 : 75757576;
    37C2 : 76777776;
    37C3 : 75757575;
    37C4 : 75747374;
    37C5 : 7D7B7775;
    37C6 : 87817E7E;
    37C7 : 8B8B8A8B;
    37C8 : 9A999289;
    37C9 : 81828B96;
    37CA : 82848381;
    37CB : 8D8B8684;
    37CC : 8788898A;
    37CD : 80818486;
    37CE : 7B7C7D7E;
    37CF : 78797A7A;
    37D0 : 75767677;
    37D1 : 73747474;
    37D2 : 72727173;
    37D3 : 73737373;
    37D4 : 72727373;
    37D5 : 71707172;
    37D6 : 706F7071;
    37D7 : 70717071;
    37D8 : 6F707070;
    37D9 : 6E6E6F6F;
    37DA : 6F6F6F6F;
    37DB : 6E6E6F6F;
    37DC : 6E6E6E6E;
    37DD : 6E6F6F6E;
    37DE : 6F6F706F;
    37DF : 7070706F;
    37E0 : 70706F6F;
    37E1 : 6F6F6F6E;
    37E2 : 6E6F6F6F;
    37E3 : 71707070;
    37E4 : 71706F71;
    37E5 : 72727170;
    37E6 : 71727272;
    37E7 : 73727171;
    37E8 : 72747272;
    37E9 : 73717172;
    37EA : 74727374;
    37EB : 74747474;
    37EC : 75757575;
    37ED : 75767675;
    37EE : 76767676;
    37EF : 76757577;
    37F0 : 78787776;
    37F1 : 77787878;
    37F2 : 78787777;
    37F3 : 78787878;
    37F4 : 7777797A;
    37F5 : 7A7A7A79;
    37F6 : 817E7B7A;
    37F7 : 988E8A85;
    37F8 : 9FA09F9E;
    37F9 : A3A6A7A6;
    37FA : 9590969F;
    37FB : 9C9E9F9D;
    37FC : 9AA1A19D;
    37FD : 8D8E9196;
    37FE : 8385878A;
    37FF : 76797D81;
    3800 : 76787777;
    3801 : 75757474;
    3802 : 73747575;
    3803 : 73737272;
    3804 : 73727273;
    3805 : 7F7C7773;
    3806 : 88858481;
    3807 : 93918C8D;
    3808 : 9D9D9B96;
    3809 : 83889099;
    380A : 85888885;
    380B : 8B8C8A87;
    380C : 86878889;
    380D : 7F818385;
    380E : 7B7C7B7E;
    380F : 77787979;
    3810 : 76767677;
    3811 : 73737476;
    3812 : 72727272;
    3813 : 73727171;
    3814 : 71717171;
    3815 : 70707172;
    3816 : 706F6F6E;
    3817 : 6F706F70;
    3818 : 70706F6F;
    3819 : 6D6E6E6E;
    381A : 6E6E6E6E;
    381B : 6E6E6E6E;
    381C : 6E6D6D6E;
    381D : 6D6E6F6E;
    381E : 6E6E6E6E;
    381F : 6D6D6E6F;
    3820 : 6D6E6F6F;
    3821 : 6D6E6E6D;
    3822 : 6E6F6F6F;
    3823 : 706E6E6F;
    3824 : 6F6F6F6E;
    3825 : 6F70706F;
    3826 : 70707171;
    3827 : 71717171;
    3828 : 71717272;
    3829 : 71717171;
    382A : 73727171;
    382B : 71727373;
    382C : 74747373;
    382D : 74737474;
    382E : 76757474;
    382F : 75747675;
    3830 : 76767675;
    3831 : 76767676;
    3832 : 76757576;
    3833 : 77777777;
    3834 : 75777978;
    3835 : 79777877;
    3836 : 79797979;
    3837 : 85807C7A;
    3838 : 8B8E8C8A;
    3839 : 9C9B9A93;
    383A : 8F8F9398;
    383B : A3A4A29B;
    383C : A2A5A6A4;
    383D : 94999B9F;
    383E : 888B8E90;
    383F : 777D8386;
    3840 : 75777677;
    3841 : 73757574;
    3842 : 71727374;
    3843 : 73727371;
    3844 : 74737374;
    3845 : 7F7D7A77;
    3846 : 89888785;
    3847 : 94918B8B;
    3848 : 98999A98;
    3849 : 8A909396;
    384A : 8B8D8E8C;
    384B : 898B8B89;
    384C : 84868788;
    384D : 7E808183;
    384E : 7A7A7A7C;
    384F : 76767778;
    3850 : 75757576;
    3851 : 73737476;
    3852 : 71717171;
    3853 : 71717070;
    3854 : 71717070;
    3855 : 6E6F7171;
    3856 : 6F6F6F6F;
    3857 : 6E6E6F6F;
    3858 : 6F6F6E6E;
    3859 : 6D6D6D6C;
    385A : 6D6D6D6E;
    385B : 6E6E6E6E;
    385C : 6D6C6C6D;
    385D : 6C6D6E6F;
    385E : 6D6D6D6C;
    385F : 6D6D6D6E;
    3860 : 6D6D6E6E;
    3861 : 6C6D6E6C;
    3862 : 6E6F6E6D;
    3863 : 6E6D6D6E;
    3864 : 6F6F6F6E;
    3865 : 6E6F6F6E;
    3866 : 6F6F7070;
    3867 : 71716F6F;
    3868 : 71707072;
    3869 : 71717070;
    386A : 72717070;
    386B : 71727272;
    386C : 73737372;
    386D : 74737474;
    386E : 73727273;
    386F : 74757474;
    3870 : 74757574;
    3871 : 75757575;
    3872 : 75747475;
    3873 : 75757575;
    3874 : 75767675;
    3875 : 76757676;
    3876 : 76787877;
    3877 : 78777676;
    3878 : 78797878;
    3879 : 84807E7A;
    387A : 85848385;
    387B : A4A1988E;
    387C : A4A6A7A6;
    387D : 979C9FA4;
    387E : 92949494;
    387F : 85888B8F;
    3880 : 74757577;
    3881 : 75747173;
    3882 : 73737372;
    3883 : 76747472;
    3884 : 76777676;
    3885 : 7E7D7C79;
    3886 : 85858281;
    3887 : 8C898584;
    3888 : 908F8C8A;
    3889 : 8E8F908F;
    388A : 898A8B8C;
    388B : 88888989;
    388C : 83848587;
    388D : 7B7E7F81;
    388E : 77797A7B;
    388F : 76767778;
    3890 : 74747475;
    3891 : 72737474;
    3892 : 6F707071;
    3893 : 706F6F6F;
    3894 : 6F707070;
    3895 : 7070706F;
    3896 : 6D6E7070;
    3897 : 6D6C6E6D;
    3898 : 6E6D6D6D;
    3899 : 6C6C6C6C;
    389A : 6D6D6D6D;
    389B : 6D6D6D6D;
    389C : 6D6C6C6D;
    389D : 6C6C6D6D;
    389E : 6C6D6D6C;
    389F : 6D6D6D6D;
    38A0 : 6E6D6D6D;
    38A1 : 6C6D6D6C;
    38A2 : 6D6D6D6C;
    38A3 : 6D6E6E6D;
    38A4 : 6F706F6E;
    38A5 : 6F6E6E6F;
    38A6 : 6F6F6F6F;
    38A7 : 70706F6E;
    38A8 : 6F6E6F70;
    38A9 : 7171706F;
    38AA : 7070706F;
    38AB : 71717170;
    38AC : 72727171;
    38AD : 72717273;
    38AE : 73727272;
    38AF : 73747374;
    38B0 : 73747473;
    38B1 : 73737373;
    38B2 : 75737373;
    38B3 : 74747474;
    38B4 : 76767575;
    38B5 : 75767575;
    38B6 : 76777776;
    38B7 : 77767576;
    38B8 : 78777576;
    38B9 : 79777878;
    38BA : 7C7B7A7A;
    38BB : 99897F7E;
    38BC : A4A5A29F;
    38BD : 999C9FA2;
    38BE : 9A969798;
    38BF : 95949498;
    38C0 : 74757679;
    38C1 : 74767574;
    38C2 : 75747474;
    38C3 : 797A7676;
    38C4 : 7B7C7B7A;
    38C5 : 7D7D7C7B;
    38C6 : 7B7C7B7B;
    38C7 : 87827D7C;
    38C8 : 8B8B8988;
    38C9 : 8685898B;
    38CA : 86848486;
    38CB : 87868686;
    38CC : 82838486;
    38CD : 7A7C7E7F;
    38CE : 77787C7B;
    38CF : 75747577;
    38D0 : 73737375;
    38D1 : 72737473;
    38D2 : 70707272;
    38D3 : 6F6F6F70;
    38D4 : 6E6F7071;
    38D5 : 71717171;
    38D6 : 6D6E7172;
    38D7 : 6B6C6C6C;
    38D8 : 6D6D6D6C;
    38D9 : 6C6D6D6C;
    38DA : 6D6D6D6D;
    38DB : 6C6C6C6C;
    38DC : 6C6B6B6C;
    38DD : 6C6D6C6A;
    38DE : 6C6B6B6C;
    38DF : 6D6D6C6C;
    38E0 : 6D6D6C6B;
    38E1 : 6B6D6D6C;
    38E2 : 6D6D6B6B;
    38E3 : 6C6D6D6C;
    38E4 : 6E6E6E6D;
    38E5 : 6E6D6C6E;
    38E6 : 6F6E6E6D;
    38E7 : 6E6E6F6E;
    38E8 : 6E6D6D6E;
    38E9 : 7070706F;
    38EA : 6F6F6F6F;
    38EB : 7070706E;
    38EC : 71717171;
    38ED : 72717272;
    38EE : 73727272;
    38EF : 73727372;
    38F0 : 74747372;
    38F1 : 72727272;
    38F2 : 74737272;
    38F3 : 73737373;
    38F4 : 74747474;
    38F5 : 74767575;
    38F6 : 75757574;
    38F7 : 77767475;
    38F8 : 76777575;
    38F9 : 76777778;
    38FA : 79787777;
    38FB : 847D7B7A;
    38FC : A29E978F;
    38FD : 989B9EA1;
    38FE : 94929495;
    38FF : 99989696;
    3900 : 78777777;
    3901 : 77787776;
    3902 : 79767475;
    3903 : 7C7E7C7A;
    3904 : 7B7B7C7D;
    3905 : 7B7C7C7C;
    3906 : 7A797879;
    3907 : 85807D7A;
    3908 : 84878685;
    3909 : 837F8484;
    390A : 83818182;
    390B : 85848484;
    390C : 80818282;
    390D : 797B7E7E;
    390E : 78797979;
    390F : 75757677;
    3910 : 78777675;
    3911 : 73747576;
    3912 : 72737474;
    3913 : 71717172;
    3914 : 71717272;
    3915 : 71707172;
    3916 : 6C6D7274;
    3917 : 6B6C6B6A;
    3918 : 6D6C6D6D;
    3919 : 6B6B6C6C;
    391A : 6C6C6C6C;
    391B : 6B6B6B6C;
    391C : 6B6B6B6B;
    391D : 6B6B6B6C;
    391E : 6B6B6B6B;
    391F : 6A6B6C6B;
    3920 : 6B6C6C6A;
    3921 : 6C6C6C6B;
    3922 : 6C6D6B6C;
    3923 : 6C6C6C6D;
    3924 : 6D6D6D6C;
    3925 : 6D6C6B6C;
    3926 : 6D6D6D6D;
    3927 : 6D6E6F6E;
    3928 : 706F6E6D;
    3929 : 6E6F6F6E;
    392A : 6D6D6D6D;
    392B : 6E6F6E6D;
    392C : 70707070;
    392D : 70707171;
    392E : 71717171;
    392F : 71717171;
    3930 : 72717072;
    3931 : 71717171;
    3932 : 72737372;
    3933 : 72727272;
    3934 : 73727172;
    3935 : 74747474;
    3936 : 76767575;
    3937 : 77767676;
    3938 : 74757575;
    3939 : 77777675;
    393A : 77787877;
    393B : 7C797976;
    393C : A1988E84;
    393D : 989CA0A3;
    393E : 8D909496;
    393F : 9593918F;
    3940 : 7B7B7979;
    3941 : 7B7A7A7A;
    3942 : 81807C78;
    3943 : 7E7F8080;
    3944 : 7C7C7D7E;
    3945 : 7C7C7C7C;
    3946 : 7B7A7B7C;
    3947 : 82827F7D;
    3948 : 7F808383;
    3949 : 8180817F;
    394A : 817F8081;
    394B : 87868584;
    394C : 80838586;
    394D : 7A7C7E80;
    394E : 78777779;
    394F : 78787777;
    3950 : 78787676;
    3951 : 73727378;
    3952 : 72737474;
    3953 : 70707071;
    3954 : 71737371;
    3955 : 6E707272;
    3956 : 6C6D706E;
    3957 : 6B6A6B6C;
    3958 : 6B6A6A6C;
    3959 : 6A6B6B6B;
    395A : 6B6B6B6B;
    395B : 6A6A6A6B;
    395C : 6A6A6A6A;
    395D : 6B6B6B6C;
    395E : 6A6A6A6A;
    395F : 696A6A6B;
    3960 : 6A6B6B6A;
    3961 : 6B6A6A6A;
    3962 : 6B6C6A6A;
    3963 : 6B6B6B6C;
    3964 : 6B6B6B6A;
    3965 : 6D6D6C6A;
    3966 : 6D6D6D6D;
    3967 : 6D6D6D6E;
    3968 : 6F6F6E6D;
    3969 : 6F6F6F6E;
    396A : 6D6D6D6D;
    396B : 6E6E6D6C;
    396C : 70706F6E;
    396D : 70706F6E;
    396E : 6F70706F;
    396F : 70707070;
    3970 : 6F6F6F6F;
    3971 : 70707070;
    3972 : 72717172;
    3973 : 72727272;
    3974 : 73737171;
    3975 : 74737272;
    3976 : 75757574;
    3977 : 76757475;
    3978 : 73747575;
    3979 : 75757574;
    397A : 75757574;
    397B : 76777676;
    397C : 96887D77;
    397D : 9C9FA09E;
    397E : 8C949699;
    397F : 86888989;
    3980 : 7A7A7A7A;
    3981 : 7F7D7B7A;
    3982 : 84848381;
    3983 : 81807F81;
    3984 : 7D7F8181;
    3985 : 82807F7F;
    3986 : 81808181;
    3987 : 85858383;
    3988 : 81808485;
    3989 : 84848380;
    398A : 86838484;
    398B : 8E8E8D8A;
    398C : 84898D8E;
    398D : 7B7B7E81;
    398E : 75787A7B;
    398F : 71727474;
    3990 : 71727272;
    3991 : 716F6E71;
    3992 : 70717272;
    3993 : 6F6F6F70;
    3994 : 6F727270;
    3995 : 6A6D6F6E;
    3996 : 6A6B6B6A;
    3997 : 696B6C6A;
    3998 : 6969696A;
    3999 : 69696A6A;
    399A : 6A6A6A6A;
    399B : 69686869;
    399C : 69696969;
    399D : 6A6A6A6B;
    399E : 6A6A6A6A;
    399F : 6969696A;
    39A0 : 69686869;
    39A1 : 6A696969;
    39A2 : 6B6C696A;
    39A3 : 696A6A6A;
    39A4 : 6A6A6969;
    39A5 : 6C6C6C6A;
    39A6 : 6D6D6D6D;
    39A7 : 6E6D6C6D;
    39A8 : 6E6D6E6E;
    39A9 : 6D6E6E6D;
    39AA : 6D6D6D6D;
    39AB : 6E6E6C6C;
    39AC : 6E6E6E6F;
    39AD : 70706F6E;
    39AE : 6E6E6E6E;
    39AF : 6F6F6F6F;
    39B0 : 6F70716F;
    39B1 : 71717171;
    39B2 : 71707071;
    39B3 : 72727272;
    39B4 : 73737271;
    39B5 : 72737474;
    39B6 : 73737272;
    39B7 : 74737373;
    39B8 : 74757473;
    39B9 : 74747373;
    39BA : 74747473;
    39BB : 75747775;
    39BC : 7F787676;
    39BD : 94938E88;
    39BE : 8D949597;
    39BF : 7B7F8487;
    39C0 : 77767372;
    39C1 : 807C7A7B;
    39C2 : 82838483;
    39C3 : 86817F80;
    39C4 : 878A8A86;
    39C5 : 84838384;
    39C6 : 87868586;
    39C7 : 8B878889;
    39C8 : 898B8B8C;
    39C9 : 8C8C8B89;
    39CA : 8E8B8A89;
    39CB : 91939391;
    39CC : 83898F90;
    39CD : 77787B7F;
    39CE : 72727478;
    39CF : 6E707271;
    39D0 : 6C6D6D6D;
    39D1 : 6B6C6B6C;
    39D2 : 6B6C6D6D;
    39D3 : 6C6C6C6D;
    39D4 : 6B6D6F6F;
    39D5 : 6968696A;
    39D6 : 69696769;
    39D7 : 69696868;
    39D8 : 6969696A;
    39D9 : 68696969;
    39DA : 68686868;
    39DB : 68676768;
    39DC : 68686867;
    39DD : 69686869;
    39DE : 69696969;
    39DF : 68676869;
    39E0 : 68676768;
    39E1 : 6A6A6969;
    39E2 : 6B6B6868;
    39E3 : 696A6A6A;
    39E4 : 6A696969;
    39E5 : 6A6A6A6C;
    39E6 : 6B6B6B6B;
    39E7 : 6D6D6D6C;
    39E8 : 6D6D6D6E;
    39E9 : 6E6E6E6C;
    39EA : 6D6D6D6D;
    39EB : 6E6C6C6C;
    39EC : 6D6D6D6D;
    39ED : 6D6D6E6E;
    39EE : 6E6E6E6E;
    39EF : 6F6F6F6F;
    39F0 : 6F70716F;
    39F1 : 6F6F7070;
    39F2 : 70707070;
    39F3 : 71717171;
    39F4 : 7171706F;
    39F5 : 72727272;
    39F6 : 72727171;
    39F7 : 73727272;
    39F8 : 72747473;
    39F9 : 72727272;
    39FA : 73747372;
    39FB : 74747472;
    39FC : 75757574;
    39FD : 7C7B7876;
    39FE : 81817E7C;
    39FF : 78797A7B;
    3A00 : 71736F6E;
    3A01 : 817E7975;
    3A02 : 7C808182;
    3A03 : 89837C7C;
    3A04 : 9295938E;
    3A05 : 89898B8E;
    3A06 : 89888889;
    3A07 : 8B8C8C8B;
    3A08 : 8D8D8F8C;
    3A09 : 8F8E8E8E;
    3A0A : 908D8E8F;
    3A0B : 90909292;
    3A0C : 7B828B90;
    3A0D : 72737575;
    3A0E : 6F6E7071;
    3A0F : 6D6E6F6F;
    3A10 : 6A6A6C6D;
    3A11 : 6B6C6B6A;
    3A12 : 6A6B6A6B;
    3A13 : 6A6A6A69;
    3A14 : 69696A6A;
    3A15 : 68696969;
    3A16 : 67676768;
    3A17 : 68686867;
    3A18 : 67676768;
    3A19 : 67676767;
    3A1A : 67676565;
    3A1B : 66686867;
    3A1C : 67686866;
    3A1D : 67686868;
    3A1E : 68686767;
    3A1F : 67676868;
    3A20 : 67676767;
    3A21 : 67686868;
    3A22 : 69696969;
    3A23 : 68696A68;
    3A24 : 686A6969;
    3A25 : 6A686869;
    3A26 : 6A6A6A6A;
    3A27 : 6B6B6A6A;
    3A28 : 6B6B6B6A;
    3A29 : 6A6A6A6A;
    3A2A : 6C6C6B6A;
    3A2B : 6C6C6C6C;
    3A2C : 6C6B6B6C;
    3A2D : 6C6C6C6C;
    3A2E : 6D6D6D6D;
    3A2F : 6E6E6E6E;
    3A30 : 6E6F6E6D;
    3A31 : 6F6F6F6E;
    3A32 : 6D6F6F6F;
    3A33 : 7070706F;
    3A34 : 706F6F70;
    3A35 : 72717071;
    3A36 : 70717171;
    3A37 : 72717171;
    3A38 : 70717373;
    3A39 : 71717271;
    3A3A : 73727171;
    3A3B : 74747373;
    3A3C : 73747473;
    3A3D : 75767675;
    3A3E : 76757473;
    3A3F : 75757575;
    3A40 : 71706C6E;
    3A41 : 7978746F;
    3A42 : 76787979;
    3A43 : 817F7A77;
    3A44 : 97938B82;
    3A45 : 8B8D9196;
    3A46 : 8A8A8A89;
    3A47 : 8C8B8A8A;
    3A48 : 8C8D8E8D;
    3A49 : 908F8E8D;
    3A4A : 91909091;
    3A4B : 8D8E9091;
    3A4C : 70747E89;
    3A4D : 706F6F70;
    3A4E : 6E6D6E70;
    3A4F : 6B6C6D6D;
    3A50 : 6A6A6A6B;
    3A51 : 6A6B6B69;
    3A52 : 6A6A6869;
    3A53 : 68686969;
    3A54 : 68696969;
    3A55 : 68686868;
    3A56 : 67676768;
    3A57 : 68686766;
    3A58 : 66666767;
    3A59 : 65656767;
    3A5A : 67676665;
    3A5B : 66676867;
    3A5C : 67666666;
    3A5D : 66666666;
    3A5E : 68676767;
    3A5F : 67676666;
    3A60 : 67676666;
    3A61 : 68696968;
    3A62 : 67676868;
    3A63 : 68696968;
    3A64 : 69696868;
    3A65 : 6A686868;
    3A66 : 6A6A6A6A;
    3A67 : 69696869;
    3A68 : 69696968;
    3A69 : 6A6A6A6A;
    3A6A : 6A6A6B6B;
    3A6B : 6C6C6C6C;
    3A6C : 6B6A696A;
    3A6D : 6C6C6C6C;
    3A6E : 6C6C6C6C;
    3A6F : 6D6D6D6C;
    3A70 : 6C6D6E6D;
    3A71 : 6F6F6D6D;
    3A72 : 6D6E6E6E;
    3A73 : 6E6E6E6D;
    3A74 : 706F6F6F;
    3A75 : 71707070;
    3A76 : 706F7071;
    3A77 : 71717070;
    3A78 : 6F707171;
    3A79 : 71707170;
    3A7A : 72717070;
    3A7B : 73737373;
    3A7C : 72737373;
    3A7D : 74757574;
    3A7E : 75757474;
    3A7F : 75757575;
    3A80 : 6F6F6E6D;
    3A81 : 716F6F71;
    3A82 : 75757373;
    3A83 : 70737373;
    3A84 : 86807A73;
    3A85 : 91928D89;
    3A86 : 8E8C8B8C;
    3A87 : 9091908E;
    3A88 : 8E908F90;
    3A89 : 918F8D8C;
    3A8A : 96969491;
    3A8B : 7E868C92;
    3A8C : 706E6F74;
    3A8D : 6E6D6E70;
    3A8E : 6E6D6D6E;
    3A8F : 6B6C6D6D;
    3A90 : 68696A6A;
    3A91 : 68696969;
    3A92 : 68696767;
    3A93 : 66666869;
    3A94 : 67676868;
    3A95 : 67676666;
    3A96 : 68686665;
    3A97 : 67676667;
    3A98 : 66666667;
    3A99 : 64666767;
    3A9A : 66666565;
    3A9B : 65656666;
    3A9C : 67666666;
    3A9D : 66666666;
    3A9E : 66666665;
    3A9F : 66676666;
    3AA0 : 66666666;
    3AA1 : 68676868;
    3AA2 : 67676868;
    3AA3 : 66676868;
    3AA4 : 69696767;
    3AA5 : 68686868;
    3AA6 : 68686868;
    3AA7 : 69696869;
    3AA8 : 69696968;
    3AA9 : 69696969;
    3AAA : 6A6A6A6A;
    3AAB : 6B6B6B6B;
    3AAC : 696A6A6B;
    3AAD : 6B6B6B6B;
    3AAE : 6B6B6B6B;
    3AAF : 6C6C6B6B;
    3AB0 : 6B6C6D6C;
    3AB1 : 6E6D6C6C;
    3AB2 : 6E6F6F6D;
    3AB3 : 6E6E6E6D;
    3AB4 : 6E6D6D6E;
    3AB5 : 706F6F6F;
    3AB6 : 6F6E6F70;
    3AB7 : 71717070;
    3AB8 : 70717170;
    3AB9 : 6F6F7070;
    3ABA : 72717070;
    3ABB : 72727272;
    3ABC : 71727271;
    3ABD : 74747271;
    3ABE : 74747474;
    3ABF : 74747474;
    3AC0 : 6E6F706F;
    3AC1 : 6F6F7071;
    3AC2 : 73727070;
    3AC3 : 6F707071;
    3AC4 : 7670706C;
    3AC5 : 79777476;
    3AC6 : 8F8E857B;
    3AC7 : 91919191;
    3AC8 : 91939191;
    3AC9 : 99989592;
    3ACA : 94999999;
    3ACB : 6F757D8B;
    3ACC : 6D6D6C6B;
    3ACD : 6D6E6D6D;
    3ACE : 6F6E6E6E;
    3ACF : 6B6C6C6C;
    3AD0 : 696A6A69;
    3AD1 : 67686969;
    3AD2 : 68686868;
    3AD3 : 67676868;
    3AD4 : 66676768;
    3AD5 : 64656566;
    3AD6 : 68676665;
    3AD7 : 66656668;
    3AD8 : 65666666;
    3AD9 : 66686766;
    3ADA : 66666666;
    3ADB : 66666567;
    3ADC : 66666665;
    3ADD : 66666666;
    3ADE : 66656565;
    3ADF : 65666666;
    3AE0 : 65656666;
    3AE1 : 67666667;
    3AE2 : 66666667;
    3AE3 : 66666667;
    3AE4 : 67676769;
    3AE5 : 68676768;
    3AE6 : 68686868;
    3AE7 : 68686768;
    3AE8 : 67676867;
    3AE9 : 69696969;
    3AEA : 69696A6A;
    3AEB : 6B6B6B6B;
    3AEC : 69696869;
    3AED : 6B6B6B6B;
    3AEE : 69696A6A;
    3AEF : 6A6B6A69;
    3AF0 : 6C6C6B6A;
    3AF1 : 6C6C6C6C;
    3AF2 : 6E6E6E6C;
    3AF3 : 6D6D6D6C;
    3AF4 : 6E6D6D6E;
    3AF5 : 6F6E6E6E;
    3AF6 : 6E6E6F6F;
    3AF7 : 7070706F;
    3AF8 : 6F70706F;
    3AF9 : 6E6E6F6F;
    3AFA : 71706F6F;
    3AFB : 71717171;
    3AFC : 71727171;
    3AFD : 71727271;
    3AFE : 73737373;
    3AFF : 72727272;
    3B00 : 6F707071;
    3B01 : 70706F6E;
    3B02 : 6E6F6F6F;
    3B03 : 6D6E6E6D;
    3B04 : 74716E6D;
    3B05 : 6C6B6D71;
    3B06 : 7676726E;
    3B07 : 8A847D78;
    3B08 : 8687898B;
    3B09 : 9A96928D;
    3B0A : 919B9C9D;
    3B0B : 6B6B707F;
    3B0C : 6B6B6B6B;
    3B0D : 6D6D6C6C;
    3B0E : 6D6D6D6C;
    3B0F : 6C6C6C6C;
    3B10 : 6A6B6B6B;
    3B11 : 6868696A;
    3B12 : 6A696868;
    3B13 : 67686767;
    3B14 : 65656566;
    3B15 : 64666666;
    3B16 : 66666563;
    3B17 : 65656566;
    3B18 : 66666665;
    3B19 : 64656565;
    3B1A : 65666565;
    3B1B : 65656565;
    3B1C : 66656565;
    3B1D : 66656566;
    3B1E : 65656666;
    3B1F : 65666665;
    3B20 : 65646565;
    3B21 : 66666666;
    3B22 : 65656666;
    3B23 : 65656565;
    3B24 : 68686767;
    3B25 : 67676767;
    3B26 : 68686868;
    3B27 : 66676869;
    3B28 : 67676767;
    3B29 : 68676869;
    3B2A : 68686969;
    3B2B : 68696A69;
    3B2C : 6A696869;
    3B2D : 69696969;
    3B2E : 68696A69;
    3B2F : 6A6B6B69;
    3B30 : 6B6C6B6A;
    3B31 : 6C6B6B6B;
    3B32 : 6C6C6C6B;
    3B33 : 6D6D6D6C;
    3B34 : 706D6D6D;
    3B35 : 6E6E6E6E;
    3B36 : 6E6E6E6E;
    3B37 : 6C6D6E6F;
    3B38 : 6F70706E;
    3B39 : 6E6F706F;
    3B3A : 706F6F6E;
    3B3B : 6F6F6F6F;
    3B3C : 72717171;
    3B3D : 72727272;
    3B3E : 72717172;
    3B3F : 72727371;
    3B40 : 70707170;
    3B41 : 6E6E6F6F;
    3B42 : 6D6D6C6B;
    3B43 : 6E6C6C6D;
    3B44 : 72736F6D;
    3B45 : 6D6C6C6F;
    3B46 : 6F6D6C6B;
    3B47 : 73737270;
    3B48 : 72767475;
    3B49 : 92847572;
    3B4A : 84909697;
    3B4B : 6A6D7177;
    3B4C : 6B6B6B6C;
    3B4D : 6D6C6C6D;
    3B4E : 6D6D6E6D;
    3B4F : 6C6C6C6C;
    3B50 : 696A6B6C;
    3B51 : 69696969;
    3B52 : 6A696868;
    3B53 : 676A6868;
    3B54 : 64656566;
    3B55 : 64656564;
    3B56 : 65656464;
    3B57 : 63656563;
    3B58 : 65656564;
    3B59 : 64646464;
    3B5A : 62646565;
    3B5B : 65646564;
    3B5C : 65646565;
    3B5D : 66656565;
    3B5E : 63656666;
    3B5F : 64656564;
    3B60 : 65646464;
    3B61 : 65656564;
    3B62 : 65656666;
    3B63 : 66666666;
    3B64 : 67676666;
    3B65 : 67666667;
    3B66 : 67656567;
    3B67 : 66656665;
    3B68 : 68676665;
    3B69 : 67686768;
    3B6A : 67676767;
    3B6B : 67686868;
    3B6C : 6A696969;
    3B6D : 69696969;
    3B6E : 6A6A6A69;
    3B6F : 6A69696A;
    3B70 : 6A6B6A69;
    3B71 : 6C6A6A6A;
    3B72 : 6C6C6C6D;
    3B73 : 6C6D6C6B;
    3B74 : 6E6C6C6D;
    3B75 : 6C6C6D6D;
    3B76 : 6D6D6D6D;
    3B77 : 6D6E6E6F;
    3B78 : 6F706F6E;
    3B79 : 6E6F6F6E;
    3B7A : 6E6E6F6F;
    3B7B : 70707070;
    3B7C : 71717171;
    3B7D : 71717171;
    3B7E : 72717172;
    3B7F : 72727271;
    3B80 : 7070706F;
    3B81 : 71717070;
    3B82 : 70717170;
    3B83 : 70717170;
    3B84 : 71716F6E;
    3B85 : 6E6E6F70;
    3B86 : 6E6E6D6D;
    3B87 : 6F6E6D6E;
    3B88 : 6F747170;
    3B89 : 76706E6B;
    3B8A : 7577797B;
    3B8B : 6D6E7073;
    3B8C : 6C6C6D6D;
    3B8D : 6D6F706D;
    3B8E : 6E6E6F6F;
    3B8F : 6C6C6D6D;
    3B90 : 6A6B6C6D;
    3B91 : 6A6B6B6A;
    3B92 : 6C6C6B6A;
    3B93 : 6A6C6B6C;
    3B94 : 66676868;
    3B95 : 63656565;
    3B96 : 64626364;
    3B97 : 62646462;
    3B98 : 64646363;
    3B99 : 62646464;
    3B9A : 64646463;
    3B9B : 63626464;
    3B9C : 64646465;
    3B9D : 65636364;
    3B9E : 63646565;
    3B9F : 64656564;
    3BA0 : 65646464;
    3BA1 : 66666565;
    3BA2 : 65656666;
    3BA3 : 65656565;
    3BA4 : 66656565;
    3BA5 : 66656566;
    3BA6 : 66646466;
    3BA7 : 66666564;
    3BA8 : 66666565;
    3BA9 : 68686666;
    3BAA : 67676767;
    3BAB : 67666666;
    3BAC : 69686868;
    3BAD : 69696767;
    3BAE : 69696969;
    3BAF : 69686869;
    3BB0 : 69696968;
    3BB1 : 6C6B6A6B;
    3BB2 : 6A6B6B6C;
    3BB3 : 6B6C6B6A;
    3BB4 : 6B6B6C6C;
    3BB5 : 6B6B6C6C;
    3BB6 : 6C6C6C6C;
    3BB7 : 6D6E6D6E;
    3BB8 : 6E6D6C6D;
    3BB9 : 6D6E6E6D;
    3BBA : 6D6C6E6D;
    3BBB : 6F6F6F6F;
    3BBC : 7070706F;
    3BBD : 70707070;
    3BBE : 70717271;
    3BBF : 71717170;
    3BC0 : 72727271;
    3BC1 : 74747373;
    3BC2 : 72737474;
    3BC3 : 72727272;
    3BC4 : 72717172;
    3BC5 : 6E6F7172;
    3BC6 : 6F70716F;
    3BC7 : 6E6E6E6E;
    3BC8 : 7172706E;
    3BC9 : 6E6E6E6D;
    3BCA : 7271716F;
    3BCB : 6F707171;
    3BCC : 6E6E6D6D;
    3BCD : 70717170;
    3BCE : 6E6E7070;
    3BCF : 6E6E6F70;
    3BD0 : 6C6D6D6E;
    3BD1 : 6D6E6D6B;
    3BD2 : 6F6F6E6D;
    3BD3 : 6C6E6F6F;
    3BD4 : 696A6B6B;
    3BD5 : 63656868;
    3BD6 : 63616163;
    3BD7 : 63636363;
    3BD8 : 64646363;
    3BD9 : 62646463;
    3BDA : 64656462;
    3BDB : 62636364;
    3BDC : 64636363;
    3BDD : 63636364;
    3BDE : 64646363;
    3BDF : 63646464;
    3BE0 : 64646465;
    3BE1 : 65656464;
    3BE2 : 64646465;
    3BE3 : 64646464;
    3BE4 : 65646464;
    3BE5 : 65646465;
    3BE6 : 65666665;
    3BE7 : 65656565;
    3BE8 : 64656565;
    3BE9 : 67676765;
    3BEA : 66666666;
    3BEB : 66656465;
    3BEC : 67676766;
    3BED : 69686767;
    3BEE : 69686767;
    3BEF : 67686868;
    3BF0 : 69686868;
    3BF1 : 6A6B696A;
    3BF2 : 6A6D6C69;
    3BF3 : 6A6A6A69;
    3BF4 : 6A6A6B6A;
    3BF5 : 6B6A696A;
    3BF6 : 6B6B6B6B;
    3BF7 : 6C6C6C6C;
    3BF8 : 6D6C6B6C;
    3BF9 : 6D6D6C6C;
    3BFA : 6E6C6D6C;
    3BFB : 6E6E6E6E;
    3BFC : 6F706F6E;
    3BFD : 6F6F6F6F;
    3BFE : 6F707170;
    3BFF : 6F6F706F;
    3C00 : 73737474;
    3C01 : 73737476;
    3C02 : 73737373;
    3C03 : 74737475;
    3C04 : 72737374;
    3C05 : 71727171;
    3C06 : 71717071;
    3C07 : 6E6F706F;
    3C08 : 726F6F70;
    3C09 : 70717070;
    3C0A : 70717170;
    3C0B : 70707171;
    3C0C : 7071706F;
    3C0D : 70717171;
    3C0E : 6E6E7070;
    3C0F : 6F6D6F70;
    3C10 : 6E6F6F70;
    3C11 : 6F6F6F6F;
    3C12 : 6F6E6E6F;
    3C13 : 6E6E6F6E;
    3C14 : 6B6C6D70;
    3C15 : 66676969;
    3C16 : 63626365;
    3C17 : 64636262;
    3C18 : 63636464;
    3C19 : 62636362;
    3C1A : 63656463;
    3C1B : 64636363;
    3C1C : 64616163;
    3C1D : 63636464;
    3C1E : 63636363;
    3C1F : 62636464;
    3C20 : 63636363;
    3C21 : 63636464;
    3C22 : 62616464;
    3C23 : 64646463;
    3C24 : 64646464;
    3C25 : 65656565;
    3C26 : 64656565;
    3C27 : 65646463;
    3C28 : 64656565;
    3C29 : 65666664;
    3C2A : 65656565;
    3C2B : 65646464;
    3C2C : 65656565;
    3C2D : 67676767;
    3C2E : 68686666;
    3C2F : 67686968;
    3C30 : 69686868;
    3C31 : 6A696869;
    3C32 : 69696A6A;
    3C33 : 69696969;
    3C34 : 6A6A6969;
    3C35 : 6B69696B;
    3C36 : 6B6A6A6B;
    3C37 : 6B6B6B6A;
    3C38 : 6C6B6A6A;
    3C39 : 6C6B6B6C;
    3C3A : 6D6C6B6E;
    3C3B : 6E6E6D6D;
    3C3C : 6E6C6D6C;
    3C3D : 6F6E6E6F;
    3C3E : 70706F6E;
    3C3F : 6E6E6F70;
    3C40 : 73737474;
    3C41 : 75727475;
    3C42 : 74737376;
    3C43 : 74747576;
    3C44 : 73737474;
    3C45 : 72727171;
    3C46 : 70707071;
    3C47 : 71717170;
    3C48 : 71707070;
    3C49 : 72717171;
    3C4A : 72727272;
    3C4B : 70707171;
    3C4C : 70717170;
    3C4D : 71717171;
    3C4E : 6E6E6F70;
    3C4F : 6E6E6E6F;
    3C50 : 6E6E6F6F;
    3C51 : 6F6E6E6F;
    3C52 : 6E6D6D6E;
    3C53 : 6E6E6D6C;
    3C54 : 6D6D6B6C;
    3C55 : 696A6A6A;
    3C56 : 65656769;
    3C57 : 61626465;
    3C58 : 62626363;
    3C59 : 61626261;
    3C5A : 63626263;
    3C5B : 62626364;
    3C5C : 64626263;
    3C5D : 63636363;
    3C5E : 63636363;
    3C5F : 62636463;
    3C60 : 63636363;
    3C61 : 62626363;
    3C62 : 61616363;
    3C63 : 64636363;
    3C64 : 64646464;
    3C65 : 64646464;
    3C66 : 63636464;
    3C67 : 64636463;
    3C68 : 65656564;
    3C69 : 66656566;
    3C6A : 65656565;
    3C6B : 65646464;
    3C6C : 64646464;
    3C6D : 64656666;
    3C6E : 67676665;
    3C6F : 67686767;
    3C70 : 68676768;
    3C71 : 69686768;
    3C72 : 69686969;
    3C73 : 69696969;
    3C74 : 6A696968;
    3C75 : 6A69696A;
    3C76 : 6A6A6A6A;
    3C77 : 6B6B6A6A;
    3C78 : 6C6B6A69;
    3C79 : 6B6A6A6B;
    3C7A : 6C6B6A6C;
    3C7B : 6D6D6D6C;
    3C7C : 6D6C6D6C;
    3C7D : 6E6D6D6E;
    3C7E : 6F6E6F6F;
    3C7F : 6E6E6F6F;
    3C80 : 73737474;
    3C81 : 75737474;
    3C82 : 74737376;
    3C83 : 73727374;
    3C84 : 73737373;
    3C85 : 71727171;
    3C86 : 72727172;
    3C87 : 6F707272;
    3C88 : 70707171;
    3C89 : 71707071;
    3C8A : 71717171;
    3C8B : 7271706F;
    3C8C : 70707071;
    3C8D : 7070706F;
    3C8E : 6E6E6E6E;
    3C8F : 6E6F6F6F;
    3C90 : 6D6D6D6D;
    3C91 : 6D6D6D6D;
    3C92 : 6D6E6E6D;
    3C93 : 6B6B6D6D;
    3C94 : 6A6B6B6A;
    3C95 : 696A6B6B;
    3C96 : 67686A6B;
    3C97 : 64656768;
    3C98 : 61616363;
    3C99 : 61626261;
    3C9A : 62626262;
    3C9B : 64636262;
    3C9C : 61626263;
    3C9D : 63636262;
    3C9E : 63636363;
    3C9F : 62636362;
    3CA0 : 63636262;
    3CA1 : 62626363;
    3CA2 : 63626162;
    3CA3 : 64646363;
    3CA4 : 64636363;
    3CA5 : 63636363;
    3CA6 : 64656464;
    3CA7 : 64656664;
    3CA8 : 66666463;
    3CA9 : 66656566;
    3CAA : 65656565;
    3CAB : 66646464;
    3CAC : 65656565;
    3CAD : 64646465;
    3CAE : 65656565;
    3CAF : 67666565;
    3CB0 : 68666667;
    3CB1 : 67676768;
    3CB2 : 68686867;
    3CB3 : 67686868;
    3CB4 : 69696968;
    3CB5 : 6A69696A;
    3CB6 : 69696969;
    3CB7 : 6A6A6A6A;
    3CB8 : 696A6A6A;
    3CB9 : 6B6B6B6B;
    3CBA : 6C6C6A6A;
    3CBB : 6B6B6C6C;
    3CBC : 6C6B6C6C;
    3CBD : 6D6D6D6D;
    3CBE : 6D6D6D6E;
    3CBF : 6E6E6D6D;
    3CC0 : 73737474;
    3CC1 : 71747372;
    3CC2 : 73737372;
    3CC3 : 73727171;
    3CC4 : 72727171;
    3CC5 : 73737272;
    3CC6 : 75747272;
    3CC7 : 6F707272;
    3CC8 : 6F6E6E71;
    3CC9 : 71727271;
    3CCA : 70707070;
    3CCB : 70707070;
    3CCC : 706F6E6F;
    3CCD : 6F6F6E6D;
    3CCE : 6E6E6E6E;
    3CCF : 6E6E706F;
    3CD0 : 6D6D6D6C;
    3CD1 : 6D6C6C6D;
    3CD2 : 6B6D6D6C;
    3CD3 : 6B6B6B6B;
    3CD4 : 696B6B6A;
    3CD5 : 6A6B6B6A;
    3CD6 : 696A6A6B;
    3CD7 : 63656869;
    3CD8 : 61616364;
    3CD9 : 62636362;
    3CDA : 62636362;
    3CDB : 62626162;
    3CDC : 60616262;
    3CDD : 63626261;
    3CDE : 62626262;
    3CDF : 63636261;
    3CE0 : 62626262;
    3CE1 : 61626262;
    3CE2 : 63646263;
    3CE3 : 63636362;
    3CE4 : 63636363;
    3CE5 : 64646464;
    3CE6 : 64646363;
    3CE7 : 63646563;
    3CE8 : 65656463;
    3CE9 : 65666665;
    3CEA : 65656565;
    3CEB : 65646464;
    3CEC : 66666666;
    3CED : 64646565;
    3CEE : 64646565;
    3CEF : 66646566;
    3CF0 : 67656565;
    3CF1 : 67676869;
    3CF2 : 68676666;
    3CF3 : 68686867;
    3CF4 : 69686868;
    3CF5 : 69696969;
    3CF6 : 68696968;
    3CF7 : 6A6A6969;
    3CF8 : 696A6A6A;
    3CF9 : 696A6B6A;
    3CFA : 6B6B6969;
    3CFB : 6A6A6B6C;
    3CFC : 6C6B6C6B;
    3CFD : 6C6C6D6C;
    3CFE : 6D6D6D6C;
    3CFF : 6E6E6D6D;
    3D00 : 74737272;
    3D01 : 71727171;
    3D02 : 70727171;
    3D03 : 7072716F;
    3D04 : 72706F70;
    3D05 : 72727374;
    3D06 : 73727171;
    3D07 : 71707072;
    3D08 : 6F707271;
    3D09 : 72727170;
    3D0A : 70707070;
    3D0B : 6F6F6F6F;
    3D0C : 6D6D6D6E;
    3D0D : 6F6E6D6E;
    3D0E : 6E6D6E6F;
    3D0F : 6D6D6F6F;
    3D10 : 6B6D6E6D;
    3D11 : 6C6B6B6C;
    3D12 : 6A6B6B6B;
    3D13 : 6C6C6B6A;
    3D14 : 6A6A6B6C;
    3D15 : 6A6A6B6B;
    3D16 : 696A6B6B;
    3D17 : 62646768;
    3D18 : 61616363;
    3D19 : 62626261;
    3D1A : 61616162;
    3D1B : 60606161;
    3D1C : 60616160;
    3D1D : 61616160;
    3D1E : 62616161;
    3D1F : 60606263;
    3D20 : 61616262;
    3D21 : 60616162;
    3D22 : 62626262;
    3D23 : 63626162;
    3D24 : 63646564;
    3D25 : 64636363;
    3D26 : 64646463;
    3D27 : 63646464;
    3D28 : 63646463;
    3D29 : 64666464;
    3D2A : 64656463;
    3D2B : 64646565;
    3D2C : 65656464;
    3D2D : 65656565;
    3D2E : 67666565;
    3D2F : 66666666;
    3D30 : 65656566;
    3D31 : 66656565;
    3D32 : 65656665;
    3D33 : 68666866;
    3D34 : 68676768;
    3D35 : 68676868;
    3D36 : 67676868;
    3D37 : 6A696867;
    3D38 : 6A696868;
    3D39 : 69696969;
    3D3A : 6968696A;
    3D3B : 6A6A6A6B;
    3D3C : 6C6B6A6A;
    3D3D : 6B6B6A69;
    3D3E : 6D6D6C6C;
    3D3F : 6C6C6D6E;
    3D40 : 6E72716F;
    3D41 : 71717170;
    3D42 : 71717070;
    3D43 : 706F7071;
    3D44 : 706E6E70;
    3D45 : 71717172;
    3D46 : 71707070;
    3D47 : 71707172;
    3D48 : 6E707070;
    3D49 : 7272706F;
    3D4A : 70707070;
    3D4B : 6E6E6E6E;
    3D4C : 6E6D6C6D;
    3D4D : 6E6D6E6F;
    3D4E : 6D6D6E6F;
    3D4F : 6D6D6D6D;
    3D50 : 6C6C6C6D;
    3D51 : 6A6A6A6A;
    3D52 : 6B6B6B6A;
    3D53 : 6B6B6B6B;
    3D54 : 6B6B6A6A;
    3D55 : 6A6A6B6B;
    3D56 : 69696969;
    3D57 : 64656668;
    3D58 : 61626363;
    3D59 : 62636261;
    3D5A : 63626262;
    3D5B : 60616263;
    3D5C : 61616160;
    3D5D : 5F606060;
    3D5E : 62605F5F;
    3D5F : 60606162;
    3D60 : 60606161;
    3D61 : 60606161;
    3D62 : 62626262;
    3D63 : 62616060;
    3D64 : 62626261;
    3D65 : 62616161;
    3D66 : 63646463;
    3D67 : 63646463;
    3D68 : 63616163;
    3D69 : 64656363;
    3D6A : 64646463;
    3D6B : 63636465;
    3D6C : 64646463;
    3D6D : 65646464;
    3D6E : 67666565;
    3D6F : 66666666;
    3D70 : 63636667;
    3D71 : 65656564;
    3D72 : 66666666;
    3D73 : 67656665;
    3D74 : 67676667;
    3D75 : 65656667;
    3D76 : 66676867;
    3D77 : 69686766;
    3D78 : 6867676A;
    3D79 : 68696868;
    3D7A : 68676869;
    3D7B : 6A6A6A6A;
    3D7C : 6B6B6A69;
    3D7D : 6B6B6A6A;
    3D7E : 6D6C6C6C;
    3D7F : 6C6B6B6C;
    3D80 : 6E6F706F;
    3D81 : 70717170;
    3D82 : 706F6D6F;
    3D83 : 6F6D6D70;
    3D84 : 6F70706F;
    3D85 : 70706F6F;
    3D86 : 71727170;
    3D87 : 6E6E6F6F;
    3D88 : 6F707070;
    3D89 : 6E6F706F;
    3D8A : 6E6E6E6E;
    3D8B : 6D6D6D6D;
    3D8C : 6D6D6C6C;
    3D8D : 6B6B6C6C;
    3D8E : 6C6C6D6D;
    3D8F : 6B6C6B6B;
    3D90 : 6B6B6B6A;
    3D91 : 6A6B6B6A;
    3D92 : 6A6A6A6A;
    3D93 : 69696A6A;
    3D94 : 6B6B6A68;
    3D95 : 69696A6A;
    3D96 : 67666666;
    3D97 : 64656467;
    3D98 : 63636363;
    3D99 : 63646463;
    3D9A : 64636363;
    3D9B : 60616263;
    3D9C : 61616161;
    3D9D : 61616161;
    3D9E : 61616162;
    3D9F : 60605F5F;
    3DA0 : 61616161;
    3DA1 : 60605F5F;
    3DA2 : 61616161;
    3DA3 : 61606262;
    3DA4 : 61616262;
    3DA5 : 62616162;
    3DA6 : 62636362;
    3DA7 : 62626262;
    3DA8 : 63616163;
    3DA9 : 63636362;
    3DAA : 64636263;
    3DAB : 63636263;
    3DAC : 65646464;
    3DAD : 65656565;
    3DAE : 66656464;
    3DAF : 65656565;
    3DB0 : 65646465;
    3DB1 : 65646464;
    3DB2 : 65666565;
    3DB3 : 67676565;
    3DB4 : 66676666;
    3DB5 : 67676565;
    3DB6 : 66686967;
    3DB7 : 68686867;
    3DB8 : 68656669;
    3DB9 : 66666869;
    3DBA : 68676667;
    3DBB : 68696968;
    3DBC : 6A696868;
    3DBD : 6A6A6969;
    3DBE : 6B6B6A6A;
    3DBF : 6C6B6B6B;
    3DC0 : 70707070;
    3DC1 : 70707070;
    3DC2 : 6F6E6D70;
    3DC3 : 6F6E6D6E;
    3DC4 : 71717070;
    3DC5 : 6F6F6E6E;
    3DC6 : 70737270;
    3DC7 : 6E6F6F6F;
    3DC8 : 6F6F6F6E;
    3DC9 : 6D6D6D6D;
    3DCA : 6E6E6E6E;
    3DCB : 6E6E6E6E;
    3DCC : 6B6C6D6C;
    3DCD : 6B6B6B6A;
    3DCE : 696A6B6A;
    3DCF : 696A696B;
    3DD0 : 6A6B6B68;
    3DD1 : 6A6B6B6A;
    3DD2 : 68696B6B;
    3DD3 : 6869696A;
    3DD4 : 696B6A68;
    3DD5 : 67686868;
    3DD6 : 64656566;
    3DD7 : 62646262;
    3DD8 : 63636363;
    3DD9 : 63636462;
    3DDA : 61606161;
    3DDB : 60606161;
    3DDC : 605E5E5F;
    3DDD : 62616162;
    3DDE : 60606162;
    3DDF : 5F605E5F;
    3DE0 : 6160605F;
    3DE1 : 60605F5F;
    3DE2 : 61616161;
    3DE3 : 61616162;
    3DE4 : 62616161;
    3DE5 : 62616161;
    3DE6 : 61626261;
    3DE7 : 60626262;
    3DE8 : 62626262;
    3DE9 : 62616362;
    3DEA : 64626263;
    3DEB : 61636163;
    3DEC : 64636363;
    3DED : 62636565;
    3DEE : 64646363;
    3DEF : 64646464;
    3DF0 : 65646463;
    3DF1 : 64646463;
    3DF2 : 64656464;
    3DF3 : 66666565;
    3DF4 : 65666565;
    3DF5 : 67666565;
    3DF6 : 65676766;
    3DF7 : 66676766;
    3DF8 : 67666666;
    3DF9 : 67666767;
    3DFA : 67676666;
    3DFB : 66676766;
    3DFC : 69696867;
    3DFD : 68686768;
    3DFE : 6B6A6A6A;
    3DFF : 696A6B6B;
    3E00 : 6F707072;
    3E01 : 6F6E6E6F;
    3E02 : 6F6D6E6E;
    3E03 : 716D6E6F;
    3E04 : 71706F6F;
    3E05 : 6E6E6E6E;
    3E06 : 6D6E706E;
    3E07 : 6E6E6D6B;
    3E08 : 6E6D6D6E;
    3E09 : 6C6E6D6D;
    3E0A : 6C6C6C6D;
    3E0B : 6B6B6B6B;
    3E0C : 6B6C6C6C;
    3E0D : 6A6A6C6C;
    3E0E : 68696A6A;
    3E0F : 6969696A;
    3E10 : 6A6B6A6A;
    3E11 : 6A6A6B68;
    3E12 : 68696A6A;
    3E13 : 69696969;
    3E14 : 686A6A69;
    3E15 : 67686867;
    3E16 : 65676667;
    3E17 : 62636465;
    3E18 : 61636162;
    3E19 : 60626260;
    3E1A : 5F5E5E5F;
    3E1B : 5F5F5F5F;
    3E1C : 5F5F5D5D;
    3E1D : 61616161;
    3E1E : 605F5F61;
    3E1F : 5E5E5F60;
    3E20 : 5F60605E;
    3E21 : 60605F5F;
    3E22 : 5F5F5F5F;
    3E23 : 5E5F5F5F;
    3E24 : 5F61605F;
    3E25 : 60606060;
    3E26 : 61606060;
    3E27 : 60626160;
    3E28 : 61616160;
    3E29 : 62616161;
    3E2A : 62626262;
    3E2B : 60616263;
    3E2C : 62616161;
    3E2D : 61636464;
    3E2E : 63646462;
    3E2F : 62626262;
    3E30 : 63636363;
    3E31 : 63636363;
    3E32 : 64646463;
    3E33 : 65656463;
    3E34 : 66666564;
    3E35 : 65656565;
    3E36 : 64666665;
    3E37 : 65666665;
    3E38 : 65676666;
    3E39 : 67656665;
    3E3A : 66666767;
    3E3B : 68676768;
    3E3C : 68676768;
    3E3D : 68686868;
    3E3E : 68696A69;
    3E3F : 6A6A696A;
    3E40 : 6F6F6E70;
    3E41 : 6B6B6B6E;
    3E42 : 6E6D6E6D;
    3E43 : 6F6D6F70;
    3E44 : 706F6E6D;
    3E45 : 6E6E6E6E;
    3E46 : 6E6F6F6D;
    3E47 : 6D6D6D6D;
    3E48 : 6C6D6E6E;
    3E49 : 6C6C6F6D;
    3E4A : 6C6C6B6B;
    3E4B : 6A6A6A69;
    3E4C : 6A6A6A6A;
    3E4D : 69696969;
    3E4E : 6767686A;
    3E4F : 69686869;
    3E50 : 6B6A6969;
    3E51 : 68686969;
    3E52 : 696A6A69;
    3E53 : 69696969;
    3E54 : 69686A69;
    3E55 : 66666769;
    3E56 : 64666666;
    3E57 : 61626364;
    3E58 : 5F626162;
    3E59 : 61615F5F;
    3E5A : 5E5D5E5F;
    3E5B : 60605F5E;
    3E5C : 5F5F5F5F;
    3E5D : 61616160;
    3E5E : 61606061;
    3E5F : 5F615F61;
    3E60 : 5F5F5F5F;
    3E61 : 60605F5F;
    3E62 : 605F5F60;
    3E63 : 5E5F5F5F;
    3E64 : 5F5E5E5F;
    3E65 : 6161605F;
    3E66 : 605F5F60;
    3E67 : 61626160;
    3E68 : 61616060;
    3E69 : 63626060;
    3E6A : 61616161;
    3E6B : 60616060;
    3E6C : 62606161;
    3E6D : 61626262;
    3E6E : 63636363;
    3E6F : 64646363;
    3E70 : 63636363;
    3E71 : 62626262;
    3E72 : 64646463;
    3E73 : 64646363;
    3E74 : 64646463;
    3E75 : 65656565;
    3E76 : 64646464;
    3E77 : 64656564;
    3E78 : 64656565;
    3E79 : 64646364;
    3E7A : 65666666;
    3E7B : 67676768;
    3E7C : 67676767;
    3E7D : 68686767;
    3E7E : 68686767;
    3E7F : 69696868;
    3E80 : 6D6F6E6E;
    3E81 : 6D6B6B6C;
    3E82 : 6E6F6D6C;
    3E83 : 6F6E6D6C;
    3E84 : 6D6D6D6D;
    3E85 : 6D6D6D6D;
    3E86 : 6E6E6E6B;
    3E87 : 6D6C6B6C;
    3E88 : 6C6B6C6D;
    3E89 : 6C6C6E6D;
    3E8A : 6B6B6C6C;
    3E8B : 69696A69;
    3E8C : 6A696969;
    3E8D : 69696868;
    3E8E : 6A686769;
    3E8F : 6A696869;
    3E90 : 6969696A;
    3E91 : 69686969;
    3E92 : 68696867;
    3E93 : 69696969;
    3E94 : 69676869;
    3E95 : 64646669;
    3E96 : 65656468;
    3E97 : 62636363;
    3E98 : 5F606161;
    3E99 : 61605F5F;
    3E9A : 605F5E5F;
    3E9B : 60606161;
    3E9C : 61605F60;
    3E9D : 60606060;
    3E9E : 60605F5E;
    3E9F : 5F5E605F;
    3EA0 : 5F5E5D5D;
    3EA1 : 605F5F5F;
    3EA2 : 605F5F60;
    3EA3 : 5E5F5F5F;
    3EA4 : 5F5E5E5F;
    3EA5 : 60615F5F;
    3EA6 : 605F5F60;
    3EA7 : 5E606060;
    3EA8 : 5F605F5E;
    3EA9 : 61626260;
    3EAA : 60606060;
    3EAB : 60606060;
    3EAC : 63616261;
    3EAD : 62616161;
    3EAE : 63626263;
    3EAF : 63636464;
    3EB0 : 63636363;
    3EB1 : 63636363;
    3EB2 : 64636363;
    3EB3 : 62626363;
    3EB4 : 62636463;
    3EB5 : 63636363;
    3EB6 : 63626162;
    3EB7 : 63646463;
    3EB8 : 64656564;
    3EB9 : 64656464;
    3EBA : 65646464;
    3EBB : 66656566;
    3EBC : 67656567;
    3EBD : 67676666;
    3EBE : 68686767;
    3EBF : 69686868;
    3EC0 : 6B6D6D6E;
    3EC1 : 6D6C6B6B;
    3EC2 : 6D6F6C6A;
    3EC3 : 6C6E6C6C;
    3EC4 : 6B6C6C6C;
    3EC5 : 6C6C6C6C;
    3EC6 : 6C6C6C6A;
    3EC7 : 6B6D6D6C;
    3EC8 : 6C6C6D6C;
    3EC9 : 6C6D6B6B;
    3ECA : 6B6B6B6A;
    3ECB : 66666A69;
    3ECC : 6A6A6968;
    3ECD : 6A6A6969;
    3ECE : 68676669;
    3ECF : 68676565;
    3ED0 : 69696868;
    3ED1 : 6767696A;
    3ED2 : 68696868;
    3ED3 : 68686868;
    3ED4 : 66666668;
    3ED5 : 63656666;
    3ED6 : 61646464;
    3ED7 : 60626260;
    3ED8 : 60606160;
    3ED9 : 5F61615F;
    3EDA : 64636160;
    3EDB : 62626262;
    3EDC : 60606162;
    3EDD : 5F5F6060;
    3EDE : 5D5F6060;
    3EDF : 5E5E5E5E;
    3EE0 : 5D5D5C5D;
    3EE1 : 5E5E5E5D;
    3EE2 : 5E5D5D5E;
    3EE3 : 5E5F5F5F;
    3EE4 : 5E5F605E;
    3EE5 : 5F5E5E5E;
    3EE6 : 5F5E5E5F;
    3EE7 : 5E606060;
    3EE8 : 5F5E5E5E;
    3EE9 : 5E60615F;
    3EEA : 60606060;
    3EEB : 5F5F5F5F;
    3EEC : 62606161;
    3EED : 615F6061;
    3EEE : 62616162;
    3EEF : 62626262;
    3EF0 : 62626262;
    3EF1 : 62626262;
    3EF2 : 63636362;
    3EF3 : 62636364;
    3EF4 : 64646362;
    3EF5 : 63636363;
    3EF6 : 63616061;
    3EF7 : 63626263;
    3EF8 : 64656565;
    3EF9 : 64646663;
    3EFA : 65646363;
    3EFB : 65656566;
    3EFC : 66656566;
    3EFD : 66666666;
    3EFE : 67666667;
    3EFF : 67676666;
    3F00 : 6A6B6C6B;
    3F01 : 6A6A6A6B;
    3F02 : 6A6C6B69;
    3F03 : 6D6A6869;
    3F04 : 6B6C6D6D;
    3F05 : 6C6A6C6C;
    3F06 : 6C6B6A69;
    3F07 : 6B6B6B6B;
    3F08 : 6B6B6B6B;
    3F09 : 6A6A6A6A;
    3F0A : 6B6A6B68;
    3F0B : 6868696B;
    3F0C : 6A6A6A68;
    3F0D : 69696A6B;
    3F0E : 67676969;
    3F0F : 66656565;
    3F10 : 68676667;
    3F11 : 66686867;
    3F12 : 67686969;
    3F13 : 69696867;
    3F14 : 64656666;
    3F15 : 64646464;
    3F16 : 60616263;
    3F17 : 60616060;
    3F18 : 60606160;
    3F19 : 615F5F60;
    3F1A : 64636363;
    3F1B : 63636263;
    3F1C : 5F5F6163;
    3F1D : 5E5E6060;
    3F1E : 5D5E5E60;
    3F1F : 5B5E5D5C;
    3F20 : 5C5D5D5A;
    3F21 : 5E5E5D5D;
    3F22 : 5D5D5E5E;
    3F23 : 5D605F5C;
    3F24 : 5D5E5F5D;
    3F25 : 5E5C5C5E;
    3F26 : 5E5E5F5E;
    3F27 : 5E5F5F5F;
    3F28 : 5F5F5E5E;
    3F29 : 5F5E5E5E;
    3F2A : 5F5E5F61;
    3F2B : 5F5F5F5F;
    3F2C : 6061605F;
    3F2D : 61605F60;
    3F2E : 5F5F6062;
    3F2F : 60616061;
    3F30 : 60606060;
    3F31 : 62626262;
    3F32 : 63636262;
    3F33 : 63626262;
    3F34 : 61616161;
    3F35 : 61616161;
    3F36 : 62616161;
    3F37 : 63626262;
    3F38 : 64646564;
    3F39 : 64646564;
    3F3A : 63636464;
    3F3B : 64656564;
    3F3C : 65666564;
    3F3D : 66676565;
    3F3E : 67666666;
    3F3F : 64656665;
    3F40 : 6B6C6D6B;
    3F41 : 6A6C6B6B;
    3F42 : 6C6C6C6B;
    3F43 : 6D6B6B6B;
    3F44 : 6B6C6C6C;
    3F45 : 6C6C6C6C;
    3F46 : 6B6C6B6C;
    3F47 : 6C6B6B6A;
    3F48 : 6B6B6B6C;
    3F49 : 69696A6A;
    3F4A : 6A6A6B6A;
    3F4B : 6968686B;
    3F4C : 68676967;
    3F4D : 6868696A;
    3F4E : 65676667;
    3F4F : 65666765;
    3F50 : 67676766;
    3F51 : 67696867;
    3F52 : 67686868;
    3F53 : 68686766;
    3F54 : 64666666;
    3F55 : 62636463;
    3F56 : 60606060;
    3F57 : 61616160;
    3F58 : 61616160;
    3F59 : 635F5F61;
    3F5A : 63636362;
    3F5B : 63636164;
    3F5C : 5F606061;
    3F5D : 5C5E5F5E;
    3F5E : 5B5C5C5E;
    3F5F : 5A5D5C5B;
    3F60 : 5D5D5C59;
    3F61 : 5E5E5D5D;
    3F62 : 5D5D5E5E;
    3F63 : 5D5D5D5C;
    3F64 : 5E5E5D5C;
    3F65 : 5D5C5C5E;
    3F66 : 5E5E5E5D;
    3F67 : 5D5D5E5E;
    3F68 : 5E5F5E5E;
    3F69 : 5F5D5D5E;
    3F6A : 605F5F60;
    3F6B : 5F5F5F5F;
    3F6C : 61616160;
    3F6D : 61605E5F;
    3F6E : 605F5F60;
    3F6F : 5F606061;
    3F70 : 60606060;
    3F71 : 61616161;
    3F72 : 61616061;
    3F73 : 62616161;
    3F74 : 60606060;
    3F75 : 61616161;
    3F76 : 61606061;
    3F77 : 64636161;
    3F78 : 63636363;
    3F79 : 63636363;
    3F7A : 63636464;
    3F7B : 64656564;
    3F7C : 64646362;
    3F7D : 65666464;
    3F7E : 66646465;
    3F7F : 65656665;
    3F80 : 6A6B6C6C;
    3F81 : 696B6B6A;
    3F82 : 6B6B6A6A;
    3F83 : 6C6B6A69;
    3F84 : 6B6B6B6A;
    3F85 : 6B6C6B6A;
    3F86 : 6A6A6C6C;
    3F87 : 6C6C6B6B;
    3F88 : 6B6A6A6B;
    3F89 : 6A6A6A6A;
    3F8A : 6A6B6A6A;
    3F8B : 6968686A;
    3F8C : 69696A69;
    3F8D : 67666768;
    3F8E : 68696768;
    3F8F : 66676867;
    3F90 : 66666665;
    3F91 : 68686666;
    3F92 : 68686767;
    3F93 : 65676867;
    3F94 : 64656666;
    3F95 : 62616263;
    3F96 : 5F5F6162;
    3F97 : 605F5F5F;
    3F98 : 62626260;
    3F99 : 63606162;
    3F9A : 62616162;
    3F9B : 60626062;
    3F9C : 5C5E5F60;
    3F9D : 5C5C5C5C;
    3F9E : 5B5C5B5D;
    3F9F : 5C5C5B5A;
    3FA0 : 5C5D5C5B;
    3FA1 : 5D5D5C5C;
    3FA2 : 5C5C5D5D;
    3FA3 : 5E5D5D5D;
    3FA4 : 5C5C5D5E;
    3FA5 : 5D5D5D5D;
    3FA6 : 5D5C5C5D;
    3FA7 : 5E5E5E5D;
    3FA8 : 5D5E5D5E;
    3FA9 : 5E5D5D5D;
    3FAA : 5F5F5E5E;
    3FAB : 5F5F5F5F;
    3FAC : 615F5E5E;
    3FAD : 5F5F5F60;
    3FAE : 605F5E5F;
    3FAF : 5E5E5F5F;
    3FB0 : 5F5F5F5F;
    3FB1 : 60606060;
    3FB2 : 60606161;
    3FB3 : 61626262;
    3FB4 : 61616161;
    3FB5 : 60606060;
    3FB6 : 605F5F5F;
    3FB7 : 6261605F;
    3FB8 : 63636363;
    3FB9 : 63636363;
    3FBA : 64646363;
    3FBB : 64636364;
    3FBC : 62636464;
    3FBD : 65666463;
    3FBE : 65636363;
    3FBF : 64636465;
    3FC0 : 69686A6D;
    3FC1 : 6969696A;
    3FC2 : 69686868;
    3FC3 : 6A6A6B6A;
    3FC4 : 6C6C6B6A;
    3FC5 : 6B6E6B6A;
    3FC6 : 6A696A6A;
    3FC7 : 6A6A6A69;
    3FC8 : 6B6A696A;
    3FC9 : 6A6A6A6A;
    3FCA : 686B6A6A;
    3FCB : 696A6868;
    3FCC : 69696A68;
    3FCD : 67676769;
    3FCE : 69676867;
    3FCF : 6767686A;
    3FD0 : 67656566;
    3FD1 : 68666565;
    3FD2 : 68676766;
    3FD3 : 64666767;
    3FD4 : 63646565;
    3FD5 : 61626161;
    3FD6 : 5E5E5F5F;
    3FD7 : 5F5E5E5E;
    3FD8 : 6161615F;
    3FD9 : 62616261;
    3FDA : 61606161;
    3FDB : 5E5E5F61;
    3FDC : 5B5C5D5E;
    3FDD : 5C5A5A5B;
    3FDE : 5B5C5B5C;
    3FDF : 5D5B5C5A;
    3FE0 : 5B5C5D5C;
    3FE1 : 5D5D5C5C;
    3FE2 : 5C5C5D5D;
    3FE3 : 5D5D5D5C;
    3FE4 : 5D5C5C5D;
    3FE5 : 5D5D5D5D;
    3FE6 : 5C5A5B5D;
    3FE7 : 5E5E5D5C;
    3FE8 : 5C5D5D5F;
    3FE9 : 5E5D5D5D;
    3FEA : 5E5E5E5D;
    3FEB : 5F5F5F5F;
    3FEC : 5E5D5D5F;
    3FED : 5F5F5E5E;
    3FEE : 5F5F5E5F;
    3FEF : 5E5D5F5F;
    3FF0 : 5F5F5F5F;
    3FF1 : 5F5F5F5F;
    3FF2 : 5F5F6060;
    3FF3 : 60606162;
    3FF4 : 61616161;
    3FF5 : 60606060;
    3FF6 : 605F5E5F;
    3FF7 : 61616160;
    3FF8 : 62626262;
    3FF9 : 62626262;
    3FFA : 64646363;
    3FFB : 64636364;
    3FFC : 62636464;
    3FFD : 64656262;
    3FFE : 65636363;
    3FFF : 64636465;
END;
